<?xml version="1.0" encoding="UTF-8"?>
<document>
<type>mainstream</type>
<forum>http://www.boerse.sx/external.php?type=RSS2</forum>
<forum_title>Boerse.SX Boerse.BZ Alternative</forum_title>
<discussion_title>Rio Summer Olympics 2016 Womens Basketball Finals France vs Serbia 480p x264 - mSD</discussion_title>
<language>english</language>
<gmt_offset></gmt_offset>
<topic_url>http://www.boerse.sx/boerse/videoboerse/sonstiges/1178167-rio-summer-olympics-2016-womens-basketball-finals-france-vs-serbia-480p-x264-msd.html</topic_url>
<topic_text>
nfo: Code: [Title] Rio.Summer.Olympics.2016.Womens.Basketball.Finals.France.vs.Serbia.480p.x264-mSD [/Title] [pre] Rio.Summer.Olympics.2016.Womens.Basketball.Finals.France.vs.Serbia.480p.x264-mSD.mkv Duration : 02:41:04 Release size : 1.70 GB Video Bitrate : 1 362 Kbps Frame rate : 50.000 Fps MP3 2ch CBR : 128 kbps Video resolution : 640x480 (16:9) Extra infos Format: Matroska / WebM Encoder: Lavf57.36.100 Video info Frame rate: 50/1 Bits per raw sample: 8 Codec name: H.264 / AVC / MPEG-4 AVC / MPEG-4 part 10 Codec type: video Codec height: 480 Codec width: 640 Display ratio: 16:9 Pixel format: yuv420p Profile: High Language: Audio info Bitrate: 128000 Channel layout: stereo Codec name: mp3 Codec type: audio Sample fmt: s16p Sample rate: 48000 [/pre] screens Update your Players! mSD Recommends: CCCP / VLC. VSFilter for subs! Uploaded.net http://uploaded.net/file/ohkpb05q http://uploaded.net/file/1l3lhc5w http://uploaded.net/file/5d93cpcr http://uploaded.net/file/e29tmlem http://uploaded.net/file/z9gf66vq http://uploaded.net/file/mqng33sb http://uploaded.net/file/0j6gkact http://uploaded.net/file/sqk79fzx http://uploaded.net/file/xj0lrog9 http://uploaded.net/file/h90ghl42 http://uploaded.net/file/l7jv4xo4 http://uploaded.net/file/7uqhbn7v http://uploaded.net/file/kml8efob Openload.co https://openload.co/f/46EaqysSPng/RSO21WBFFS40x6D.part01.rar https://openload.co/f/eTxNLmnLDGY/RSO21WBFFS40x6D.part02.rar https://openload.co/f/y-J0bx8giNg/RSO21WBFFS40x6D.part03.rar https://openload.co/f/r5Q-QvHDRRU/RSO21WBFFS40x6D.part04.rar https://openload.co/f/R9ytjp_V4h8/RSO21WBFFS40x6D.part05.rar https://openload.co/f/bm6OrHdKEvY/RSO21WBFFS40x6D.part06.rar https://openload.co/f/ACRlv7kbBHs/RSO21WBFFS40x6D.part07.rar https://openload.co/f/ukxRS6wJTPQ/RSO21WBFFS40x6D.part08.rar https://openload.co/f/_eHdCq1HvNQ/RSO21WBFFS40x6D.part09.rar https://openload.co/f/uuB5TRuBw1I/RSO21WBFFS40x6D.part10.rar https://openload.co/f/45PmRAvJfng/RSO21WBFFS40x6D.part11.rar https://openload.co/f/kxJ8Jd7KXXI/RSO21WBFFS40x6D.part12.rar https://openload.co/f/Wcm40xmp08k/RSO21WBFFS40x6D.part13.rar .
</topic_text>
<spam_score>0.00</spam_score>
<post_num>1</post_num>
<post_id>post-1</post_id>
<post_url>http://www.boerse.sx/boerse/videoboerse/sonstiges/1178167-rio-summer-olympics-2016-womens-basketball-finals-france-vs-serbia-480p-x264-msd.html</post_url>
<post_date>20160821</post_date>
<post_time>1714</post_time>
<username>MarioAndretti83</username>
<post>
nfo: Code: [Title] Rio.Summer.Olympics.2016.Womens.Basketball.Finals.France.vs.Serbia.480p.x264-mSD [/Title] [pre] Rio.Summer.Olympics.2016.Womens.Basketball.Finals.France.vs.Serbia.480p.x264-mSD.mkv Duration : 02:41:04 Release size : 1.70 GB Video Bitrate : 1 362 Kbps Frame rate : 50.000 Fps MP3 2ch CBR : 128 kbps Video resolution : 640x480 (16:9) Extra infos Format: Matroska / WebM Encoder: Lavf57.36.100 Video info Frame rate: 50/1 Bits per raw sample: 8 Codec name: H.264 / AVC / MPEG-4 AVC / MPEG-4 part 10 Codec type: video Codec height: 480 Codec width: 640 Display ratio: 16:9 Pixel format: yuv420p Profile: High Language: Audio info Bitrate: 128000 Channel layout: stereo Codec name: mp3 Codec type: audio Sample fmt: s16p Sample rate: 48000 [/pre] screens Update your Players! mSD Recommends: CCCP / VLC. VSFilter for subs! Uploaded.net http://uploaded.net/file/ohkpb05q http://uploaded.net/file/1l3lhc5w http://uploaded.net/file/5d93cpcr http://uploaded.net/file/e29tmlem http://uploaded.net/file/z9gf66vq http://uploaded.net/file/mqng33sb http://uploaded.net/file/0j6gkact http://uploaded.net/file/sqk79fzx http://uploaded.net/file/xj0lrog9 http://uploaded.net/file/h90ghl42 http://uploaded.net/file/l7jv4xo4 http://uploaded.net/file/7uqhbn7v http://uploaded.net/file/kml8efob Openload.co https://openload.co/f/46EaqysSPng/RSO21WBFFS40x6D.part01.rar https://openload.co/f/eTxNLmnLDGY/RSO21WBFFS40x6D.part02.rar https://openload.co/f/y-J0bx8giNg/RSO21WBFFS40x6D.part03.rar https://openload.co/f/r5Q-QvHDRRU/RSO21WBFFS40x6D.part04.rar https://openload.co/f/R9ytjp_V4h8/RSO21WBFFS40x6D.part05.rar https://openload.co/f/bm6OrHdKEvY/RSO21WBFFS40x6D.part06.rar https://openload.co/f/ACRlv7kbBHs/RSO21WBFFS40x6D.part07.rar https://openload.co/f/ukxRS6wJTPQ/RSO21WBFFS40x6D.part08.rar https://openload.co/f/_eHdCq1HvNQ/RSO21WBFFS40x6D.part09.rar https://openload.co/f/uuB5TRuBw1I/RSO21WBFFS40x6D.part10.rar https://openload.co/f/45PmRAvJfng/RSO21WBFFS40x6D.part11.rar https://openload.co/f/kxJ8Jd7KXXI/RSO21WBFFS40x6D.part12.rar https://openload.co/f/Wcm40xmp08k/RSO21WBFFS40x6D.part13.rar .
</post>
<signature>

</signature>
<external_links>

</external_links>
<country>SX</country>
<main_image></main_image>
</document>
