<?xml version="1.0" encoding="UTF-8"?>
<document>
<type>mainstream</type>
<forum>http://ibarakinews.jp/news/acs.rss</forum>
<forum_title>茨城新聞ACS</forum_title>
<discussion_title>笠原水源の環境観察 水戸ジオツアー、水湧出の仕組み学ぶ</discussion_title>
<language>japanese</language>
<gmt_offset></gmt_offset>
<topic_url>http://this.kiji.is/140188762933051393</topic_url>
<topic_text>
ジオツアーで逆川沿いの湧水地などを見て回る参加者ら=水戸市千波町 水戸市の逆川(さかさがわ)沿いを歩きながら、「笠原水源」などの水辺環境や地質を観察するジオツアーが21日、同市千波町の逆川緑地で行われた。参加者15人が、湧水地や江戸時代に敷設された笠原水道跡などを見て回り、水戸の台地の成り立ちや豊富な水が湧き出る仕組みを学んだ。 
日本ジオパークに認定されている県北ジオパークの活動の一環で、同推進協議会がツアーを企画した。 
逆川は台地の砂れき層から湧き出た地下水を源流とする。中でも笠原水源近辺は湧水量が豊富で、吉田神社付近まで約7キロにわたり設置された笠原水道の水源となった。ツアーでは、緑地内に残る当時の水道管路の「岩樋(いわひ)」も見学した。 
ガイド役のインタープリター、西原昇治さんは「下流に行くほど、湧き水で水量が増えるのが逆川の特徴。湧き水が多いと川は元気になる」と説明した。 
ツアーに参加した県立友部東特別支援学校中学部2年の橋本花梨(かりん)さん(13)は「逆川のいろいろな話が聞けて、勉強になった」と話した。 (松下倫)
</topic_text>
<spam_score>0.00</spam_score>
<post_num>1</post_num>
<post_id>post-1</post_id>
<post_url>http://this.kiji.is/140188762933051393</post_url>
<post_date>20160821</post_date>
<post_time>2037</post_time>
<username></username>
<post>
ジオツアーで逆川沿いの湧水地などを見て回る参加者ら=水戸市千波町 水戸市の逆川(さかさがわ)沿いを歩きながら、「笠原水源」などの水辺環境や地質を観察するジオツアーが21日、同市千波町の逆川緑地で行われた。参加者15人が、湧水地や江戸時代に敷設された笠原水道跡などを見て回り、水戸の台地の成り立ちや豊富な水が湧き出る仕組みを学んだ。 
日本ジオパークに認定されている県北ジオパークの活動の一環で、同推進協議会がツアーを企画した。 
逆川は台地の砂れき層から湧き出た地下水を源流とする。中でも笠原水源近辺は湧水量が豊富で、吉田神社付近まで約7キロにわたり設置された笠原水道の水源となった。ツアーでは、緑地内に残る当時の水道管路の「岩樋(いわひ)」も見学した。 
ガイド役のインタープリター、西原昇治さんは「下流に行くほど、湧き水で水量が増えるのが逆川の特徴。湧き水が多いと川は元気になる」と説明した。 
ツアーに参加した県立友部東特別支援学校中学部2年の橋本花梨(かりん)さん(13)は「逆川のいろいろな話が聞けて、勉強になった」と話した。 (松下倫)
</post>
<signature>

</signature>
<external_links>

</external_links>
<country>JP</country>
<main_image>http://giwiz-nor.c.yimg.jp/im_sigg8m8BfBl_K_lYOCTmqPjVwQ---exp3h/r/iwiz-nor/ch/images/140188747425908218/origin_1.jpg</main_image>
</document>
