<?xml version="1.0" encoding="UTF-8"?>
<document>
<type>mainstream</type>
<forum>http://www.aa.com.tr/rss/ajansgunceleng.xml</forum>
<forum_title>Anadolu Ajansı Güncel Haberler</forum_title>
<discussion_title>Libya&apos;da 2 bölge daha DAEŞ&apos;ten kurtarıldı</discussion_title>
<language>turkish</language>
<gmt_offset></gmt_offset>
<topic_url>http://aa.com.tr/tr/dunya/libyada-2-bolge-daha-daesten-kurtarildi/632796</topic_url>
<topic_text>
македонски Libya&apos;da 2 bölge daha DAEŞ&apos;ten kurtarıldı 
Libya&apos;da Ulusal Mutabakat Hükümetine bağlı birliklerin, terör örgütü DAEŞ&apos;e karşı yürütülen operasyon kapsamında Sirte kentinde yeni bölgeleri ele geçirdiği bildirildi. Fransız uçakları Suriye&apos;de DAEŞ&apos;in silah depolarını vurdu &apos;Türkiye DAEŞ&apos;e yardım etti&apos; diyen Türkiye düşmanıdır&apos; DAEŞ&apos;in elindeki Havice&apos;den mayınlardan geçerek kaçıyorlar Suriyeli muhalifler Cerablus için operasyon hazırlığına başladı Üst düzey örgüt yöneticileri dahil 19 DAEŞ militanı öldürüldü 
TRABLUS 
Libya&apos;da Ulusal Mutabakat Hükümeti ne (UMH) bağlı birliklerin, terör örgütü DAEŞ &apos;e karşı yürütülen &quot;El-Bunyan el-Mersus&quot; operasyonu kapsamında Sirte kentinde yeni bölgeleri ele geçirdiği bildirildi. 
&quot;El-Bunyan el-Mersus&quot; Sözcüsü Muhammed el-Gasri, AA muhabirine yaptığı açıklamada, Sirte&apos;nin kuzeyindeki 1. ve 3. mahalleler arasında yer alan En-Naka ve Eş-Şabiyye mahallelerinin yaşanan çatışmaların ardından ele geçirildiğini söyledi. 
DAEŞ militanlarının 3. Mahalle&apos;ye doğru çekildiğini belirten Gasri, çatışmaların yaşandığı mahallelerde 10&apos;dan fazla militanın cesedine ulaştıklarını, &quot;El-Bunyan el-Mersus&quot; birliklerinden de 7 kişinin hayatını kaybettiğini, 40&apos;tan fazlasının yaralandığını aktardı. 
Gasri, kentte DAEŞ kontrolünde sadece 3. Mahalle ile 1. Mahalle&apos;nin doğu kısmının kaldığını dile getirdi. 
Mısrata Merkez Hastanesi Basın Sözcüsü Ekram Akliyun ise UMH hükümetine bağlı birliklerden 9 kişinin öldüğünü, 85 kişinin de yaralandığını ifade etti. 
UMH, DAEŞ&apos;in Sirte&apos;deki varlığına son vermek amacıyla geçen mayıs ayında &quot;El-Bunyan el-Mersus&quot; operasyonunu başlatmıştı. 
Muhabir: Üsame Ali, Muhammed Abdulaziz, Gülşen Topçu
</topic_text>
<spam_score>0.00</spam_score>
<post_num>1</post_num>
<post_id>post-1</post_id>
<post_url>http://aa.com.tr/tr/dunya/libyada-2-bolge-daha-daesten-kurtarildi/632796</post_url>
<post_date>20160821</post_date>
<post_time>2034</post_time>
<username></username>
<post>
македонски Libya&apos;da 2 bölge daha DAEŞ&apos;ten kurtarıldı 
Libya&apos;da Ulusal Mutabakat Hükümetine bağlı birliklerin, terör örgütü DAEŞ&apos;e karşı yürütülen operasyon kapsamında Sirte kentinde yeni bölgeleri ele geçirdiği bildirildi. Fransız uçakları Suriye&apos;de DAEŞ&apos;in silah depolarını vurdu &apos;Türkiye DAEŞ&apos;e yardım etti&apos; diyen Türkiye düşmanıdır&apos; DAEŞ&apos;in elindeki Havice&apos;den mayınlardan geçerek kaçıyorlar Suriyeli muhalifler Cerablus için operasyon hazırlığına başladı Üst düzey örgüt yöneticileri dahil 19 DAEŞ militanı öldürüldü 
TRABLUS 
Libya&apos;da Ulusal Mutabakat Hükümeti ne (UMH) bağlı birliklerin, terör örgütü DAEŞ &apos;e karşı yürütülen &quot;El-Bunyan el-Mersus&quot; operasyonu kapsamında Sirte kentinde yeni bölgeleri ele geçirdiği bildirildi. 
&quot;El-Bunyan el-Mersus&quot; Sözcüsü Muhammed el-Gasri, AA muhabirine yaptığı açıklamada, Sirte&apos;nin kuzeyindeki 1. ve 3. mahalleler arasında yer alan En-Naka ve Eş-Şabiyye mahallelerinin yaşanan çatışmaların ardından ele geçirildiğini söyledi. 
DAEŞ militanlarının 3. Mahalle&apos;ye doğru çekildiğini belirten Gasri, çatışmaların yaşandığı mahallelerde 10&apos;dan fazla militanın cesedine ulaştıklarını, &quot;El-Bunyan el-Mersus&quot; birliklerinden de 7 kişinin hayatını kaybettiğini, 40&apos;tan fazlasının yaralandığını aktardı. 
Gasri, kentte DAEŞ kontrolünde sadece 3. Mahalle ile 1. Mahalle&apos;nin doğu kısmının kaldığını dile getirdi. 
Mısrata Merkez Hastanesi Basın Sözcüsü Ekram Akliyun ise UMH hükümetine bağlı birliklerden 9 kişinin öldüğünü, 85 kişinin de yaralandığını ifade etti. 
UMH, DAEŞ&apos;in Sirte&apos;deki varlığına son vermek amacıyla geçen mayıs ayında &quot;El-Bunyan el-Mersus&quot; operasyonunu başlatmıştı. 
Muhabir: Üsame Ali, Muhammed Abdulaziz, Gülşen Topçu
</post>
<signature>

</signature>
<external_links>

</external_links>
<country>TR</country>
<main_image>http://aa.com.tr/uploads/Contents/2016/08/21/thumbs_b_c_e5f6d40174abd9e3f9e59db6ac8f7214.jpg</main_image>
</document>
