<?xml version="1.0" encoding="UTF-8"?>
<document>
<type>mainstream</type>
<forum>http://www.chinadaily.com.cn/</forum>
<forum_title>China Daily Website - Connecting China Connecting the World</forum_title>
<discussion_title>Singapore&apos;s PM Lee Hsien Loong ill while speaking at National Day Rally - World -</discussion_title>
<language>english</language>
<gmt_offset></gmt_offset>
<topic_url>http://www.chinadaily.com.cn/world/2016-08/21/content_26549496.htm</topic_url>
<topic_text>
SINGAPORE -- Singapore&apos;s Prime Minister Lee Hsien Loong took ill while speaking at National Day Rally on Sunday,said the Prime Minister&apos;s Office (PMO).
PMO said the medical team is attending to him right now. They assess that his condition is not serious. PMO will update in due course.
</topic_text>
<spam_score>0.00</spam_score>
<post_num>1</post_num>
<post_id>post-1</post_id>
<post_url>http://www.chinadaily.com.cn/world/2016-08/21/content_26549496.htm</post_url>
<post_date>20160821</post_date>
<post_time></post_time>
<username>Chinadaily</username>
<post>
SINGAPORE -- Singapore&apos;s Prime Minister Lee Hsien Loong took ill while speaking at National Day Rally on Sunday,said the Prime Minister&apos;s Office (PMO).
PMO said the medical team is attending to him right now. They assess that his condition is not serious. PMO will update in due course.
</post>
<signature>

</signature>
<external_links>

</external_links>
<country>CN</country>
<main_image></main_image>
</document>
