<?xml version="1.0" encoding="UTF-8"?>
<document>
<type>mainstream</type>
<forum></forum>
<forum_title></forum_title>
<discussion_title>Rio 2016, vince il Brasile: sfuma ancora l&apos;oro per l&apos;Italia del volley - Repubblica.it</discussion_title>
<language>italian</language>
<gmt_offset></gmt_offset>
<topic_url>http://www.repubblica.it/speciali/olimpiadi/rio2016/2016/08/21/foto/rio_2016_vince_il_brasile_sfuma_ancora_l_oro_per_l_italia_del_volley-146394853/1/</topic_url>
<topic_text>
(lapresse) (lapresse) Troppo forte il Brasile: finisce con una sconfitta per l&apos;Italia la finale olimpica della pallavolo maschile. Sfuma ancora una volta l&apos;oro per gli azzurri, che nel loro palmares aggiungono un terzo argento dopo quelli di Atlanta 1996 e Atene 2004, ai quali vanno sommate le medaglie di bronzo portate a casa da Los Angeles nel 1984, da Sydney nel 200 e dalla più recente competizione di Londra nel 2012 21 agosto 2016 
</topic_text>
<spam_score>0.66</spam_score>
<post_num>1</post_num>
<post_id>post-1</post_id>
<post_url>http://www.repubblica.it/speciali/olimpiadi/rio2016/2016/08/21/foto/rio_2016_vince_il_brasile_sfuma_ancora_l_oro_per_l_italia_del_volley-146394853/1/</post_url>
<post_date>20160821</post_date>
<post_time></post_time>
<username></username>
<post>
(lapresse) (lapresse) Troppo forte il Brasile: finisce con una sconfitta per l&apos;Italia la finale olimpica della pallavolo maschile. Sfuma ancora una volta l&apos;oro per gli azzurri, che nel loro palmares aggiungono un terzo argento dopo quelli di Atlanta 1996 e Atene 2004, ai quali vanno sommate le medaglie di bronzo portate a casa da Los Angeles nel 1984, da Sydney nel 200 e dalla più recente competizione di Londra nel 2012 21 agosto 2016 
</post>
<signature>

</signature>
<external_links>

</external_links>
<country>IT</country>
<main_image>https://www.repstatic.it/content/nazionale/img/2016/08/21/193732632-a344327b-eafa-4ff7-9ada-447a53205b55.jpg</main_image>
</document>
