<?xml version="1.0" encoding="UTF-8"?>
<document>
<type>mainstream</type>
<forum>http://www.keski-uusimaa.fi/rss.xml</forum>
<forum_title>Etusivun syöte</forum_title>
<discussion_title>KiPe06 tasoitti välieräsarjan jännitysnäytelmässä</discussion_title>
<language>finnish</language>
<gmt_offset></gmt_offset>
<topic_url>http://www.keski-uusimaa.fi/artikkeli/425022-kipe06-tasoitti-valierasarjan-jannitysnaytelmassa</topic_url>
<topic_text>
KiPe06:n Petri Kallela oli pelipäällä suomensarjan etelälohkon 2. välieräottelussa. Mikko Mannonen 
Oletko näköislehden ja verkkopalvelun tilaaja? Jos, klikkaa TÄSTÄ . Eikö sinulla ole vielä tilausta? Tee tilaus TÄÄLTÄ .
</topic_text>
<spam_score>0.00</spam_score>
<post_num>1</post_num>
<post_id>post-1</post_id>
<post_url>http://www.keski-uusimaa.fi/artikkeli/425022-kipe06-tasoitti-valierasarjan-jannitysnaytelmassa</post_url>
<post_date>20160821</post_date>
<post_time>1835</post_time>
<username></username>
<post>
KiPe06:n Petri Kallela oli pelipäällä suomensarjan etelälohkon 2. välieräottelussa. Mikko Mannonen 
Oletko näköislehden ja verkkopalvelun tilaaja? Jos, klikkaa TÄSTÄ . Eikö sinulla ole vielä tilausta? Tee tilaus TÄÄLTÄ .
</post>
<signature>

</signature>
<external_links>

</external_links>
<country>FI</country>
<main_image>http://www.keski-uusimaa.fi/sites/default/files/styles/article/public/neo/files/1102928.JPG?itok=8Hz05qYt</main_image>
</document>
