<?xml version="1.0" encoding="UTF-8"?>
<document>
<type>mainstream</type>
<forum></forum>
<forum_title></forum_title>
<discussion_title>Samsung UN55JU6500 - 55-Inch 4K Ultra HD Smart LED HDTV Consumer Electronics | TV, Video &amp; Home Audio | Televisions</discussion_title>
<language>english</language>
<gmt_offset></gmt_offset>
<topic_url>https://www.bittopper.com/item/273668662eb66a18711209fb89b6b014da8d26/</topic_url>
<topic_text>
Select an image for your listing You are not currently signed in. This post can&apos;t be edited or deleted. Sign in Submit from a website 
</topic_text>
<spam_score>0.18</spam_score>
<post_num>1</post_num>
<post_id>post-1</post_id>
<post_url>https://www.bittopper.com/item/273668662eb66a18711209fb89b6b014da8d26/</post_url>
<post_date>20150821</post_date>
<post_time></post_time>
<username></username>
<post>
Select an image for your listing You are not currently signed in. This post can&apos;t be edited or deleted. Sign in Submit from a website 
</post>
<signature>

</signature>
<external_links>

</external_links>
<country>US</country>
<main_image>https://www.bittopper.com/c/98/84/68/bittopper_988468b6bc5bb320ed838674c70b3279-samsung-un55ju6500-55-inch-4k-ultra-hd-smart-led-hdtv.jpg</main_image>
</document>
