<?xml version="1.0" encoding="UTF-8"?>
<document>
<type>mainstream</type>
<forum></forum>
<forum_title></forum_title>
<discussion_title>Report: Espanyol spurns Tottenham&apos;s advances for Pau Lopez – Spurs News 24</discussion_title>
<language>english</language>
<gmt_offset></gmt_offset>
<topic_url>http://www.spursnews24.com/report-espanyol-spurns-tottenhams-advances-for-pau-lopez/</topic_url>
<topic_text>
Report: Espanyol spurns Tottenham&apos;s advances for Pau Lopez 1 min ago 4 Views 
To see a list of completed deals in the summer window thus far, visit theScore’s Premier League transfer tracker . 
Espanyol has apparently rejected several bids from Tottenham Hotspur for its goalkeeper Pau Lopez . 
Spurs boss Mauricio Pochettino worked with the 21-year-old in the suburbs of Barcelona before leaving the club in 2012, and is making efforts to reunite with Pau in north London, according to Sky Sports’ Lyall Thomas . 
The pursuit is not linked to Hugo Lloris recent hamstring injury which sees Michel Vorm currently taking duties between the sticks, as Thomas understands the Spurs have been tracking the youngster’s progress for some time. 
Pau missed just two matches of Espanyol’s 13th-placed finish in La Liga last season and has represented Spain at the under-21 level. Should Pochettino tempt him to Tottenham, he would presumably vault above academy graduates Luke McGee and Tom Glover in the shot-stopping pecking order. 
Spurs are next in action on Saturday when Liverpool visits White Hart Lane. 
</topic_text>
<spam_score>0.16</spam_score>
<post_num>1</post_num>
<post_id>post-1</post_id>
<post_url>http://www.spursnews24.com/report-espanyol-spurns-tottenhams-advances-for-pau-lopez/</post_url>
<post_date>20160821</post_date>
<post_time></post_time>
<username></username>
<post>
Report: Espanyol spurns Tottenham&apos;s advances for Pau Lopez 1 min ago 4 Views 
To see a list of completed deals in the summer window thus far, visit theScore’s Premier League transfer tracker . 
Espanyol has apparently rejected several bids from Tottenham Hotspur for its goalkeeper Pau Lopez . 
Spurs boss Mauricio Pochettino worked with the 21-year-old in the suburbs of Barcelona before leaving the club in 2012, and is making efforts to reunite with Pau in north London, according to Sky Sports’ Lyall Thomas . 
The pursuit is not linked to Hugo Lloris recent hamstring injury which sees Michel Vorm currently taking duties between the sticks, as Thomas understands the Spurs have been tracking the youngster’s progress for some time. 
Pau missed just two matches of Espanyol’s 13th-placed finish in La Liga last season and has represented Spain at the under-21 level. Should Pochettino tempt him to Tottenham, he would presumably vault above academy graduates Luke McGee and Tom Glover in the shot-stopping pecking order. 
Spurs are next in action on Saturday when Liverpool visits White Hart Lane. 
</post>
<signature>

</signature>
<external_links>

</external_links>
<country>GB</country>
<main_image>http://www.spursnews24.com/wp-content/uploads/2016/08/cropped_CqNSPsNUkAEx4ri.jpg</main_image>
</document>
