<?xml version="1.0" encoding="UTF-8"?>
<document>
<type>mainstream</type>
<forum>http://www.asianage.com/rss/38</forum>
<forum_title>The Asian Age</forum_title>
<discussion_title>Mayawati begins campaign with dalit theme</discussion_title>
<language>english</language>
<gmt_offset></gmt_offset>
<topic_url>http://www.asianage.com/india/mayawati-begins-campaign-dalit-theme-159</topic_url>
<topic_text>
Mayawati begins campaign with dalit theme Aug 22, 2016 | Lucknow BSP chief Mayawati addressing the crowd during a mega rally in Agra. (Photo: PTI) 
BSP president Mayawati on Sunday launched her election campaign from Agra with a blistering attack on the BJP, the SP and the Congress. 
Keeping the focus on dalits, Muslims and the most backward, Ms Mayawati repeatedly hit out at “capitalists and moneybags”, accusing the BJP of coming to power with their support. 
She also targeted Prime Minister for his “monumental failure” on social welfare front. 
“The central government,” Ms Mayawati said, “has failed on all counts. Amid rising unemployment, RSS chief (Mohan Bhagwat) is saying produce more children. I want to tell him, yes Hindus will produce more than two kids, will you get them food?” Mr Bhagwat had, at a public meeting in Agra on Saturday, reportedly asked Hindus to produce more children. 
Accusing the Modi government of raising issues of cow slaughter and “love jihad” to keep the minorities “under fear,” she reached out to her core constituency, the 21 per cent dalit population in the state, that she hopes will back her in the UP elections. 
“In BJP ruled states, dalits are being persecuted, whether it is Rohith Vemula or Gujarat (Una incident) or what Daya Shankar Singh said about me... just like the Congress, if you go around sharing meals with dalits, it doesn’t mean anything,” she said. 
“They eat food at dalit homes and present some people as followers of Buddha to send a confusing signal... The BJP’s Dhamma Yatra has flopped because dalits can see the true face of the party. Atrocities on dalits have increased considerably after the BJP came to power at the centre but no steps have been taken to check this”, she said. 
She said that the BJP wants to end reservation but that the BSP will never let this happen. “The Modi government has waived off loans of capitalists and industrialists but has not fulfilled the promises it made to the common man in the 2014 elections. Mr Modi had promised to bring back black money stashed abroad within 100 days, he has assured cheap food grains for the poor but none of this has happened,” she said. 
Warning people against the “communal designs” of the RSS and the BJP, the BSP chief urged the crowd of over one lakh people not to lose their cool in the run-up to the 2017 Assembly polls in Uttar Pradesh. 
Rejecting allegations that tickets in the BSP are sold for money, she said, “I want to ask our opponents, you say the BSP is a spent force. If we are finished, then why would people be so interested in buying our tickets? The truth is that other parties want to malign us.” 
Ms Mayawati also attacked the ruling Samajwadi Party in Uttar Pradesh, alleging that it was “run by goondas”. 
She slammed the Congress for making Sheila Dikshit its chief ministerial candidate in Uttar Pradesh. “The Congress ruled Uttar Pradesh for 37 years and was voted out of power because of its wrong policies”, she pointed out.
</topic_text>
<spam_score>0.00</spam_score>
<post_num>1</post_num>
<post_id>post-1</post_id>
<post_url>http://www.asianage.com/india/mayawati-begins-campaign-dalit-theme-159</post_url>
<post_date>20160821</post_date>
<post_time>1830</post_time>
<username></username>
<post>
Mayawati begins campaign with dalit theme Aug 22, 2016 | Lucknow BSP chief Mayawati addressing the crowd during a mega rally in Agra. (Photo: PTI) 
BSP president Mayawati on Sunday launched her election campaign from Agra with a blistering attack on the BJP, the SP and the Congress. 
Keeping the focus on dalits, Muslims and the most backward, Ms Mayawati repeatedly hit out at “capitalists and moneybags”, accusing the BJP of coming to power with their support. 
She also targeted Prime Minister for his “monumental failure” on social welfare front. 
“The central government,” Ms Mayawati said, “has failed on all counts. Amid rising unemployment, RSS chief (Mohan Bhagwat) is saying produce more children. I want to tell him, yes Hindus will produce more than two kids, will you get them food?” Mr Bhagwat had, at a public meeting in Agra on Saturday, reportedly asked Hindus to produce more children. 
Accusing the Modi government of raising issues of cow slaughter and “love jihad” to keep the minorities “under fear,” she reached out to her core constituency, the 21 per cent dalit population in the state, that she hopes will back her in the UP elections. 
“In BJP ruled states, dalits are being persecuted, whether it is Rohith Vemula or Gujarat (Una incident) or what Daya Shankar Singh said about me... just like the Congress, if you go around sharing meals with dalits, it doesn’t mean anything,” she said. 
“They eat food at dalit homes and present some people as followers of Buddha to send a confusing signal... The BJP’s Dhamma Yatra has flopped because dalits can see the true face of the party. Atrocities on dalits have increased considerably after the BJP came to power at the centre but no steps have been taken to check this”, she said. 
She said that the BJP wants to end reservation but that the BSP will never let this happen. “The Modi government has waived off loans of capitalists and industrialists but has not fulfilled the promises it made to the common man in the 2014 elections. Mr Modi had promised to bring back black money stashed abroad within 100 days, he has assured cheap food grains for the poor but none of this has happened,” she said. 
Warning people against the “communal designs” of the RSS and the BJP, the BSP chief urged the crowd of over one lakh people not to lose their cool in the run-up to the 2017 Assembly polls in Uttar Pradesh. 
Rejecting allegations that tickets in the BSP are sold for money, she said, “I want to ask our opponents, you say the BSP is a spent force. If we are finished, then why would people be so interested in buying our tickets? The truth is that other parties want to malign us.” 
Ms Mayawati also attacked the ruling Samajwadi Party in Uttar Pradesh, alleging that it was “run by goondas”. 
She slammed the Congress for making Sheila Dikshit its chief ministerial candidate in Uttar Pradesh. “The Congress ruled Uttar Pradesh for 37 years and was voted out of power because of its wrong policies”, she pointed out.
</post>
<signature>

</signature>
<external_links>

</external_links>
<country></country>
<main_image>http://www.asianage.com/sites/default/files/images/Mayawati_9.jpg</main_image>
</document>
