<?xml version="1.0" encoding="UTF-8"?>
<document>
<type>mainstream</type>
<forum>http://feeds2.feedburner.com/DailyexaminercomauNational</forum>
<forum_title>dailyexaminer.com.au: National News</forum_title>
<discussion_title>Pokemon Go could feed gambling addictions</discussion_title>
<language>english</language>
<gmt_offset></gmt_offset>
<topic_url>http://www.dailyexaminer.com.au/news/pokemon-go-could-feed-gambling-addictions/3076971/</topic_url>
<topic_text>
Pokemon Go could feed gambling addictions Sherele Moody | 22nd Aug 2016 6:00 AM Sherele Moody Experts say games that requires money – not skill – to improve the chance of levelling up can lead to problem gambling. Popular Stories VIDEO: Watch Australia&apos;s &apos;pokie king&apos; in action 
EXPERTS are becoming increasingly concerned about the impact of mobile and tablet games and off-premise betting. UnitingCare Community Gambling Help Service counsellor Omar Mercuri told ARM Newsdesk that any game that required money - not skill - to improve the chance of levelling up could lead to problem gambling. Often these games have poker machine styling but others appear harmless. These include the incredibly popular Pokemon Go as well as Candy Crush and Hay Day.&quot;Any online game which involves and promotes the use of money to increase chances of winning, progress from one level to another or expand through the game can represent a high risk factor for potential gambling behaviours,&quot; Mr Mercuri said.&quot;This is due to the fact that these games encourage a cognitive link between the use of money and the excitement of winning some sort of bigger prize, achievement or reward. READ MORE: How the one-armed bandits became cash gobblers 
&quot;Other concerning factors are the wide range of audiences, demographics and age groups that these online games can easily reach.&quot; Clubs Queensland CEO Doug Flockhart said he believed the &quot;largely unregulated&quot; online betting industry was having a greater impact than poker machines.&quot;Pokies are the most regulated form of on-premise gambling in the country,&quot; Mr Flockart said.&quot;It is important to remember that problem gambling does not just occur from poker machines or land-based gaming.&quot;Of significant concern is the increase of sports betting and offshore internet gambling, which is largely unregulated and it lacks the personalised contact and support offered by community clubs.&quot; - ARM NEWSDESK 
For 24-hour support call The Gambling Helpline on 1800 858 858.
</topic_text>
<spam_score>0.00</spam_score>
<post_num>1</post_num>
<post_id>post-1</post_id>
<post_url>http://www.dailyexaminer.com.au/news/pokemon-go-could-feed-gambling-addictions/3076971/</post_url>
<post_date>20160821</post_date>
<post_time>1400</post_time>
<username></username>
<post>
Pokemon Go could feed gambling addictions Sherele Moody | 22nd Aug 2016 6:00 AM Sherele Moody Experts say games that requires money – not skill – to improve the chance of levelling up can lead to problem gambling. Popular Stories VIDEO: Watch Australia&apos;s &apos;pokie king&apos; in action 
EXPERTS are becoming increasingly concerned about the impact of mobile and tablet games and off-premise betting. UnitingCare Community Gambling Help Service counsellor Omar Mercuri told ARM Newsdesk that any game that required money - not skill - to improve the chance of levelling up could lead to problem gambling. Often these games have poker machine styling but others appear harmless. These include the incredibly popular Pokemon Go as well as Candy Crush and Hay Day.&quot;Any online game which involves and promotes the use of money to increase chances of winning, progress from one level to another or expand through the game can represent a high risk factor for potential gambling behaviours,&quot; Mr Mercuri said.&quot;This is due to the fact that these games encourage a cognitive link between the use of money and the excitement of winning some sort of bigger prize, achievement or reward. READ MORE: How the one-armed bandits became cash gobblers 
&quot;Other concerning factors are the wide range of audiences, demographics and age groups that these online games can easily reach.&quot; Clubs Queensland CEO Doug Flockhart said he believed the &quot;largely unregulated&quot; online betting industry was having a greater impact than poker machines.&quot;Pokies are the most regulated form of on-premise gambling in the country,&quot; Mr Flockart said.&quot;It is important to remember that problem gambling does not just occur from poker machines or land-based gaming.&quot;Of significant concern is the increase of sports betting and offshore internet gambling, which is largely unregulated and it lacks the personalised contact and support offered by community clubs.&quot; - ARM NEWSDESK 
For 24-hour support call The Gambling Helpline on 1800 858 858.
</post>
<signature>

</signature>
<external_links>

</external_links>
<country>AU</country>
<main_image>https://media.apnarm.net.au/img/media/images/2016/07/14/1500-nwl7sz4671pmzednjm2_ct300x300.jpg</main_image>
</document>
