<?xml version="1.0" encoding="UTF-8"?>
<document>
<type>mainstream</type>
<forum>http://www.wday.com//latest/rss/</forum>
<forum_title>| WDAY</forum_title>
<discussion_title>UPDATE: Fargo Police thank public for tips leading to drug arrests</discussion_title>
<language>english</language>
<gmt_offset></gmt_offset>
<topic_url>http://www.wday.com/news/north-dakota/4098800-update-fargo-police-thank-public-tips-leading-drug-arrests</topic_url>
<topic_text>
UPDATE: Fargo Police thank public for tips leading to drug arrests By WDAY TV Today at 3:38 p.m. 1 / 2 Dennis Lilley 2 / 2 
Fargo, ND (WDAY TV) - Officials with the Fargo Police Department are showing their appreciation for residents in North Fargo who reported suspicious activity. 
They say residents of north Fargo called in suspicious vehicles in their neighborhoods of Northport and Edgewood over the previous month. 
One incident took place on July 24th in the 3200 Block of 1st Street. Two 15-year-olds and a 16-year-old were charged with possession of drug paraphernalia, marijuana possession and possession of marijuana wax. Those individuals were referred to juvenile court. 
The second incident stemmed from another suspicious activity report on August 14th. 
Officers were dispatched to the 3000 block of 10th Street North. Two individuals were arrested, one for previous warrants. 
Dennis Michael Lilley, 38, of Moorhead was arrested for drug paraphernalia, possession of meth, carrying a concealed weapon and giving false information to an officer. 
Authorities saw a 10&apos;&apos; knife sitting on the seat of the vehicle upon questioning Lilley and his passenger. 
They say that if you see something suspicious in your neighborhood, no matter how small it may seem, to please call the Red River Regional Dispatch Center at 701- 451- 4660.
</topic_text>
<spam_score>0.00</spam_score>
<post_num>1</post_num>
<post_id>post-1</post_id>
<post_url>http://www.wday.com/news/north-dakota/4098800-update-fargo-police-thank-public-tips-leading-drug-arrests</post_url>
<post_date>20160821</post_date>
<post_time>2038</post_time>
<username>WDAY TV</username>
<post>
UPDATE: Fargo Police thank public for tips leading to drug arrests By WDAY TV Today at 3:38 p.m. 1 / 2 Dennis Lilley 2 / 2 
Fargo, ND (WDAY TV) - Officials with the Fargo Police Department are showing their appreciation for residents in North Fargo who reported suspicious activity. 
They say residents of north Fargo called in suspicious vehicles in their neighborhoods of Northport and Edgewood over the previous month. 
One incident took place on July 24th in the 3200 Block of 1st Street. Two 15-year-olds and a 16-year-old were charged with possession of drug paraphernalia, marijuana possession and possession of marijuana wax. Those individuals were referred to juvenile court. 
The second incident stemmed from another suspicious activity report on August 14th. 
Officers were dispatched to the 3000 block of 10th Street North. Two individuals were arrested, one for previous warrants. 
Dennis Michael Lilley, 38, of Moorhead was arrested for drug paraphernalia, possession of meth, carrying a concealed weapon and giving false information to an officer. 
Authorities saw a 10&apos;&apos; knife sitting on the seat of the vehicle upon questioning Lilley and his passenger. 
They say that if you see something suspicious in your neighborhood, no matter how small it may seem, to please call the Red River Regional Dispatch Center at 701- 451- 4660.
</post>
<signature>

</signature>
<external_links>

</external_links>
<country>US</country>
<main_image>http://www.wday.com/sites/default/files/styles/square_300/public/field/image/arrest-pd.png?itok=Jhu9ImPW</main_image>
</document>
