<?xml version="1.0" encoding="UTF-8"?>
<document>
<type>mainstream</type>
<forum>http://www.giessener-anzeiger.de/index.rss</forum>
<forum_title>Gießener Anzeiger - Startseite</forum_title>
<discussion_title>OSZE-Beobachter in Ostukraine beschossen</discussion_title>
<language>german</language>
<gmt_offset></gmt_offset>
<topic_url>http://www.giessener-anzeiger.de/politik/ausland/osze-beobachter-in-ostukraine-beschossen_17219863.htm</topic_url>
<topic_text>
Ausland 21.08.2016 OSZE-Beobachter in Ostukraine beschossen 
Kiew (dpa) - Bei einer Patrouillenfahrt im Kriegsgebiet Ostukraine sind OSZE-Beobachter beschossen worden. Das Team habe weithin sichtbar auf einer Anhöhe eine Drohne gesteuert, als mehrere Schüsse in ihre Richtung abgegeben worden seien, teilte die Organisation für Sicherheit und Zusammenarbeit in Europa mit. Niemand wurde verletzt. Zuletzt hatte sich die Lage nach OSZE-Einschätzung wieder verschärft. Mehrere Menschen wurden bei Kämpfen am Wochenende getötet.  
</topic_text>
<spam_score>0.00</spam_score>
<post_num>1</post_num>
<post_id>post-1</post_id>
<post_url>http://www.giessener-anzeiger.de/politik/ausland/osze-beobachter-in-ostukraine-beschossen_17219863.htm</post_url>
<post_date>20160821</post_date>
<post_time>1706</post_time>
<username></username>
<post>
Ausland 21.08.2016 OSZE-Beobachter in Ostukraine beschossen 
Kiew (dpa) - Bei einer Patrouillenfahrt im Kriegsgebiet Ostukraine sind OSZE-Beobachter beschossen worden. Das Team habe weithin sichtbar auf einer Anhöhe eine Drohne gesteuert, als mehrere Schüsse in ihre Richtung abgegeben worden seien, teilte die Organisation für Sicherheit und Zusammenarbeit in Europa mit. Niemand wurde verletzt. Zuletzt hatte sich die Lage nach OSZE-Einschätzung wieder verschärft. Mehrere Menschen wurden bei Kämpfen am Wochenende getötet.  
</post>
<signature>

</signature>
<external_links>

</external_links>
<country>DE</country>
<main_image>http://www.giessener-anzeiger.de/pics/edition/ga/logo_facebook.jpg</main_image>
</document>
