<?xml version="1.0" encoding="UTF-8"?>
<document>
<type>mainstream</type>
<forum>http://www.lanacion.com.ve/feed/</forum>
<forum_title>Diario La Nación</forum_title>
<discussion_title>Borges: La unidad no caerá en provocaciones y amenazas el 1-S</discussion_title>
<language>spanish</language>
<gmt_offset></gmt_offset>
<topic_url>http://lanacionweb.com/politica/borges-la-unidad-no-caera-en-provocaciones-y-amenazas-el-1-s/</topic_url>
<topic_text>
Borges: La unidad no caerá en provocaciones y amenazas el 1-S Borges: La unidad no caerá en provocaciones y amenazas el 1-S 21 agosto, 2016 0 
El coordinador nacional de Primero Justicia y jefe de fracción de la Unidad en el Parlamento Julio Borges, expuso que la oposición no caerá en las provocaciones y amenazas que plantee el Gobierno para el próximo 1º de septiembre. 
Indicó que, por el contrario, están enfocados en organizar una agenda pacífica pero contundente, que obligue a la reanudación del referéndum revocatorio para este año. 
“A nosotros nadie nos va a sacar de nuestro camino democrático y pacífico que tiene como meta lograr el revocatorio antes de que termine el año”, expresó. El parlamentario explicó que el 80% de los venezolanos “apoya esta opción, porque están conscientes de que la salida a la crisis pasa por un cambio de Gobierno”. COMPARTIR
</topic_text>
<spam_score>0.00</spam_score>
<post_num>1</post_num>
<post_id>post-1</post_id>
<post_url>http://lanacionweb.com/politica/borges-la-unidad-no-caera-en-provocaciones-y-amenazas-el-1-s/</post_url>
<post_date>20160821</post_date>
<post_time>1722</post_time>
<username>Becquerel</username>
<post>
Borges: La unidad no caerá en provocaciones y amenazas el 1-S Borges: La unidad no caerá en provocaciones y amenazas el 1-S 21 agosto, 2016 0 
El coordinador nacional de Primero Justicia y jefe de fracción de la Unidad en el Parlamento Julio Borges, expuso que la oposición no caerá en las provocaciones y amenazas que plantee el Gobierno para el próximo 1º de septiembre. 
Indicó que, por el contrario, están enfocados en organizar una agenda pacífica pero contundente, que obligue a la reanudación del referéndum revocatorio para este año. 
“A nosotros nadie nos va a sacar de nuestro camino democrático y pacífico que tiene como meta lograr el revocatorio antes de que termine el año”, expresó. El parlamentario explicó que el 80% de los venezolanos “apoya esta opción, porque están conscientes de que la salida a la crisis pasa por un cambio de Gobierno”. COMPARTIR
</post>
<signature>

</signature>
<external_links>

</external_links>
<country>VE</country>
<main_image>http://i1.wp.com/lanacionweb.com/fotoedicion/2016/08/asamblea-nacional-sesion-16.jpg?fit=600%2C438</main_image>
</document>
