<?xml version="1.0" encoding="UTF-8"?>
<document>
<type>mainstream</type>
<forum>http://www.lanacion.com.ve/feed/</forum>
<forum_title>Diario La Nación</forum_title>
<discussion_title>Venezolanos podrán adquirir en Cúcuta hasta 4 cauchos originales</discussion_title>
<language>spanish</language>
<gmt_offset></gmt_offset>
<topic_url>http://lanacionweb.com/regional/venezolanos-podran-adquirir-en-cucuta-hasta-4-cauchos-originales/</topic_url>
<topic_text>
Venezolanos podrán adquirir en Cúcuta hasta 4 cauchos originales Venezolanos podrán adquirir en Cúcuta hasta 4 cauchos originales 21 agosto, 2016 0 
De esta manera, aseguró que los cauchos que se podrán adquirir en el vecino país , serán originales de la marca requerida, según el vehículo en cuestión. 
Por otra parte, añadió que las personas que realicen las compras de este tipo de productos, recibirán su factura reglamentaria, que podrán pasar legalmente hacia Venezuela. 
La Cámara de industria y Comercio de Ureña, ha puesto a disposición de los venezolanos, un número de WhatsApp de la empresa comercializadora Lubricantes, para que así los interesados puedan consultar la disponibilad y precio de diversos productos, pertenecientes al sector automotriz. 
Usted puede comunicarse directamente con la empresa a través del siguiente número: +57 322 8400503. COMPARTIR
</topic_text>
<spam_score>0.00</spam_score>
<post_num>1</post_num>
<post_id>post-1</post_id>
<post_url>http://lanacionweb.com/regional/venezolanos-podran-adquirir-en-cucuta-hasta-4-cauchos-originales/</post_url>
<post_date>20160821</post_date>
<post_time>2047</post_time>
<username>Becquerel</username>
<post>
Venezolanos podrán adquirir en Cúcuta hasta 4 cauchos originales Venezolanos podrán adquirir en Cúcuta hasta 4 cauchos originales 21 agosto, 2016 0 
De esta manera, aseguró que los cauchos que se podrán adquirir en el vecino país , serán originales de la marca requerida, según el vehículo en cuestión. 
Por otra parte, añadió que las personas que realicen las compras de este tipo de productos, recibirán su factura reglamentaria, que podrán pasar legalmente hacia Venezuela. 
La Cámara de industria y Comercio de Ureña, ha puesto a disposición de los venezolanos, un número de WhatsApp de la empresa comercializadora Lubricantes, para que así los interesados puedan consultar la disponibilad y precio de diversos productos, pertenecientes al sector automotriz. 
Usted puede comunicarse directamente con la empresa a través del siguiente número: +57 322 8400503. COMPARTIR
</post>
<signature>

</signature>
<external_links>

</external_links>
<country>VE</country>
<main_image>http://i0.wp.com/lanacionweb.com/fotoedicion/2016/08/Imagen-archivo-referencial-2-400x261.jpg?fit=400%2C261</main_image>
</document>
