<?xml version="1.0" encoding="UTF-8"?>
<document>
<type>mainstream</type>
<forum></forum>
<forum_title></forum_title>
<discussion_title>ネットで拾った変な画像125枚目 | らい速</discussion_title>
<language>english</language>
<gmt_offset></gmt_offset>
<topic_url>http://ryann1200.com/?p=91820</topic_url>
<topic_text>

</topic_text>
<spam_score>0.00</spam_score>
<post_num>1</post_num>
<post_id>post-1</post_id>
<post_url>http://ryann1200.com/?p=91820</post_url>
<post_date>20160821</post_date>
<post_time></post_time>
<username></username>
<post>

</post>
<signature>

</signature>
<external_links>

</external_links>
<country>JP</country>
<main_image>http://rairai1028.xyz/wp-content/uploads/2016/08/LnFm3pk-4-2.jpg</main_image>
</document>
