<?xml version="1.0" encoding="UTF-8"?>
<document>
<type>mainstream</type>
<forum></forum>
<forum_title></forum_title>
<discussion_title>Viva Media Mystery Masters Weird Park 3: The Final Show Collector&apos;s Edition - 3 Pack by Viva Media</discussion_title>
<language>english</language>
<gmt_offset></gmt_offset>
<topic_url>https://www.bittopper.com/item/viva-media-mystery-masters-weird-park-3-the-final-show/</topic_url>
<topic_text>
Select an image for your listing You are not currently signed in. This post can&apos;t be edited or deleted. Sign in Submit from a website 
</topic_text>
<spam_score>0.00</spam_score>
<post_num>1</post_num>
<post_id>post-1</post_id>
<post_url>https://www.bittopper.com/item/viva-media-mystery-masters-weird-park-3-the-final-show/</post_url>
<post_date>20160821</post_date>
<post_time></post_time>
<username></username>
<post>
Select an image for your listing You are not currently signed in. This post can&apos;t be edited or deleted. Sign in Submit from a website 
</post>
<signature>

</signature>
<external_links>

</external_links>
<country>US</country>
<main_image>https://www.bittopper.com/c/0f/d5/46/bittopper_0fd546d9fcee8683ba3638768738bc06-viva-media-mystery-masters-weird-park-3-the-final-show.jpg</main_image>
</document>
