<?xml version="1.0" encoding="UTF-8"?>
<document>
<type>mainstream</type>
<forum>http://news.nicovideo.jp/?rss=2.0</forum>
<forum_title>コメント新着一覧 | ニコニコニュース</forum_title>
<discussion_title>＜日中韓童話交流＞絵本作り始まる 「種子」をテーマに(2コメント)</discussion_title>
<language>japanese</language>
<gmt_offset></gmt_offset>
<topic_url>http://news.nicovideo.jp/watch/nw2352385</topic_url>
<topic_text>
中韓日子ども童話交流２０１６で、「種子」をテーマにした童話を創作し、画用紙に絵を描く参加児童＝中国・北京市内で２０１６年８月２１日、野原由美撮影 2016/8/21（日）19:51
</topic_text>
<spam_score>0.00</spam_score>
<post_num>1</post_num>
<post_id>post-1</post_id>
<post_url>http://news.nicovideo.jp/watch/nw2352385</post_url>
<post_date>20160821</post_date>
<post_time>1051</post_time>
<username>毎日新聞</username>
<post>
中韓日子ども童話交流２０１６で、「種子」をテーマにした童話を創作し、画用紙に絵を描く参加児童＝中国・北京市内で２０１６年８月２１日、野原由美撮影 2016/8/21（日）19:51
</post>
<signature>

</signature>
<external_links>

</external_links>
<country>JP</country>
<main_image>http://p.news.nimg.jp/photo/154/2081154l.jpg</main_image>
</document>
