<?xml version="1.0" encoding="UTF-8"?>
<document>
<type>mainstream</type>
<forum>http://feeds2.feedburner.com/CqnewscomauWorld</forum>
<forum_title>cqnews.com.au: World News</forum_title>
<discussion_title>Woman who has scratched 1000 cars can&apos;t be stopped</discussion_title>
<language>english</language>
<gmt_offset></gmt_offset>
<topic_url>http://www.cqnews.com.au/news/woman-who-has-scratched-1000-cars-cant-be-stopped/3080014/</topic_url>
<topic_text>
Woman who has scratched 1000 cars can&apos;t be stopped 22nd Aug 2016 6:31 AM Local Real Estate Cars For Sale 
POLICE in Austria say they are unable to do anything to stop a woman continuing to scratch cars after a court ruled she could not be held accountable for her actions. 
Authorities in Styria say the 35-year-old has scratched around 1,000 cars for about six years and that new victims are always coming forward. 
They say, however, that there is not much they can do as until the woman is reported for a crime with a punishment of at least a year in jail, the courts are unable to send her to an psychiatric institute for criminals. 
&quot;As long as the legal situation stays as it is, our hands are unfortunately tied. Neither police nor the state prosecutors can do anything at this moment,&quot; said police commander Dietmar Jeglitsch. 
Police say around 1,000 people, including a police officer, have been targeted. 
&quot;There is always a zig zag pattern. The woman mainly chooses black vehicles,&quot; said Jeglitsch.
</topic_text>
<spam_score>0.00</spam_score>
<post_num>1</post_num>
<post_id>post-1</post_id>
<post_url>http://www.cqnews.com.au/news/woman-who-has-scratched-1000-cars-cant-be-stopped/3080014/</post_url>
<post_date>20160821</post_date>
<post_time>1400</post_time>
<username></username>
<post>
Woman who has scratched 1000 cars can&apos;t be stopped 22nd Aug 2016 6:31 AM Local Real Estate Cars For Sale 
POLICE in Austria say they are unable to do anything to stop a woman continuing to scratch cars after a court ruled she could not be held accountable for her actions. 
Authorities in Styria say the 35-year-old has scratched around 1,000 cars for about six years and that new victims are always coming forward. 
They say, however, that there is not much they can do as until the woman is reported for a crime with a punishment of at least a year in jail, the courts are unable to send her to an psychiatric institute for criminals. 
&quot;As long as the legal situation stays as it is, our hands are unfortunately tied. Neither police nor the state prosecutors can do anything at this moment,&quot; said police commander Dietmar Jeglitsch. 
Police say around 1,000 people, including a police officer, have been targeted. 
&quot;There is always a zig zag pattern. The woman mainly chooses black vehicles,&quot; said Jeglitsch.
</post>
<signature>

</signature>
<external_links>

</external_links>
<country>AU</country>
<main_image>https://media.apnarm.net.au/img/media/images/2016/08/22/car-scratch-e1paqzvmonxh8i6erm2_ct300x300.jpg</main_image>
</document>
