<?xml version="1.0" encoding="UTF-8"?>
<document>
<type>mainstream</type>
<forum>http://www.politico.com/rss/politicopicks.xml</forum>
<forum_title>POLITICO - TOP Stories</forum_title>
<discussion_title>Obama to visit flood-ravaged Louisiana next week</discussion_title>
<language>english</language>
<gmt_offset></gmt_offset>
<topic_url>http://www.politico.com/story/2016/08/obama-louisiana-flooding-visit-227209</topic_url>
<topic_text>
President Barack Obama will visit Louisiana next week, the White House announced Friday. Obama will travel to Baton Rouge on Tuesday, press secretary Josh Earnest said, noting that Obama’s team reached that date after coordinating with state officials.
Story Continued Below
“Additional details will be announced in the coming days. The President is mindful of the impact that his travel has on first responders and wants to ensure that his presence does not interfere with ongoing recovery efforts,” Earnest said. “He is also eager to get a first-hand look at the impact of the devastating floods, hear from more officials about the response, including how the federal government can assist and tell the people of Louisiana that the American people will be with them as they rebuild their community and come back stronger than ever.”
Republicans have urged Obama to cut short his summer vacation on Martha’s Vineyard to show solidarity with a state that’s been trying to deal with the worst natural disaster in the U.S. since Hurricane Sandy.
The Republican presidential ticket flew into Baton Rouge on Friday morning to visit those impacted by the severe flooding. During his visit with Indiana Gov. Mike Pence, Donald Trump told volunteers at a church in Greenwell Springs that Obama doesn’t want to visit the state, suggesting golf is more important to the president.
“The president says he doesn’t want to come, he is trying to get out of a golf game,” Trump said, according to ABC News . “He will never be under par.”
Hillary Clinton spoke with Louisiana Gov. John Bel Edwards by phone Friday. Clinton said the flood, which was much larger than anticipated, has damaged more than 40,000 homes, impacting more than 100,000 people.
“My heart breaks for Louisiana, and right now, the relief effort can&apos;t afford any distractions. The very best way this team can help is to make sure Louisianans have the resources they need,&quot; Clinton wrote in a Facebook post, which included links to the Red Cross and the Baton Rouge Area Foundation. 
Edwards’ office on Thursday warned against outside politicians visiting the state too soon — particularly Trump. “We welcome him to LA but not for a photo-op,” a spokesman for the governor’s office said in a statement. “Instead we hope he’ll consider volunteering or making a sizable donation to the LA Flood Relief Fund to help the victims of the storm.”
Edwards, a Democrat, himself praised the Obama administration’s response to the disaster and defended Obama from the broadside over his decision to remain on vacation.
“The president is welcome to visit whenever he wants to visit, and when he wants to visit we’re gonna receive him and we’re gonna do whatever’s necessary to make sure that that visit goes off without a hitch,” Edwards said Thursday.
But he also tried to nudge the White House to stay away for a while, noting that when Vice President Joe Biden visited Louisiana to attend police officers’ memorials, his visit closed down interstates and drew law enforcement officers away from their regular duties to provide additional security for Biden.
“Quite frankly, that is not something that I want to go through right now,” he said. “And so while the president is welcome to visit, I would just assume he give us another week or two, get back to a greater sense of normalcy here and then he can visit. Well, I’ll say that differently: He can visit whenever he wants to.”
</topic_text>
<spam_score>0.00</spam_score>
<post_num>182</post_num>
<post_id>post-182</post_id>
<post_url>http://www.politico.com/story/2016/08/obama-louisiana-flooding-visit-227209</post_url>
<post_date>20160820</post_date>
<post_time>0244</post_time>
<username>James Pete Sowders</username>
<post>
The floods that devastated Louisiana this week will make a bad state economy even worse. The recent drop in oil prices has already led to the loss of about 2,000 oil and gas drilling jobs in the state over the last two years. That&apos;s pushed Louisiana&apos;s unemployment rate to 6.3%, the fourth-highest of any state in the nation. Low oil prices also cut deeply into state government revenues, slashing projected taxes from the sector by $450 million in the most recent fiscal year. As a result, the legislature hiked the state sales tax and slashed spending. Louisiana has also made the maximum allowed withdrawal of $128 million from the state&apos;s emergency fund. And even before the floods, the state expected to have another $200 million budget gap by January, said Jan Moller, director of the Louisiana Budget Project, a public interest group. Related: Floods are worst U.S. natural disaster since Sandy The flooding, which has affected at least 40,000 homes and stretched emergency resources, is yet another devastating blow to a struggling economy. &quot;It could make a big problem even worse,&quot; said Mark Zandi, chief economist for Moody&apos;s Analytics. The total cost of the flood has yet to be calculated, but a comparable flood in Louisiana in May 1995 did about $3 billion in damages, according to the National Weather Service. That equates to about $4.7 billion in today&apos;s dollars. Most of the funds required for cleanup and rebuilding will come from federal agencies, such as FEMA, and its National Flood Insurance Program. But part of the problem is that most of the homes affected by the flooding probably don&apos;t have flood insurance, according to statistics from FEMA. And private homeowners&apos; insurance rarely covers the cost of flood damage. But lucky for us Unemployment is the lowest it has ever been....Any miscues will be taken care of as soon as Obama comes back from his golf trip
</post>
<signature>

</signature>
<external_links>

</external_links>
<country>US</country>
<main_image>http://static.politico.com/c4/71/5d9a95d54cc581425b5b8633f319/gettyimages-585977756.jpg</main_image>
</document>
