<?xml version="1.0" encoding="UTF-8"?>
<document>
<type>mainstream</type>
<forum>http://www.sermonaudio.com/rss_source.rss</forum>
<forum_title>SermonAudio.com</forum_title>
<discussion_title>WEBCAST: Sunday Afternoon Worship Service</discussion_title>
<language>english</language>
<gmt_offset></gmt_offset>
<topic_url>http://www.sermonaudio.com/new_details3.asp?ID=104636</topic_url>
<topic_text>
Scripture: Isaiah 55 Text: Isaiah 55:1-3 Theme: Soul-Satisfying Grace 1. Its supplication 2. Its sensibility 3. Its satisfaction 4. Its supremacy 5. Its stability Rev. Maarten Kuivenhoven Webcast: Sunday Afternoon Worship Service SUNDAY, AUGUST 21, 2016
</topic_text>
<spam_score>0.00</spam_score>
<post_num>1</post_num>
<post_id>post-1</post_id>
<post_url>http://www.sermonaudio.com/new_details3.asp?ID=104636</post_url>
<post_date>20160821</post_date>
<post_time>2100</post_time>
<username></username>
<post>
Scripture: Isaiah 55 Text: Isaiah 55:1-3 Theme: Soul-Satisfying Grace 1. Its supplication 2. Its sensibility 3. Its satisfaction 4. Its supremacy 5. Its stability Rev. Maarten Kuivenhoven Webcast: Sunday Afternoon Worship Service SUNDAY, AUGUST 21, 2016
</post>
<signature>

</signature>
<external_links>

</external_links>
<country>US</country>
<main_image>http://media.sermonaudio.com/gallery/photos/KuivenhovenMaarten-03.jpg</main_image>
</document>
