<?xml version="1.0" encoding="UTF-8"?>
<document>
<type>mainstream</type>
<forum>http://www.diacaf.com/feed/rss/</forum>
<forum_title>Stirile de ultima ora -Stirile care contezeaza: Diacaf.com</forum_title>
<discussion_title>Astra gĂ˘fĂ˘ie ĂŽn acest ĂŽnceput de sezon: Efectiv nu putem juca din 3 ĂŽn 3 zile. ...</discussion_title>
<language>romanian</language>
<gmt_offset></gmt_offset>
<topic_url>http://www.diacaf.com/stiri/sport/astra-gafaie-in-acest-inceput-de-sezon-efectiv-nu_47022653.html</topic_url>
<topic_text>
  Sport▼ Astra gâfâie în acest început de sezon: &quot;Efectiv nu putem juca din 3 în 3 zile. Suntem campioni doar cu numele, am pierdut foarte mulţi jucători&quot; www.prosport.ro Acum 54 minute 21 aug. 2016 la ora 23:00 Sport Fără Şumudică pe bancă, Astra suferă serios în campionat. Deţinătoarea titlului în Liga 1 se află doar pe locul 11 în campionat, cu 4 puncte în 5 etape. Cu CFR , Astra a suferit cel mai usturător eşec din acest sezon. Cristi Petre , cel care îi ţine locul lui Şumudică - antrenor suspendat pentru pariuri - se plânge însă că subţirimea lotului este de vină. Petre spune că cei mai mulţi jucători au acuzat cu CFR o stare de oboseală, după ce aceştia au fost pe teren şi în partida cu West Ham, 1-1, în play-off-ul Europa League : ”Am demonstrat încă o dată că nu putem juca din 3 în 3 zile. Am mai pierdut doi jucători, efectiv nu putem. S-a văzut o cădere fizică în special în repriza a doua. Prea mulţi jucători au jucat şi cu West Ham şi nu am putut să-i înlocuim. Noi am rămas echipa campioană doar cu numele. Nu mai este aceeaşi echipă, am pierdut foarte mulţi jucători. Încercăm să asamblăm din mers. I-aţi văzut pe De Amorim şi Boldrin cum au jucat cu Dinamo . Sunt doi jucători foarte buni, care ştiau ce să facă la noi”, a declarat Cristi Petre la DigiSport .
</topic_text>
<spam_score>0.00</spam_score>
<post_num>1</post_num>
<post_id>post-1</post_id>
<post_url>http://www.diacaf.com/stiri/sport/astra-gafaie-in-acest-inceput-de-sezon-efectiv-nu_47022653.html</post_url>
<post_date>20160821</post_date>
<post_time>2200</post_time>
<username>http://www.diacaf.com/</username>
<post>
  Sport▼ Astra gâfâie în acest început de sezon: &quot;Efectiv nu putem juca din 3 în 3 zile. Suntem campioni doar cu numele, am pierdut foarte mulţi jucători&quot; www.prosport.ro Acum 54 minute 21 aug. 2016 la ora 23:00 Sport Fără Şumudică pe bancă, Astra suferă serios în campionat. Deţinătoarea titlului în Liga 1 se află doar pe locul 11 în campionat, cu 4 puncte în 5 etape. Cu CFR , Astra a suferit cel mai usturător eşec din acest sezon. Cristi Petre , cel care îi ţine locul lui Şumudică - antrenor suspendat pentru pariuri - se plânge însă că subţirimea lotului este de vină. Petre spune că cei mai mulţi jucători au acuzat cu CFR o stare de oboseală, după ce aceştia au fost pe teren şi în partida cu West Ham, 1-1, în play-off-ul Europa League : ”Am demonstrat încă o dată că nu putem juca din 3 în 3 zile. Am mai pierdut doi jucători, efectiv nu putem. S-a văzut o cădere fizică în special în repriza a doua. Prea mulţi jucători au jucat şi cu West Ham şi nu am putut să-i înlocuim. Noi am rămas echipa campioană doar cu numele. Nu mai este aceeaşi echipă, am pierdut foarte mulţi jucători. Încercăm să asamblăm din mers. I-aţi văzut pe De Amorim şi Boldrin cum au jucat cu Dinamo . Sunt doi jucători foarte buni, care ştiau ce să facă la noi”, a declarat Cristi Petre la DigiSport .
</post>
<signature>

</signature>
<external_links>

</external_links>
<country>CA</country>
<main_image>http://img.diacaf.com/images/20160821/47022653.jpg</main_image>
</document>
