<?xml version="1.0" encoding="UTF-8"?>
<document>
<type>mainstream</type>
<forum>http://www.7sur7.be/rss.xml</forum>
<forum_title>7SUR7.be Info, sport et showbiz, 24/24, 7/7, plus de 350 mises à jour quotidiennes</forum_title>
<discussion_title>Le corps sans vie d&apos;une octogénaire retrouvé à Raeren</discussion_title>
<language>french</language>
<gmt_offset></gmt_offset>
<topic_url>http://www.7sur7.be/7s7/fr/1502/Belgique/article/detail/2836367/2016/08/21/Le-corps-sans-vie-d-une-octogenaire-retrouve-a-Raeren.dhtml</topic_url>
<topic_text>
21/08/16 - 22h53 Source: Belga © photo news. Le corps sans vie de Margot Dujardin, une octogénaire portée disparue depuis le 10 août dernier, a été retrouvé ce dimanche à Raeren, indique la zone de police Weser-Göhl dans un communiqué de presse. 
La dépouille de Margot Dujardin, une octogénaire qui avait disparu le 10 août après avoir quitté la maison de repos &quot;Marienheim&quot;, située à Raeren, a été retrouvée ce dimanche après-midi, indique la zone de police dans un communiqué de presse. &quot;Suite à une indication d&apos;un promeneur, le corps de la dame âgée de 85 ans a été retrouvé ce dimanche vers 17h35, non loin de la maison de repos&quot;, indique la police qui ne donne pas de précisions concernant les circonstances du décès. Des devoirs d&apos;enquête sont en cours.
</topic_text>
<spam_score>0.00</spam_score>
<post_num>1</post_num>
<post_id>post-1</post_id>
<post_url>http://www.7sur7.be/7s7/fr/1502/Belgique/article/detail/2836367/2016/08/21/Le-corps-sans-vie-d-une-octogenaire-retrouve-a-Raeren.dhtml</post_url>
<post_date>20160821</post_date>
<post_time>2053</post_time>
<username>rédaction</username>
<post>
21/08/16 - 22h53 Source: Belga © photo news. Le corps sans vie de Margot Dujardin, une octogénaire portée disparue depuis le 10 août dernier, a été retrouvé ce dimanche à Raeren, indique la zone de police Weser-Göhl dans un communiqué de presse. 
La dépouille de Margot Dujardin, une octogénaire qui avait disparu le 10 août après avoir quitté la maison de repos &quot;Marienheim&quot;, située à Raeren, a été retrouvée ce dimanche après-midi, indique la zone de police dans un communiqué de presse. &quot;Suite à une indication d&apos;un promeneur, le corps de la dame âgée de 85 ans a été retrouvé ce dimanche vers 17h35, non loin de la maison de repos&quot;, indique la police qui ne donne pas de précisions concernant les circonstances du décès. Des devoirs d&apos;enquête sont en cours.
</post>
<signature>

</signature>
<external_links>

</external_links>
<country>BE</country>
<main_image>http://static1.7sur7.be/static/photo/2016/16/10/8/20160821224220/media_xll_8990018.jpg</main_image>
</document>
