<?xml version="1.0" encoding="UTF-8"?>
<document>
<type>mainstream</type>
<forum>http://www.ed.nl/cmlink/1.3337958</forum>
<forum_title>ED - Nieuwsfeed</forum_title>
<discussion_title>Piloten easyJet leggen werk opnieuw neer</discussion_title>
<language>dutch</language>
<gmt_offset></gmt_offset>
<topic_url>http://www.ed.nl/algemeen/economie/piloten-easyjet-leggen-werk-opnieuw-neer-1.6282548</topic_url>
<topic_text>
Home / Algemeen / Economie / Piloten easyJet leggen werk opnieuw neer Piloten easyJet leggen werk opnieuw neer Beschrijving ANP BADHOEVEDORP (ANP) - De piloten van easyJet die vanaf de basis Schiphol werken, leggen het werk maandag voor de vierde keer neer. Dit meldde de Vereniging Nederlandse Verkeersvliegers zondag. 
De werkonderbreking door de Nederlandse easyJet-piloten piloten duurt maandag van 04.00 uur tot 12.00 uur. Inzet van de staking is een betere cao met doorbetaling bij ziekte, minder vermoeiende roosters, meer grip op het rooster en een beter pensioen. 
Passagiers van de prijsvechter moeten rekening houden met overlast. ,,De werkonderbrekingen bij easyJet zullen de komende tijd beperkt blijven tot doordeweekse dagen. De rechter heeft ons immers voorlopig de mogelijkheid ontnomen om in de weekenden te staken. Het easyJet-management blijven wij gezien hun opstelling verantwoordelijk houden voor de eventuele gevolgen&apos;&apos;, aldus VNV-voorzitter Steven Verhagen. Eindhovens Dagblad, op dit artikel rust copyright . Share U kunt deze pagina printen door gebruik te maken van de standaard print mogelijkheden in uw browser.
</topic_text>
<spam_score>0.00</spam_score>
<post_num>1</post_num>
<post_id>post-1</post_id>
<post_url>http://www.ed.nl/algemeen/economie/piloten-easyjet-leggen-werk-opnieuw-neer-1.6282548</post_url>
<post_date>20160821</post_date>
<post_time>2046</post_time>
<username></username>
<post>
Home / Algemeen / Economie / Piloten easyJet leggen werk opnieuw neer Piloten easyJet leggen werk opnieuw neer Beschrijving ANP BADHOEVEDORP (ANP) - De piloten van easyJet die vanaf de basis Schiphol werken, leggen het werk maandag voor de vierde keer neer. Dit meldde de Vereniging Nederlandse Verkeersvliegers zondag. 
De werkonderbreking door de Nederlandse easyJet-piloten piloten duurt maandag van 04.00 uur tot 12.00 uur. Inzet van de staking is een betere cao met doorbetaling bij ziekte, minder vermoeiende roosters, meer grip op het rooster en een beter pensioen. 
Passagiers van de prijsvechter moeten rekening houden met overlast. ,,De werkonderbrekingen bij easyJet zullen de komende tijd beperkt blijven tot doordeweekse dagen. De rechter heeft ons immers voorlopig de mogelijkheid ontnomen om in de weekenden te staken. Het easyJet-management blijven wij gezien hun opstelling verantwoordelijk houden voor de eventuele gevolgen&apos;&apos;, aldus VNV-voorzitter Steven Verhagen. Eindhovens Dagblad, op dit artikel rust copyright . Share U kunt deze pagina printen door gebruik te maken van de standaard print mogelijkheden in uw browser.
</post>
<signature>

</signature>
<external_links>

</external_links>
<country>NL</country>
<main_image>http://www.ed.nl/polopoly_fs/1.6282549.1471812372!image/image-6282549.jpg</main_image>
</document>
