<?xml version="1.0" encoding="UTF-8"?>
<document>
<type>mainstream</type>
<forum>http://www.aa.com.tr/rss/ajansgunceleng.xml</forum>
<forum_title>Anadolu Ajansı Güncel Haberler</forum_title>
<discussion_title>Real Madrid lige galibiyetle başladı</discussion_title>
<language>turkish</language>
<gmt_offset></gmt_offset>
<topic_url>http://aa.com.tr/tr/dunyadan-spor/real-madrid-lige-galibiyetle-basladi/632798</topic_url>
<topic_text>
Real Madrid lige galibiyetle başladı 
İspanya Birinci Futbol Ligi&apos;nin (La Liga) ilk haftasında Real Madrid, deplasmanda Real Sociedad&apos;ı 3-0 yendi. &apos;Hiçbir zaman parayı dinimin, kitabımın önüne geçirmedim&apos; Antalya&apos;da gol sesi çıkmadı Gençlerbirliği sezona 3 puanla başladı Akhisar Belediyespor deplasmanda galip Burak Yılmaz 3. golünü attı 
MADRİD 
İspanya Birinci Futbol Ligi &apos;nin ( La Liga ) ilk haftasında Real Madrid , deplasmanda Real Sociedad&apos; ı 3-0 yendi. 
Karşılaşmanın 2. dakikada Gareth Bale&apos;in golüyle 1-0 öne geçen Real Madrid, 40. dakikada Marco Asensio ile farkı 2&apos;ye çıkardı ve ilk yarı eflatun-beyazlıların 2-0&apos;lık üstünlüğüyle tamamlandı. 
İkinci devrede de rakibine oranla hücumda daha etkili olan Real Madrid&apos;de, Toni Kroos&apos;un 55. dakikadaki şutunda top direkten döndü. Bale, 90+4. dakikada kendisinin ikinci, takımın da üçüncü golünü atarak, karşılaşmanın sonucunu belirledi. 
Real Sociedad&apos;ı deplasmanda 3-0 yenen Real Madrid, böylece La Liga&apos;ya 3 puanla başladı. 
Real Madrid&apos;de sakatlıktan yeni çıkan kaleci Keylor Navas ile 2016 Avrupa Şampiyonası&apos;ndan dolayı takıma geç dahil olan Cristiano Ronaldo ve Pepe kadroda yer almadı. Ayrıca, Real Madrid Teknik Direktörü Zinedine Zidane&apos;ın, Isco ve James Rodriguez&apos;i yedek bırakması dikkati çekti. Isco, 72. dakikada Kroos&apos;un, James Rodriguez&apos;de 77. dakikada Alvaro Morata&apos;nın yerine oyuna girdi. Irkçı tezahürat 
La Liga&apos;nın birinci haftasındaki Sporting Gijon-Athletic Bilbao maçında tribünlerden yapılan ırkçı tezahürat, karşılaşmanın kısa süreliğine de olsa durmasına neden oldu. 
Müsabaka 0-0 devam ederken 22. dakikada yaşanan olayda, Sporting tribünlerinden Athletic Bilbao&apos;nın İspanyol siyahi oyuncusu Inaki Williams&apos;a yönelik olarak yapılan ırkçı tezahüratı duyan hakem Carlos Gomez, karşılaşmayı durdurdu. Irkçılık ve yabancı düşmanlığına karşı statta anons yaptırarak taraftarların uyarılmasını sağlayan hakem, birkaç dakikalık aranın ardından maçı kaldığı yerden devam ettirdi. Maç sonunda Sporting Gijon, Athletic Bilbao&apos;yu 2-1 yendi. 
Muhabir: Şenhan Bolelli
</topic_text>
<spam_score>0.00</spam_score>
<post_num>1</post_num>
<post_id>post-1</post_id>
<post_url>http://aa.com.tr/tr/dunyadan-spor/real-madrid-lige-galibiyetle-basladi/632798</post_url>
<post_date>20160821</post_date>
<post_time>2040</post_time>
<username></username>
<post>
Real Madrid lige galibiyetle başladı 
İspanya Birinci Futbol Ligi&apos;nin (La Liga) ilk haftasında Real Madrid, deplasmanda Real Sociedad&apos;ı 3-0 yendi. &apos;Hiçbir zaman parayı dinimin, kitabımın önüne geçirmedim&apos; Antalya&apos;da gol sesi çıkmadı Gençlerbirliği sezona 3 puanla başladı Akhisar Belediyespor deplasmanda galip Burak Yılmaz 3. golünü attı 
MADRİD 
İspanya Birinci Futbol Ligi &apos;nin ( La Liga ) ilk haftasında Real Madrid , deplasmanda Real Sociedad&apos; ı 3-0 yendi. 
Karşılaşmanın 2. dakikada Gareth Bale&apos;in golüyle 1-0 öne geçen Real Madrid, 40. dakikada Marco Asensio ile farkı 2&apos;ye çıkardı ve ilk yarı eflatun-beyazlıların 2-0&apos;lık üstünlüğüyle tamamlandı. 
İkinci devrede de rakibine oranla hücumda daha etkili olan Real Madrid&apos;de, Toni Kroos&apos;un 55. dakikadaki şutunda top direkten döndü. Bale, 90+4. dakikada kendisinin ikinci, takımın da üçüncü golünü atarak, karşılaşmanın sonucunu belirledi. 
Real Sociedad&apos;ı deplasmanda 3-0 yenen Real Madrid, böylece La Liga&apos;ya 3 puanla başladı. 
Real Madrid&apos;de sakatlıktan yeni çıkan kaleci Keylor Navas ile 2016 Avrupa Şampiyonası&apos;ndan dolayı takıma geç dahil olan Cristiano Ronaldo ve Pepe kadroda yer almadı. Ayrıca, Real Madrid Teknik Direktörü Zinedine Zidane&apos;ın, Isco ve James Rodriguez&apos;i yedek bırakması dikkati çekti. Isco, 72. dakikada Kroos&apos;un, James Rodriguez&apos;de 77. dakikada Alvaro Morata&apos;nın yerine oyuna girdi. Irkçı tezahürat 
La Liga&apos;nın birinci haftasındaki Sporting Gijon-Athletic Bilbao maçında tribünlerden yapılan ırkçı tezahürat, karşılaşmanın kısa süreliğine de olsa durmasına neden oldu. 
Müsabaka 0-0 devam ederken 22. dakikada yaşanan olayda, Sporting tribünlerinden Athletic Bilbao&apos;nın İspanyol siyahi oyuncusu Inaki Williams&apos;a yönelik olarak yapılan ırkçı tezahüratı duyan hakem Carlos Gomez, karşılaşmayı durdurdu. Irkçılık ve yabancı düşmanlığına karşı statta anons yaptırarak taraftarların uyarılmasını sağlayan hakem, birkaç dakikalık aranın ardından maçı kaldığı yerden devam ettirdi. Maç sonunda Sporting Gijon, Athletic Bilbao&apos;yu 2-1 yendi. 
Muhabir: Şenhan Bolelli
</post>
<signature>

</signature>
<external_links>

</external_links>
<country>TR</country>
<main_image>http://aa.com.tr/uploads/Contents/2016/08/21/thumbs_b_c_c90d611e88f148c6256ed3e02365d4d5.jpg</main_image>
</document>
