<?xml version="1.0" encoding="UTF-8"?>
<document>
<type>mainstream</type>
<forum>http://www.theguardian.com/uk/rss</forum>
<forum_title>The Guardian</forum_title>
<discussion_title>Russia still the architect of destruction in Aleppo | Opinion</discussion_title>
<language>english</language>
<gmt_offset></gmt_offset>
<topic_url>https://www.theguardian.com/commentisfree/picture/2016/aug/21/russia-still-the-architect-of-destruction-in-aleppo</topic_url>
<topic_text>
Illustration: Chris Riddell Chris Riddell 
Sunday 21 August 2016 00.05 BST Last modified on Sunday 21 August 2016 01.48 BST 
Share on Facebook Share on Twitter Share via Email Share on Pinterest Share on Google+ Share on WhatsApp Share on Messenger
</topic_text>
<spam_score>0.00</spam_score>
<post_num>19</post_num>
<post_id>post-19</post_id>
<post_url>https://www.theguardian.com/commentisfree/picture/2016/aug/21/russia-still-the-architect-of-destruction-in-aleppo#comment-81595210</post_url>
<post_date>20160821</post_date>
<post_time>1919</post_time>
<username>Shotcricket</username>
<post>
Yemen must be hoping the Russki&apos;s become the architects of their fracas too....as the present attacks are led by the Saudi&apos;s with tacit support from the US, although the planes now committing something between genocide &amp; atrocities that would be deemed war crimes if t&apos;were anyone else were likely to have been supplied by them &amp; come to that us.
While Libya is the shame of Western policy having bombed its health/education/infrastructure back into the sand little wonder the southern coasts of Europe are littered with refugees &amp; many dead bloated bodies &amp; within those that did arrive &amp; breathing will be those with intent on exacting revenge it is little use indeed logic to speak of the training camps of Afghanistan/Pakistan &amp; the radicalisation the radicalisation will not be difficult as the images of then &amp; now, of Western leaders stood on the platform in Libya itself &amp; almost orgasmic in their celebrations at what they, er er achieved.
We don&apos;t need to look at Russia to blame, the mirror will give a far more accurate reflection of the protagonists.
</post>
<signature>

</signature>
<external_links>

</external_links>
<country>US</country>
<main_image>https://i.guim.co.uk/img/media/63b904845694b70b01cd9cb1f823b2a88886e06e/66_55_4258_2556/4258.jpg?w=1200&amp;amp;h=630&amp;amp;q=55&amp;amp;auto=format&amp;amp;usm=12&amp;amp;fit=crop&amp;amp;bm=normal&amp;amp;ba=bottom%2Cleft&amp;amp;blend64=aHR0cHM6Ly91cGxvYWRzLmd1aW0uY28udWsvMjAxNi8wNS8yNS9vdmVybGF5LWxvZ28tMTIwMC05MF9vcHQucG5n&amp;amp;s=9252e8eab8cb746d374d9212236e6c59</main_image>
</document>
