<?xml version="1.0" encoding="UTF-8"?>
<document>
<type>mainstream</type>
<forum>http://www.boerse.sx/external.php?type=RSS2</forum>
<forum_title>Boerse.SX Boerse.BZ Alternative</forum_title>
<discussion_title>Patrick Salmen Rätselbücher</discussion_title>
<language>german</language>
<gmt_offset></gmt_offset>
<topic_url>http://www.boerse.sx/boerse/dokumente/dokumente-suche/1178171-patrick-salmen-raetselbuecher.html</topic_url>
<topic_text>
Patrick Salmen Rätselbücher &quot;Du kannst alles schaffen was du willst, außer es ist zu schwierig&quot;, &quot;Die letzten werden die ersten sein, außer sie sind zu langsam&quot; oder &quot;Aufgeben ist keine Lösung. Außer bei Paketen&quot;. Wäre schön wenn jemand alle oder zumindest eins hochlädt.
</topic_text>
<spam_score>0.00</spam_score>
<post_num>1</post_num>
<post_id>post-1</post_id>
<post_url>http://www.boerse.sx/boerse/dokumente/dokumente-suche/1178171-patrick-salmen-raetselbuecher.html</post_url>
<post_date>20160821</post_date>
<post_time>1726</post_time>
<username>wurst45657</username>
<post>
Patrick Salmen Rätselbücher &quot;Du kannst alles schaffen was du willst, außer es ist zu schwierig&quot;, &quot;Die letzten werden die ersten sein, außer sie sind zu langsam&quot; oder &quot;Aufgeben ist keine Lösung. Außer bei Paketen&quot;. Wäre schön wenn jemand alle oder zumindest eins hochlädt.
</post>
<signature>

</signature>
<external_links>

</external_links>
<country>SX</country>
<main_image></main_image>
</document>
