<?xml version="1.0" encoding="UTF-8"?>
<document>
<type>mainstream</type>
<forum>http://feeds2.feedburner.com/DailyexaminercomauNational</forum>
<forum_title>dailyexaminer.com.au: National News</forum_title>
<discussion_title>How the one-armed bandits became cash gobblers</discussion_title>
<language>english</language>
<gmt_offset></gmt_offset>
<topic_url>http://www.dailyexaminer.com.au/news/how-one-armed-bandits-became-cash-gobblers/3076966/</topic_url>
<topic_text>
How the one-armed bandits became cash gobblers Sherele Moody | 22nd Aug 2016 6:00 AM Sherele Moody VIDEO: Watch Australia&apos;s &apos;pokie king&apos; in action 
POKER machines have been around for about 125 years. Invented in 1891 by a couple of American blokes, the first one-armed bandit - so called because they had one lever and generally &quot;robbed&quot; players of their money - had five spinning drums with playing card symbols. A gambler would spend a nickel in the hopes of getting a winning poker hand. If the cards rolled their way (for example they scored a pair of kings) the punter would go to the bar to collect their prize - often cigars or drinks. This cumbersome machine was soon replaced with &quot;slot&quot; machines that had three spinning reels, five to 20 symbols such as pictures of fruit, and the ability to pay out jackpots in coins. A one-armed bandit with three reels and 20 symbols on each reel had winning odds of about one in 8000. The first fully &quot;electromechanical&quot; slot machine was developed in 1963. READ MORE: Pokemon Go could feed gambling addictions 
Called Money Honey, the machine had buttons at the front, consigning the side arm to being an esthetic appendage. Gambling dens and casinos embraced these machines because they could automatically pay out many more coins - 500 to be exact - thus reducing floor staff wage bills. In 1976, businesses took a punt on slot machines with video displays and by 1994 gamblers could choose from three different pokie games on the one machine. Modern pokies are completely computerised with random number generating software at their heart. And the odds of the top prize on a poker machine going off on these sophisticated profit engines? The Queensland Government estimates it is around one in seven million - but only if you play the maximum lines. Today&apos;s machines can cost up to $20,000 each and they are manufactured by a select few companies - mainly Aristocrat, International Gaming Technology, Ainsworth Game Technology, WMS Gaming, Aruze Gaming and Konami (once a major player in computer and arcade gaming). - ARM NEWSDESK 
For 24-hour support call The Gambling Helpline on 1800 858 858.
</topic_text>
<spam_score>0.00</spam_score>
<post_num>1</post_num>
<post_id>post-1</post_id>
<post_url>http://www.dailyexaminer.com.au/news/how-one-armed-bandits-became-cash-gobblers/3076966/</post_url>
<post_date>20160821</post_date>
<post_time>1400</post_time>
<username></username>
<post>
How the one-armed bandits became cash gobblers Sherele Moody | 22nd Aug 2016 6:00 AM Sherele Moody VIDEO: Watch Australia&apos;s &apos;pokie king&apos; in action 
POKER machines have been around for about 125 years. Invented in 1891 by a couple of American blokes, the first one-armed bandit - so called because they had one lever and generally &quot;robbed&quot; players of their money - had five spinning drums with playing card symbols. A gambler would spend a nickel in the hopes of getting a winning poker hand. If the cards rolled their way (for example they scored a pair of kings) the punter would go to the bar to collect their prize - often cigars or drinks. This cumbersome machine was soon replaced with &quot;slot&quot; machines that had three spinning reels, five to 20 symbols such as pictures of fruit, and the ability to pay out jackpots in coins. A one-armed bandit with three reels and 20 symbols on each reel had winning odds of about one in 8000. The first fully &quot;electromechanical&quot; slot machine was developed in 1963. READ MORE: Pokemon Go could feed gambling addictions 
Called Money Honey, the machine had buttons at the front, consigning the side arm to being an esthetic appendage. Gambling dens and casinos embraced these machines because they could automatically pay out many more coins - 500 to be exact - thus reducing floor staff wage bills. In 1976, businesses took a punt on slot machines with video displays and by 1994 gamblers could choose from three different pokie games on the one machine. Modern pokies are completely computerised with random number generating software at their heart. And the odds of the top prize on a poker machine going off on these sophisticated profit engines? The Queensland Government estimates it is around one in seven million - but only if you play the maximum lines. Today&apos;s machines can cost up to $20,000 each and they are manufactured by a select few companies - mainly Aristocrat, International Gaming Technology, Ainsworth Game Technology, WMS Gaming, Aruze Gaming and Konami (once a major player in computer and arcade gaming). - ARM NEWSDESK 
For 24-hour support call The Gambling Helpline on 1800 858 858.
</post>
<signature>

</signature>
<external_links>

</external_links>
<country>AU</country>
<main_image>https://media.apnarm.net.au/img/media/images/2016/08/15/odds-wuutxm96gfw73541qm2_ct300x300.jpg</main_image>
</document>
