<?xml version="1.0" encoding="UTF-8"?>
<document>
<type>mainstream</type>
<forum>http://economictimes.indiatimes.com/News/rssfeeds/1715249553.cms</forum>
<forum_title>News-The Economic Times</forum_title>
<discussion_title>Government to take over power to protect honest bureaucrats from probe: H.C. Gupta</discussion_title>
<language>english</language>
<gmt_offset></gmt_offset>
<topic_url>http://economictimes.indiatimes.com/news/politics-and-nation/government-to-take-over-power-to-protect-honest-bureaucrats-from-probe-h-c-gupta/articleshow/53800937.cms</topic_url>
<topic_text>
NEW DELHI: With bureaucrats complaining of harassment in light of former coal secretary H.C. Gupta&apos;s emotional plea to a court this week in the coal scam, the government could take the power of disallowing such future probes into its own hands. 

This step could come on the back of a strong recommendation by a parliamentary standing committee report on the proposed Prevention of Corruption (Amendment) Bill. The bill stipulates that police or probe agencies must obtain sanction of Lokpal or state Lokayuktas before initiating any corruption inquiry or probe against any serving or retired government official. 

In a report this week, the parliamentary committee, with almost all states backing the move, has proposed that the power to grant this sanction must be with the competent authority (ministry/department) in the centre or state government, as they will be the ones more conversant with their employee&apos;s conduct. 

Gupta, the former coal secretary, was booked in the scam by the CBI after his retirement. Under the present Prevention of Corruption Act, 1988, no protection by way of prior sanction from government is available to retired officials at the stage of initiation of inquiry or at the time of chargesheet. 

Gupta, who has been hence charge-sheeted by the CBI in multiple coal scam cases without any sanction requirement, made an emotional plea to the trial court this week to send him to jail as he had no money to fight the cases. 

Gupta has pleaded innocence saying he did not commit any corruption in the coal scam and was only discharging his official duty as the secretary. 

&quot;Several stakeholders stated that the grant of sanction by Lokpal/Lokayukta for prosecuting public servants under Section 23 of the Lokpal &amp; Lokayuktas Act, 2013 may be ultra vires of Article 311 of Constitution. 

It was felt that disciplinary/ appointing authority should retain the power to grant sanction of prosecution of Government servant as that authority is well-versed with the functioning and conduct of his/her employee,&quot; the parliamentary standing committee, headed by BJP MP Bhupendra Yadav , said in its report. 

The report says almost all states/UTs backed this. &quot;Honest bureaucrats need to be protected for taking bonafide decisions,&quot; a senior official said. 

If the government accepts this in the amendment bill which could come to Parliament in the next session, it will apportion the power to itself to grant or deny sanction for inquiries against its serving or retired government officials. 

This will only be in cases where the alleged offence is &quot;relatable to any recommendation made or decision taken by such public servant in discharge of his official functions or duties and where the official has not been caught red-handed accepting the bribe&quot;. 

This is a narrower protection compared to Section 6A of DPSE Act which extended such protection to Joint Secretary-level and above officers in corruption cases, and was scrapped by SC. 

The PC (Amendment) Bill has been hanging fire for last three years after it was introduced in Parliament on August 19, 2013. It brought &apos;prior government sanction&apos; protection for retired government officials who could have been booked post superannuation for a corruption matter dating back to their service days. 

A number of retired government officials, like HC Gupta , former coal secretary PC Parakh were booked by CBI earlier in the coal scam. The CBI had also begun a preliminary enquiry against former SEBI Chief C.V. Bhave, which it closed later. Before the parliamentary committee, CBI opposed the move of the government taking over the sanction power.  
</topic_text>
<spam_score>0.00</spam_score>
<post_num>4</post_num>
<post_id>post-4</post_id>
<post_url>http://economictimes.indiatimes.com/news/politics-and-nation/government-to-take-over-power-to-protect-honest-bureaucrats-from-probe-h-c-gupta/articleshow/53800937.cms</post_url>
<post_date>20160822</post_date>
<post_time>0027</post_time>
<username>Rajesh Chheda</username>
<post>
Congress played a dirty game, to weaken the inquiry into coal scam, it unleashed CBI on honest officers and even honest businessmen along with corrupt whom it was dragging it&apos;&apos;s feet to book them. This changed India&apos;&apos;s administration forever with bureaucrats simply avoiding decision or passing the file to someone else to take the decision putting India into policy paralysis mode which is one of the major causes for non-performance of Modi govt. Changing the law to protect honest bureaucrats is fraught with risks at it can be used to protect the corrupt, the high and mighty. Problem has no easy solutions as decisions have to be taken, and if they can be questioned, policy paralysis will always remain intact.
</post>
<signature>

</signature>
<external_links>

</external_links>
<country>IN</country>
<main_image>http://economictimes.indiatimes.com/thumb/msid-53801047,width-600,resizemode-4,imglength-115614/news/politics-and-nation/government-to-take-over-power-to-protect-honest-bureaucrats-from-probe-h-c-gupta/reuters-coal-story.jpg</main_image>
</document>
