<?xml version="1.0" encoding="UTF-8"?>
<document>
<type>mainstream</type>
<forum>http://www.appledaily.com.tw/rss/create/kind/sec/type/1</forum>
<forum_title>&lt;&lt;蘋果日報&gt;&gt;日報總覽</forum_title>
<discussion_title>面對讓人又愛又恨的青春產物其實你可以…</discussion_title>
<language>chineset</language>
<gmt_offset></gmt_offset>
<topic_url>http://www.appledaily.com.tw/appledaily/article/headline/20160822/37353175/</topic_url>
<topic_text>
「一定是我沒有把臉洗乾淨，所以才會臉泛油光、長痘痘」、「是不是因為我有痘痘，所以他才不喜歡我」、「痘痘讓我不想見人」正值青春期的你，是否對以上狀態心有戚戚焉？青春痘真的是一個象徵年輕卻又討人厭的過程啊！ 含過氧化苯醯(BPO)及AC配方， (15g/ $300，全省康是美、屈臣氏及各大藥局通路均有販售) 青春痘又稱痤瘡，好發年齡為12~25歲，由於毛孔角質化異常導致毛孔阻塞、皮脂腺分泌旺盛使皮脂堆積、痤瘡桿菌大量增加，而產生粉刺、青春痘。許哲豪皮膚科診所院長許哲豪醫師說，青春痘雖不是致命的疾病，但若沒有積極、或以正確方式治療，可能同時影響身、心理。常見家長有「青春痘不是病，久了就會自己好」的觀念，而放任不治療，造成患者的青春痘惡化、反覆滋生或產生疤痕；更常見青少年因青春痘或痘疤產生心理障礙，進而影響人際交往。 在青春痘治療方面，許哲豪醫師提到，診間常見患者使用錯誤方式治療青春痘，像是在青春痘部位塗抹牙膏、貼沙隆巴斯，甚至拿未消毒的縫衣針刺破膿皰，造成青春痘感染惡化，也可能引起皮膚過敏或因延誤治療產生痘疤，延長治療時間。 許哲豪醫師說明，青春痘治療主要會依不同程度而定： 1) 輕微的粉刺型痤瘡：通常以外用A酸、杜鵑花酸等進行治療，清除毛孔內的堆積角質。 2) 已發炎的丘疹或膿皰：常見以含有治痘成分的外用藥物，如外用抗生素、過氧化苯醯(BPO)，減少痤瘡桿菌，而降低游離脂肪酸濃度，並減少粉刺的形成。但是常見使用含過氧化苯醯成份(BPO)的藥物後，會出現皮膚乾燥、脫皮等副作用，建議可選擇同時含有AC配方(Acrylates Copolymer + Glycerin)的治痘藥物，除了可減少乾燥及脫屑等刺激現象，還能吸收油脂達到防止毛孔阻塞的作用。 3) 中度或嚴重青春痘：除了使用外用藥物外，更會搭配口服抗生素、口服荷爾蒙或口服A酸藥物，以抑制痤瘡桿菌及消炎。 面對青春痘，除應積極治療外，更應注重溫和清潔。許哲豪醫師說，常有患者認為長青春痘的原因是肌膚出油，多洗幾次臉，才不會長青春痘；其實洗太多次臉有時會造成皮膚的過度清潔與刺激，一天清潔臉部2~4次便已足夠。在青春痘肌的護理上可依循保養步驟，第一步使用溫和不刺激的洗臉產品清潔，第二步在醫師指示下使用治痘凝膠，以加強青春痘護理。另外清洗完青春痘肌膚後，可搭配保濕保養品，讓肌膚維持保濕，但是要避免使用致粉刺性成份的保養品。 倍克清清潔系列產品，為偏弱酸性可舒緩並有保濕效果，讓臉在洗乾淨的同時，不會有乾燥狀況，全省康是美、屈臣氏及各大藥局通路均有販售。 控油潔膚凝露120ml/ $295
</topic_text>
<spam_score>0.00</spam_score>
<post_num>1</post_num>
<post_id>post-1</post_id>
<post_url>http://www.appledaily.com.tw/appledaily/article/headline/20160822/37353175/</post_url>
<post_date>20160821</post_date>
<post_time>2300</post_time>
<username></username>
<post>
「一定是我沒有把臉洗乾淨，所以才會臉泛油光、長痘痘」、「是不是因為我有痘痘，所以他才不喜歡我」、「痘痘讓我不想見人」正值青春期的你，是否對以上狀態心有戚戚焉？青春痘真的是一個象徵年輕卻又討人厭的過程啊！ 含過氧化苯醯(BPO)及AC配方， (15g/ $300，全省康是美、屈臣氏及各大藥局通路均有販售) 青春痘又稱痤瘡，好發年齡為12~25歲，由於毛孔角質化異常導致毛孔阻塞、皮脂腺分泌旺盛使皮脂堆積、痤瘡桿菌大量增加，而產生粉刺、青春痘。許哲豪皮膚科診所院長許哲豪醫師說，青春痘雖不是致命的疾病，但若沒有積極、或以正確方式治療，可能同時影響身、心理。常見家長有「青春痘不是病，久了就會自己好」的觀念，而放任不治療，造成患者的青春痘惡化、反覆滋生或產生疤痕；更常見青少年因青春痘或痘疤產生心理障礙，進而影響人際交往。 在青春痘治療方面，許哲豪醫師提到，診間常見患者使用錯誤方式治療青春痘，像是在青春痘部位塗抹牙膏、貼沙隆巴斯，甚至拿未消毒的縫衣針刺破膿皰，造成青春痘感染惡化，也可能引起皮膚過敏或因延誤治療產生痘疤，延長治療時間。 許哲豪醫師說明，青春痘治療主要會依不同程度而定： 1) 輕微的粉刺型痤瘡：通常以外用A酸、杜鵑花酸等進行治療，清除毛孔內的堆積角質。 2) 已發炎的丘疹或膿皰：常見以含有治痘成分的外用藥物，如外用抗生素、過氧化苯醯(BPO)，減少痤瘡桿菌，而降低游離脂肪酸濃度，並減少粉刺的形成。但是常見使用含過氧化苯醯成份(BPO)的藥物後，會出現皮膚乾燥、脫皮等副作用，建議可選擇同時含有AC配方(Acrylates Copolymer + Glycerin)的治痘藥物，除了可減少乾燥及脫屑等刺激現象，還能吸收油脂達到防止毛孔阻塞的作用。 3) 中度或嚴重青春痘：除了使用外用藥物外，更會搭配口服抗生素、口服荷爾蒙或口服A酸藥物，以抑制痤瘡桿菌及消炎。 面對青春痘，除應積極治療外，更應注重溫和清潔。許哲豪醫師說，常有患者認為長青春痘的原因是肌膚出油，多洗幾次臉，才不會長青春痘；其實洗太多次臉有時會造成皮膚的過度清潔與刺激，一天清潔臉部2~4次便已足夠。在青春痘肌的護理上可依循保養步驟，第一步使用溫和不刺激的洗臉產品清潔，第二步在醫師指示下使用治痘凝膠，以加強青春痘護理。另外清洗完青春痘肌膚後，可搭配保濕保養品，讓肌膚維持保濕，但是要避免使用致粉刺性成份的保養品。 倍克清清潔系列產品，為偏弱酸性可舒緩並有保濕效果，讓臉在洗乾淨的同時，不會有乾燥狀況，全省康是美、屈臣氏及各大藥局通路均有販售。 控油潔膚凝露120ml/ $295
</post>
<signature>

</signature>
<external_links>

</external_links>
<country>TW</country>
<main_image>http://twimg.edgesuite.net//images/twapple/640pix/20160822/_Other/20160822EIOQ00.jpg</main_image>
</document>
