<?xml version="1.0" encoding="UTF-8"?>
<document>
<type>mainstream</type>
<forum>http://k.img.com.ua/rss/ru/sport.xml</forum>
<forum_title>Последние новости по разделу Новости спорта на сайте korrespondent.net</forum_title>
<discussion_title>Баскетбол. Сборная США завоевывает золото</discussion_title>
<language>russian</language>
<gmt_offset></gmt_offset>
<topic_url>http://korrespondent.net/sport/other/3734833-basketbol-sbornaia-ssha-zavoevyvaet-zoloto</topic_url>
<topic_text>
Баскетбол. Сборная США завоевывает золото iSport.ua, Сегодня, 23:34 Фото: fiba.com Фантастическая игра Дюранта сломила сопротивление сербов уже во второй четверти поединка В финальном поединке сборная США уничтожила команду Сербии, и в третий раз подряд завоевала высшую награду Олимпиады. 
Сербия – США 66:96 (15:19, 14:33, 14:27, 23:17 ) 
Сербия: Недович (14), Мачван (11), Теодосич (9), Богданович (7), Радульица (7), Йокич (6), Симонович (3), Йович (3), Маркович (3), Калинич (2), Бирчевич (1) 
США: Дюрант (30), Казинс (13+15 подборов), Томпсон (12), Джордж (9), Энтони (7+7 подборов), ДеРозан (6), Лаури (5+5 подборов+5 передач), Ирвинг (4+4 передачи), Джордан (4+5 подборов), Грин (2), Батлер (2), Барнс (2) 
Отчет о поединке появится на нашем сайте чуть позже
</topic_text>
<spam_score>0.00</spam_score>
<post_num>1</post_num>
<post_id>post-1</post_id>
<post_url>http://korrespondent.net/sport/other/3734833-basketbol-sbornaia-ssha-zavoevyvaet-zoloto</post_url>
<post_date>20160821</post_date>
<post_time>2034</post_time>
<username>1524</username>
<post>
Баскетбол. Сборная США завоевывает золото iSport.ua, Сегодня, 23:34 Фото: fiba.com Фантастическая игра Дюранта сломила сопротивление сербов уже во второй четверти поединка В финальном поединке сборная США уничтожила команду Сербии, и в третий раз подряд завоевала высшую награду Олимпиады. 
Сербия – США 66:96 (15:19, 14:33, 14:27, 23:17 ) 
Сербия: Недович (14), Мачван (11), Теодосич (9), Богданович (7), Радульица (7), Йокич (6), Симонович (3), Йович (3), Маркович (3), Калинич (2), Бирчевич (1) 
США: Дюрант (30), Казинс (13+15 подборов), Томпсон (12), Джордж (9), Энтони (7+7 подборов), ДеРозан (6), Лаури (5+5 подборов+5 передач), Ирвинг (4+4 передачи), Джордан (4+5 подборов), Грин (2), Батлер (2), Барнс (2) 
Отчет о поединке появится на нашем сайте чуть позже
</post>
<signature>

</signature>
<external_links>

</external_links>
<country>UA</country>
<main_image>http://kor.ill.in.ua/m/190x120/1867989.jpg</main_image>
</document>
