<?xml version="1.0" encoding="UTF-8"?>
<document>
<type>mainstream</type>
<forum>http://www.sermonaudio.com/rss_source.rss</forum>
<forum_title>SermonAudio.com</forum_title>
<discussion_title>Walking in Love</discussion_title>
<language>english</language>
<gmt_offset></gmt_offset>
<topic_url>http://www.sermonaudio.com/sermoninfo.asp?m=t&amp;s=821161640364</topic_url>
<topic_text>
I Am the Door of the Sheep  10/12/2014 Marcus Serven Pastor Marcus Serven has been a Presbyterian minister since 1980 and currently serves at Covenant Family Church (OPC) in Troy, Missouri. In addition to his pastoral ministry, Marcus has a great love for the history of Christâs Church and has written and lectured widely on the Reformation... Listen to more sermons by this speaker | more 
</topic_text>
<spam_score>0.00</spam_score>
<post_num>1</post_num>
<post_id>post-1</post_id>
<post_url>http://www.sermonaudio.com/sermoninfo.asp?m=t&amp;s=821161640364</post_url>
<post_date>20160821</post_date>
<post_time>2145</post_time>
<username>Marcus Serven</username>
<post>
I Am the Door of the Sheep  10/12/2014 Marcus Serven Pastor Marcus Serven has been a Presbyterian minister since 1980 and currently serves at Covenant Family Church (OPC) in Troy, Missouri. In addition to his pastoral ministry, Marcus has a great love for the history of Christâs Church and has written and lectured widely on the Reformation... Listen to more sermons by this speaker | more 
</post>
<signature>

</signature>
<external_links>

</external_links>
<country>US</country>
<main_image>http://vps.sermonaudio.com/resize_image/speakers/podcast/300/300/ServenMarcus.jpg</main_image>
</document>
