<?xml version="1.0" encoding="UTF-8"?>
<document>
<type>mainstream</type>
<forum></forum>
<forum_title></forum_title>
<discussion_title>Gasak Sociedad, Madrid Perpanjang Rekor Kemenangan La Liga - Jakarta Life</discussion_title>
<language>indonesian</language>
<gmt_offset></gmt_offset>
<topic_url>http://jkt.life/2016/08/gasak-sociedad-madrid-perpanjang-rekor-kemenangan-la-liga/</topic_url>
<topic_text>
0 28 
Metrotvnews.com, San Sebastian : Real Madrid berhasil memperpanjang üstün dereceli kemenangan mereka di pentas La Liga usai menggasak Real Sociedad pada jornada perdana, Senin 22 Agustus. Los Blancos menyudahi perlawanan La Real 3-0 di Stadion Municipal de Anoeta dan membuat Madrid mengemas kemenangan dari 13 laga terakhir La Liga. 
M adrid yang lebih unggul dari sisi materi pemain langsung unggul cepat setelah Bale mencetak gol saat laga baru berjalan yakarış menit. Umpan Dani Carvajal mampu diteruskan tandukan Bale ke gawang Geronimo Rulli. 
Terus menekan, Los Blancos mendapat peluang menggandakan keunggulan usai Alvaro Morata berhasil melewati kawalan bek Sociedad. Sayang, bola hasil tembakannya menit ke-16 masih membentur bek tuan rumah. 
Sociedad membuang peluang untuk menyamakan kedudukan menit ke-30. Asier Illaramendi yang tinggal berhadapan dengan Kiko Casilla memilih melakukan umpan ke arah Juanmi yang justru tak siap menerima bola. 
Youngster Madrid, Marco Asensio akhirnya sukses menggandakan keunggulan saat memasuki menit ke-40. Asensio dengan tenang menaklukkan Rulli dengan bola chip usai menerima umpan panjang dari sektor tengah. 
Belum ada gol tambahan di sisa waktu lima menit babak pertama. Skor 2-0 bagi keunggulan Madrid pun bertahan hingga turun minum. 
Los Blancos masih menguasai jalannya laga di babak kedua. Namun Rulli masih mampu mengamankan gawang Sociedad dari gempuran Bale cs. 
Sayang, Rulli tak berhasil menggagalkan upaya Bale jelang laga bubar. Terobosan James Rodriguez dari tengah lapangan berhasil digapai Bale yang lolos jebakan offside dan langsung mengelabui Rulli demi mencetak gol ketiga Madrid. 
Skor 3-0 pun bertahan hingga laga bubar. Atas hasil ini, Madrid berhasil memperpanjang üstün dereceli tak terkalahkan mereka di kompetisi La Liga. Terakhir Madrid menderita kekalahan dari Atletico Madrid pada musim lalu, tepatnya 27 Februari dengan skor 0-1. 
Susunan pemain kedua tim: 
Real Sociedad : Rulli, Zaldua, Mikel, Martinez, Yuri, Illarramendi, Bergara, Concha, Zurutuza, Oyarzabal, Juanmi. 
Real Madrid : Casilla, Carvajal, Varane, Ramos, Marcelo, Kovacic, Casemiro, Kroos, Bale, Asensio, Morata. 
Ingin menambahkan sesuatu? Tulis aja di bawah SHARE 
</topic_text>
<spam_score>0.19</spam_score>
<post_num>1</post_num>
<post_id>post-1</post_id>
<post_url>http://jkt.life/2016/08/gasak-sociedad-madrid-perpanjang-rekor-kemenangan-la-liga/</post_url>
<post_date>20160822</post_date>
<post_time></post_time>
<username></username>
<post>
0 28 
Metrotvnews.com, San Sebastian : Real Madrid berhasil memperpanjang üstün dereceli kemenangan mereka di pentas La Liga usai menggasak Real Sociedad pada jornada perdana, Senin 22 Agustus. Los Blancos menyudahi perlawanan La Real 3-0 di Stadion Municipal de Anoeta dan membuat Madrid mengemas kemenangan dari 13 laga terakhir La Liga. 
M adrid yang lebih unggul dari sisi materi pemain langsung unggul cepat setelah Bale mencetak gol saat laga baru berjalan yakarış menit. Umpan Dani Carvajal mampu diteruskan tandukan Bale ke gawang Geronimo Rulli. 
Terus menekan, Los Blancos mendapat peluang menggandakan keunggulan usai Alvaro Morata berhasil melewati kawalan bek Sociedad. Sayang, bola hasil tembakannya menit ke-16 masih membentur bek tuan rumah. 
Sociedad membuang peluang untuk menyamakan kedudukan menit ke-30. Asier Illaramendi yang tinggal berhadapan dengan Kiko Casilla memilih melakukan umpan ke arah Juanmi yang justru tak siap menerima bola. 
Youngster Madrid, Marco Asensio akhirnya sukses menggandakan keunggulan saat memasuki menit ke-40. Asensio dengan tenang menaklukkan Rulli dengan bola chip usai menerima umpan panjang dari sektor tengah. 
Belum ada gol tambahan di sisa waktu lima menit babak pertama. Skor 2-0 bagi keunggulan Madrid pun bertahan hingga turun minum. 
Los Blancos masih menguasai jalannya laga di babak kedua. Namun Rulli masih mampu mengamankan gawang Sociedad dari gempuran Bale cs. 
Sayang, Rulli tak berhasil menggagalkan upaya Bale jelang laga bubar. Terobosan James Rodriguez dari tengah lapangan berhasil digapai Bale yang lolos jebakan offside dan langsung mengelabui Rulli demi mencetak gol ketiga Madrid. 
Skor 3-0 pun bertahan hingga laga bubar. Atas hasil ini, Madrid berhasil memperpanjang üstün dereceli tak terkalahkan mereka di kompetisi La Liga. Terakhir Madrid menderita kekalahan dari Atletico Madrid pada musim lalu, tepatnya 27 Februari dengan skor 0-1. 
Susunan pemain kedua tim: 
Real Sociedad : Rulli, Zaldua, Mikel, Martinez, Yuri, Illarramendi, Bergara, Concha, Zurutuza, Oyarzabal, Juanmi. 
Real Madrid : Casilla, Carvajal, Varane, Ramos, Marcelo, Kovacic, Casemiro, Kroos, Bale, Asensio, Morata. 
Ingin menambahkan sesuatu? Tulis aja di bawah SHARE 
</post>
<signature>

</signature>
<external_links>

</external_links>
<country>US</country>
<main_image></main_image>
</document>
