<?xml version="1.0" encoding="UTF-8"?>
<document>
<type>mainstream</type>
<forum></forum>
<forum_title></forum_title>
<discussion_title>Municipio de Durango da paso a la modernidad - Durango al Día</discussion_title>
<language>spanish</language>
<gmt_offset></gmt_offset>
<topic_url>http://www.durangoaldia.com/municipio-durango-da-paso-la-modernidad/2016/08/</topic_url>
<topic_text>
Redacción 21/08/2016 
La capital del Estado ha dado un importante paso hacia la modernidad, la conectividad y la sustentabilidad, gracias a los logros alcanzado por el alcalde Carlos Contreras Galindo, destacó el presidente de la Gran Comisión del Congreso Local, Arturo Kampfner Díaz. 
Al acudir al Informe del Gobierno Municipal, destacó que en la actualidad se cuenta con más infraestructura educativa, con mejores vialidades, mayor cobertura en agua potable y alcantarillado; con más y mejores espacios públicos y con mejores condiciones de seguridad que promueven el turismo de Durango. 
El legislador comentó que estos resultados son fruto de los acuerdos y la coordinación de los tres niveles de gobierno, pero sobre todo del respaldo del gobernador Jorge Herrera Caldera. 
Sin embargo, precisó que debemos seguir apostándole a que Durango siga creciendo y transformándose, para continuar logrando mejores condiciones para los duranguenses, así como para las nuevas generaciones. 
El representante popular aseguró que una de las premisas de la administración municipal fue el manejo transparente de las finanzas públicas, el fortalecimiento de la infraestructura, el respaldo solidario a los sectores más vulnerables, la mejora de los servicios públicos, la innovación, el crecimiento económico con justicia y la armonía social. 
Abundó que los duranguenses cuentan con más viviendas dignas, con becas que permiten que los jóvenes contengan con sus estudios, se tiene una mayor cobertura en electrificación y con más espacios culturales, pero sobre todo con programas que benefician a los sectores de más escasos recursos. Deja tu comentario 
</topic_text>
<spam_score>0.20</spam_score>
<post_num>1</post_num>
<post_id>post-1</post_id>
<post_url>http://www.durangoaldia.com/municipio-durango-da-paso-la-modernidad/2016/08/</post_url>
<post_date>20160821</post_date>
<post_time></post_time>
<username></username>
<post>
Redacción 21/08/2016 
La capital del Estado ha dado un importante paso hacia la modernidad, la conectividad y la sustentabilidad, gracias a los logros alcanzado por el alcalde Carlos Contreras Galindo, destacó el presidente de la Gran Comisión del Congreso Local, Arturo Kampfner Díaz. 
Al acudir al Informe del Gobierno Municipal, destacó que en la actualidad se cuenta con más infraestructura educativa, con mejores vialidades, mayor cobertura en agua potable y alcantarillado; con más y mejores espacios públicos y con mejores condiciones de seguridad que promueven el turismo de Durango. 
El legislador comentó que estos resultados son fruto de los acuerdos y la coordinación de los tres niveles de gobierno, pero sobre todo del respaldo del gobernador Jorge Herrera Caldera. 
Sin embargo, precisó que debemos seguir apostándole a que Durango siga creciendo y transformándose, para continuar logrando mejores condiciones para los duranguenses, así como para las nuevas generaciones. 
El representante popular aseguró que una de las premisas de la administración municipal fue el manejo transparente de las finanzas públicas, el fortalecimiento de la infraestructura, el respaldo solidario a los sectores más vulnerables, la mejora de los servicios públicos, la innovación, el crecimiento económico con justicia y la armonía social. 
Abundó que los duranguenses cuentan con más viviendas dignas, con becas que permiten que los jóvenes contengan con sus estudios, se tiene una mayor cobertura en electrificación y con más espacios culturales, pero sobre todo con programas que benefician a los sectores de más escasos recursos. Deja tu comentario 
</post>
<signature>

</signature>
<external_links>

</external_links>
<country>US</country>
<main_image>http://www.durangoaldia.com/wp-content/uploads/2016/08/2016-08-21-PHOTO-00000035.jpg</main_image>
</document>
