<?xml version="1.0" encoding="UTF-8"?>
<document>
<type>mainstream</type>
<forum>http://www.tahrirnews.com/Rss/stream/tech</forum>
<forum_title>علوم و تكنولوجيا | التحرير الإخبـاري</forum_title>
<discussion_title>زهقت منها؟.. هذا البرنامج يخلصك من أي «بوست سياسة» على «فيسبوك»</discussion_title>
<language>arabic</language>
<gmt_offset></gmt_offset>
<topic_url>http://www.tahrirnews.com/posts/463383/%D8%A7%D9%84%D9%85%D9%86%D8%B4%D9%88%D8%B1%D8%A7%D8%AA+%D8%A7%D9%84%D8%B3%D9%8A%D8%A7%D8%B3%D9%8A%D8%A9+%D8%A7%D9%84%D8%B3%D9%8A%D8%A7%D8%B3%D8%A9+%D8%A7%D9%84%D8%B3%D9%8A%D8%A7%D8%B3%D8%A9+%D8%B9%D9%84%D9%89+%D9%81%D9%8A%D8%B3%D8%A8%D9%88%D9%83+%D9%81%D9%8A%D8%B3%D8%A8%D9%88%D9%83</topic_url>
<topic_text>
  صنع المطور جون برينسفيلد، برنامجًا، يعد بمثابة الملاذ للذين سئموا من قراءة أي شىء متعلق بالسياسة على «فيسبوك»، أو الذين يرغبون فقط في أخذ استراحة صغيرة منها. البرنامج يسمى «Remove All Politics From Facebook»، وهو عبارة عن امتداد صغير «Extension»، يمكن تحميله مجانًا على متصفح «جوجل كروم» الخاص بأجهزة الكمبيوتر، وسيتولى حجب أي منشور متعلق بالسياسة، سواء على الصفحة الرئيسية لحسابك على «فيسبوك»، أو الصفحات الأخرى، أو حتى الجروبات. وبمجرد تحميل البرنامج على «جوجل كروم»، سيظهر على هيئة أيقونة زرقاء في أعلى شريط المتصفح، بالضغط عليها وجعلها Off، لن يُعرض أي منشور سياسي على حسابك بفيسبوك، أما إذا جعلته On، فسوف تُعرض بشكل طبيعي. ويعتمد البرنامج في آلية حجب المنشورات السياسية، على قائمة موسعة بأسماء السياسيين، وهو متاح الآن باللغة الإنجليزية، وسوف يدعم لغات أخرى، منها العربية، خلال الفترة القادمة، وإذا كنت تريد مثالًا عمليًا على قوة هذا البرنامج، إليك أدناه صورتان من صفحة المرشح للرئاسة الأمريكية دونالد ترامب، الأولى معروض بها المنشورات بشكل طبيعي، أما الثانية، فتم تعطيل ظهورها، واستبدالها بسطور رمادية اللون. سيعجبك أيضا
</topic_text>
<spam_score>0.00</spam_score>
<post_num>1</post_num>
<post_id>post-1</post_id>
<post_url>http://www.tahrirnews.com/posts/463383/%D8%A7%D9%84%D9%85%D9%86%D8%B4%D9%88%D8%B1%D8%A7%D8%AA+%D8%A7%D9%84%D8%B3%D9%8A%D8%A7%D8%B3%D9%8A%D8%A9+%D8%A7%D9%84%D8%B3%D9%8A%D8%A7%D8%B3%D8%A9+%D8%A7%D9%84%D8%B3%D9%8A%D8%A7%D8%B3%D8%A9+%D8%B9%D9%84%D9%89+%D9%81%D9%8A%D8%B3%D8%A8%D9%88%D9%83+%D9%81%D9%8A%D8%B3%D8%A8%D9%88%D9%83</post_url>
<post_date>20160821</post_date>
<post_time>1715</post_time>
<username></username>
<post>
  صنع المطور جون برينسفيلد، برنامجًا، يعد بمثابة الملاذ للذين سئموا من قراءة أي شىء متعلق بالسياسة على «فيسبوك»، أو الذين يرغبون فقط في أخذ استراحة صغيرة منها. البرنامج يسمى «Remove All Politics From Facebook»، وهو عبارة عن امتداد صغير «Extension»، يمكن تحميله مجانًا على متصفح «جوجل كروم» الخاص بأجهزة الكمبيوتر، وسيتولى حجب أي منشور متعلق بالسياسة، سواء على الصفحة الرئيسية لحسابك على «فيسبوك»، أو الصفحات الأخرى، أو حتى الجروبات. وبمجرد تحميل البرنامج على «جوجل كروم»، سيظهر على هيئة أيقونة زرقاء في أعلى شريط المتصفح، بالضغط عليها وجعلها Off، لن يُعرض أي منشور سياسي على حسابك بفيسبوك، أما إذا جعلته On، فسوف تُعرض بشكل طبيعي. ويعتمد البرنامج في آلية حجب المنشورات السياسية، على قائمة موسعة بأسماء السياسيين، وهو متاح الآن باللغة الإنجليزية، وسوف يدعم لغات أخرى، منها العربية، خلال الفترة القادمة، وإذا كنت تريد مثالًا عمليًا على قوة هذا البرنامج، إليك أدناه صورتان من صفحة المرشح للرئاسة الأمريكية دونالد ترامب، الأولى معروض بها المنشورات بشكل طبيعي، أما الثانية، فتم تعطيل ظهورها، واستبدالها بسطور رمادية اللون. سيعجبك أيضا
</post>
<signature>

</signature>
<external_links>

</external_links>
<country>US</country>
<main_image>http://www.tahrirnews.com/files/cached/images/91670aa98d154e2c8626bfe2edbfc95e.jpg</main_image>
</document>
