<?xml version="1.0" encoding="UTF-8"?>
<document>
<type>mainstream</type>
<forum>http://www.ogloszenia.moja-ostroleka.pl/rss.php</forum>
<forum_title>Ogłoszenia - Moja Ostrołęka - Informator Miejski</forum_title>
<discussion_title>Samochody osobowe - Witam! Mam do sprzedania Opla ...</discussion_title>
<language>polish</language>
<gmt_offset></gmt_offset>
<topic_url>http://www.ogloszenia.moja-ostroleka.pl/opel-zafira,1525769.html</topic_url>
<topic_text>
Witam! Mam do sprzedania Opla Zafire 1,8 benzyna z 2003 roku 7-osobowy. Auto świeżo sprowadzone z Niemiec, zadbane, nie wymaga wkładu finansowego. Więcej informacji pod nr 666-368-916 Zapraszam do obejrzenia i na jazdę próbną. Odnośnik do tego ogłoszenia:
</topic_text>
<spam_score>0.00</spam_score>
<post_num>1</post_num>
<post_id>post-1</post_id>
<post_url>http://www.ogloszenia.moja-ostroleka.pl/opel-zafira,1525769.html</post_url>
<post_date>20160821</post_date>
<post_time>2046</post_time>
<username>auto</username>
<post>
Witam! Mam do sprzedania Opla Zafire 1,8 benzyna z 2003 roku 7-osobowy. Auto świeżo sprowadzone z Niemiec, zadbane, nie wymaga wkładu finansowego. Więcej informacji pod nr 666-368-916 Zapraszam do obejrzenia i na jazdę próbną. Odnośnik do tego ogłoszenia:
</post>
<signature>

</signature>
<external_links>

</external_links>
<country>PL</country>
<main_image>http://www.ogloszenia.moja-ostroleka.pl/uploads/photos/2016/08/21/2016.08.21_22.46.59_1471812419_73m.jpg</main_image>
</document>
