<?xml version="1.0" encoding="UTF-8"?>
<document>
<type>mainstream</type>
<forum>http://k.img.com.ua/rss/ru/sport.xml</forum>
<forum_title>Последние новости по разделу Новости спорта на сайте korrespondent.net</forum_title>
<discussion_title>Борьба. Россия и США забирают последние золотые медали</discussion_title>
<language>russian</language>
<gmt_offset></gmt_offset>
<topic_url>http://korrespondent.net/sport/other/3734828-borba-rossyia-y-ssha-zabyrauit-poslednye-zolotye-medaly</topic_url>
<topic_text>
Борьба. Россия и США забирают последние золотые медали iSport.ua, Сегодня, 23:20 Завершились соревнования в последних двух весовых категория в вольной борьбе. 
Категория до 65 кг 
Тогрул Асгаров (Азербайджан) – Сослан Рамонов (Россия) – 0:11 
Бронзу в этом весе завоевали узбек Ихтийор Наврузов и итальянец Франк Камизо Маркес. 
Категория до 97 кг 
Кайл Снайдер (США) – Хетаг Гозиумов (Азербайджан) – 2:1 
Бронзовые медали завоевали Альберт Саритов и победивший Валерия Андрейцева Магомед Ибрагимов. Новости мира — 9 августа 2016, 21:37 Loading... © 2000-2016, ООО «Корреспондент». Все права защищены. Использование любых материалов, размещённых на сайте, разрешается при условии ссылки на Корреспондент.net. При копировании материалов со страницы «Новости Украины и мира», для интернет-изданий – обязательна прямая открытая для поисковых систем гиперссылка. Ссылка должна быть размещена в независимости от полного либо частичного использования материалов. Гиперссылка (для интернет- изданий) – должна быть размещена в подзаголовке или в первом абзаце материала. Новости с пометками &quot;Мнение&quot;, &quot;Экспертиза&quot;, &quot;Заявление&quot;, &quot;Регионы&quot;, &quot;Деньги&quot;, &quot;Власть&quot; публикуются на правах рекламы. Любое копирование, публикация, републикация и другое распространение информации, которое содержит ссылку на &quot;Интерфакс-Украина&quot;, EPA / UPG, строго воспрещается. &lt;&gt;
</topic_text>
<spam_score>0.00</spam_score>
<post_num>1</post_num>
<post_id>post-1</post_id>
<post_url>http://korrespondent.net/sport/other/3734828-borba-rossyia-y-ssha-zabyrauit-poslednye-zolotye-medaly</post_url>
<post_date>20160821</post_date>
<post_time>2020</post_time>
<username>1524</username>
<post>
Борьба. Россия и США забирают последние золотые медали iSport.ua, Сегодня, 23:20 Завершились соревнования в последних двух весовых категория в вольной борьбе. 
Категория до 65 кг 
Тогрул Асгаров (Азербайджан) – Сослан Рамонов (Россия) – 0:11 
Бронзу в этом весе завоевали узбек Ихтийор Наврузов и итальянец Франк Камизо Маркес. 
Категория до 97 кг 
Кайл Снайдер (США) – Хетаг Гозиумов (Азербайджан) – 2:1 
Бронзовые медали завоевали Альберт Саритов и победивший Валерия Андрейцева Магомед Ибрагимов. Новости мира — 9 августа 2016, 21:37 Loading... © 2000-2016, ООО «Корреспондент». Все права защищены. Использование любых материалов, размещённых на сайте, разрешается при условии ссылки на Корреспондент.net. При копировании материалов со страницы «Новости Украины и мира», для интернет-изданий – обязательна прямая открытая для поисковых систем гиперссылка. Ссылка должна быть размещена в независимости от полного либо частичного использования материалов. Гиперссылка (для интернет- изданий) – должна быть размещена в подзаголовке или в первом абзаце материала. Новости с пометками &quot;Мнение&quot;, &quot;Экспертиза&quot;, &quot;Заявление&quot;, &quot;Регионы&quot;, &quot;Деньги&quot;, &quot;Власть&quot; публикуются на правах рекламы. Любое копирование, публикация, републикация и другое распространение информации, которое содержит ссылку на &quot;Интерфакс-Украина&quot;, EPA / UPG, строго воспрещается. &lt;&gt;
</post>
<signature>

</signature>
<external_links>

</external_links>
<country>UA</country>
<main_image>http://kor.ill.in.ua/m/190x120/1867987.jpg</main_image>
</document>
