<?xml version="1.0" encoding="UTF-8"?>
<document>
<type>mainstream</type>
<forum>http://k.img.com.ua/rss/ru/sport.xml</forum>
<forum_title>Последние новости по разделу Новости спорта на сайте korrespondent.net</forum_title>
<discussion_title>Лига чемпионов. Сухие победы Линчеппинга и Юргордена, неудачи Айсбарена, Фрелунды и Руана</discussion_title>
<language>russian</language>
<gmt_offset></gmt_offset>
<topic_url>http://korrespondent.net/sport/hokey/3734841-lyha-chempyonov-sukhye-pobedy-lyncheppynha-y-yurhordena-neudachy-aisbarena-frelundy-y-ruana</topic_url>
<topic_text>
Лига чемпионов. Сухие победы Линчеппинга и Юргордена, неудачи Айсбарена, Фрелунды и Руана iSport.ua, Сегодня, 23:47 Фото: championshockeyleague.net Состоялись очередные поединки группового этапа Лиги чемпионов. 
Сегодня в рамках шестого игрового дня состоялось восемь матчей на стадии группового этапа хоккейной Лиги чемпионов. 
В первой встрече немецкий Айсбарен на своей площадке уступил финской Сайпой со счетом 2:4. Хозяева первыми открыли счет усилиями Петерсена, но затем получили три в ответ в свои ворота. Авторами голов у гостей стали Макфэрланд, Яаскелайнен и Ярвинен. В третьем периоде команды играли на равных и старались добыть победу, но разошлись ничьей и в итоге команда из Финляндии увозит из Германии три очка. Айсберен (Германия) – Сайпа (Финляндия) 2:4 (1:1, 0:2, 1:1) 
Шайбы : 13:57 Петерсен (Олвер, Фишбах) – 1:0; 15:01 Макфэрланд (Коскиранта, Яаскелайнен) – 1:1; 23:24 Яаскелайнен (Маалахти, Коскиранта) – 1:2; 37:44 Ярвинен – 1:3; 47:32 Фишбах (Петерсен) – 2:3; 51:29 Карсон (Коскиранта, Яаскелайнен) – 2:4 
Вратари: Веханен – Маркканен 
Броски: 39 – 27 
Штраф : 12 – 12 
В еще одной встрече чешский Либерец перед своими болельщиками в овертайме вырвал победу над норвежским Лоренскогом со счетом 4:3. Что интересно, что все три периода в основное время завершились с одинаковым счетом 1:1. Победу чешской команде принесла заброшенная шайба Ближняка. Либерец (Чехия) – Лоренског (Норвегия) 4:3 ОТ (1:1, 1:1, 1:1, 1:0) 
Шайбы : 05:05 Доккен (Ловли) – 0:1; 16:23 Ордос (Вантух) – 1:1; 37:07 Странски (Бартович, Лакатош – больш.) – 2:1; 39:55 Торесен (Ларссон, Сикссмит – больш.) – 2:2; 49:30 Шимек (Свачина, Радивоевич – больш.) – 3:2; 59:57 Сикссмит (Эспеланд, Ловли – больш.) – 3:3; 63:49 Ближняк (Шимек, Радивоевич) – 4:3 
Вратари : Лашак – Якайтис 
Броски: 40 – 10 
Штраф : 12 – 12 
В дуэли между чешской Спартой и Фарьестадом также была увлекательная и равная игра, в которой шведский Фарьестад добыл волевую победу в гостях со счетом 2:1. Отметим, что первую шайбу Перссон забросил в меньшинстве, а победная была реализована в большинстве. Спарта (Чехия) – Фарьестад (Швеция) 1:2 (1:0, 0:0, 0:2) 
Шайбы: 13:25 Нетик (Калина) – 1:0; 46:39 Перссон (Нюгард – меньш.) – 1:1; 53:35 Аслунд (Нильссон, Гуляш – больш.) – 1:2 
Вратари: Новотны – Хауген 
Броски : 27 – 27 
Штраф: 8 – 10 
Немецкий Адлер добыл первые очки после двух туров, на этот раз команда из Германии уверенно разобралась с финской Таппарой. Матч завершился со счетом 4:1. Отметим, по два набранных очка у Макмарчи и Вольфа, которые забили по голу и отдали по одной результативной передаче. Адлер Маннгейм (Германия) – Таппара (Финляндия) 4:1 (0:0, 3:0, 1:1) 
Шайбы : 26:11 Вольф (Коларик, Джонсон – больш.) – 1:0; 27:08 Коларик (Вольф – больш.) – 2:0; 31:18 Макмарчи (М. Гоч, Улльман) – 3:0; 50:58 Лаюнен (Пелтола, Рантакари) – 3:1; 51:41 Улльман (Макмарчи, Н. Гоч) – 4:1 
Вратари : Эндрас – Лассила 
Броски: 30 – 20 
Штраф: 62 – 56 
В еще двух встречах были зафиксированы сухи победы со стороны шведских команд – Юргордена и Линчепинга, которые без проблем разобрались с французскими клубами – Руаном и Гапом соответственно. Отметим дубль нападающего Юргордена в исполнении Бродина. Юргорден (Швеция) – Руан (Франция) 4:0 (0:0, 1:0, 3:0) 
Шайбы: 39:59 Бродин – 1:0; 41:47 Посслер (Вэйдемо) – 2:0; 42:56 Бродин (Варакас, Теллквист) – 3:0; 54:21 Льюнгх (Лундх – больш.) – 4:0 
Вратари: Теллквист – Сабурин
</topic_text>
<spam_score>0.00</spam_score>
<post_num>1</post_num>
<post_id>post-1</post_id>
<post_url>http://korrespondent.net/sport/hokey/3734841-lyha-chempyonov-sukhye-pobedy-lyncheppynha-y-yurhordena-neudachy-aisbarena-frelundy-y-ruana</post_url>
<post_date>20160821</post_date>
<post_time>2047</post_time>
<username>1524</username>
<post>
Лига чемпионов. Сухие победы Линчеппинга и Юргордена, неудачи Айсбарена, Фрелунды и Руана iSport.ua, Сегодня, 23:47 Фото: championshockeyleague.net Состоялись очередные поединки группового этапа Лиги чемпионов. 
Сегодня в рамках шестого игрового дня состоялось восемь матчей на стадии группового этапа хоккейной Лиги чемпионов. 
В первой встрече немецкий Айсбарен на своей площадке уступил финской Сайпой со счетом 2:4. Хозяева первыми открыли счет усилиями Петерсена, но затем получили три в ответ в свои ворота. Авторами голов у гостей стали Макфэрланд, Яаскелайнен и Ярвинен. В третьем периоде команды играли на равных и старались добыть победу, но разошлись ничьей и в итоге команда из Финляндии увозит из Германии три очка. Айсберен (Германия) – Сайпа (Финляндия) 2:4 (1:1, 0:2, 1:1) 
Шайбы : 13:57 Петерсен (Олвер, Фишбах) – 1:0; 15:01 Макфэрланд (Коскиранта, Яаскелайнен) – 1:1; 23:24 Яаскелайнен (Маалахти, Коскиранта) – 1:2; 37:44 Ярвинен – 1:3; 47:32 Фишбах (Петерсен) – 2:3; 51:29 Карсон (Коскиранта, Яаскелайнен) – 2:4 
Вратари: Веханен – Маркканен 
Броски: 39 – 27 
Штраф : 12 – 12 
В еще одной встрече чешский Либерец перед своими болельщиками в овертайме вырвал победу над норвежским Лоренскогом со счетом 4:3. Что интересно, что все три периода в основное время завершились с одинаковым счетом 1:1. Победу чешской команде принесла заброшенная шайба Ближняка. Либерец (Чехия) – Лоренског (Норвегия) 4:3 ОТ (1:1, 1:1, 1:1, 1:0) 
Шайбы : 05:05 Доккен (Ловли) – 0:1; 16:23 Ордос (Вантух) – 1:1; 37:07 Странски (Бартович, Лакатош – больш.) – 2:1; 39:55 Торесен (Ларссон, Сикссмит – больш.) – 2:2; 49:30 Шимек (Свачина, Радивоевич – больш.) – 3:2; 59:57 Сикссмит (Эспеланд, Ловли – больш.) – 3:3; 63:49 Ближняк (Шимек, Радивоевич) – 4:3 
Вратари : Лашак – Якайтис 
Броски: 40 – 10 
Штраф : 12 – 12 
В дуэли между чешской Спартой и Фарьестадом также была увлекательная и равная игра, в которой шведский Фарьестад добыл волевую победу в гостях со счетом 2:1. Отметим, что первую шайбу Перссон забросил в меньшинстве, а победная была реализована в большинстве. Спарта (Чехия) – Фарьестад (Швеция) 1:2 (1:0, 0:0, 0:2) 
Шайбы: 13:25 Нетик (Калина) – 1:0; 46:39 Перссон (Нюгард – меньш.) – 1:1; 53:35 Аслунд (Нильссон, Гуляш – больш.) – 1:2 
Вратари: Новотны – Хауген 
Броски : 27 – 27 
Штраф: 8 – 10 
Немецкий Адлер добыл первые очки после двух туров, на этот раз команда из Германии уверенно разобралась с финской Таппарой. Матч завершился со счетом 4:1. Отметим, по два набранных очка у Макмарчи и Вольфа, которые забили по голу и отдали по одной результативной передаче. Адлер Маннгейм (Германия) – Таппара (Финляндия) 4:1 (0:0, 3:0, 1:1) 
Шайбы : 26:11 Вольф (Коларик, Джонсон – больш.) – 1:0; 27:08 Коларик (Вольф – больш.) – 2:0; 31:18 Макмарчи (М. Гоч, Улльман) – 3:0; 50:58 Лаюнен (Пелтола, Рантакари) – 3:1; 51:41 Улльман (Макмарчи, Н. Гоч) – 4:1 
Вратари : Эндрас – Лассила 
Броски: 30 – 20 
Штраф: 62 – 56 
В еще двух встречах были зафиксированы сухи победы со стороны шведских команд – Юргордена и Линчепинга, которые без проблем разобрались с французскими клубами – Руаном и Гапом соответственно. Отметим дубль нападающего Юргордена в исполнении Бродина. Юргорден (Швеция) – Руан (Франция) 4:0 (0:0, 1:0, 3:0) 
Шайбы: 39:59 Бродин – 1:0; 41:47 Посслер (Вэйдемо) – 2:0; 42:56 Бродин (Варакас, Теллквист) – 3:0; 54:21 Льюнгх (Лундх – больш.) – 4:0 
Вратари: Теллквист – Сабурин
</post>
<signature>

</signature>
<external_links>

</external_links>
<country>UA</country>
<main_image>http://kor.ill.in.ua/m/190x120/1867993.jpg</main_image>
</document>
