<?xml version="1.0" encoding="UTF-8"?>
<document>
<type>mainstream</type>
<forum>https://public.govdelivery.com/accounts/ORTRIMET/feed.rss?code=ORTRIMET</forum>
<forum_title>TriMet News and Service Alerts</forum_title>
<discussion_title>Service Alert: MAX Blue and Green lines disrupted between Lloyd Center and Gateway</discussion_title>
<language>english</language>
<gmt_offset></gmt_offset>
<topic_url>https://content.govdelivery.com/accounts/ORTRIMET/bulletins/15e8109</topic_url>
<topic_text>
Service Alert: MAX Blue and Green lines disrupted between Lloyd Center and Gateway   10:30 AM PDT 
MAX Blue/Green Lines disrupted between Lloyd Center and Gateway. Shuttle buses running between Interstate/Rose Quarter and Lloyd Center are now also serving stations between Lloyd Center and Gateway. Expect major delays.
</topic_text>
<spam_score>0.00</spam_score>
<post_num>1</post_num>
<post_id>post-1</post_id>
<post_url>https://content.govdelivery.com/accounts/ORTRIMET/bulletins/15e8109</post_url>
<post_date>20160821</post_date>
<post_time>1730</post_time>
<username></username>
<post>
Service Alert: MAX Blue and Green lines disrupted between Lloyd Center and Gateway   10:30 AM PDT 
MAX Blue/Green Lines disrupted between Lloyd Center and Gateway. Shuttle buses running between Interstate/Rose Quarter and Lloyd Center are now also serving stations between Lloyd Center and Gateway. Expect major delays.
</post>
<signature>

</signature>
<external_links>

</external_links>
<country>US</country>
<main_image>https://public.govdelivery.com/assets/transparent-88f14d8977847e3c87b58124930101861b80940fdfef5ef3e42f63fef9b3cb22.gif</main_image>
</document>
