<?xml version="1.0" encoding="UTF-8"?>
<document>
<type>mainstream</type>
<forum>http://www.sankeibiz.jp/rss/news/asset.xml</forum>
<forum_title>市況ニュース - SankeiBiz（サンケイビズ）：総合経済情報サイト</forum_title>
<discussion_title>【マーケット トレンド】東京円相場 神経質な値動きの可能性</discussion_title>
<language>japanese</language>
<gmt_offset></gmt_offset>
<topic_url>http://www.sankeibiz.jp/macro/news/160822/eca1608220500002-n1.htm</topic_url>
<topic_text>
東京外国為替市場は、米連邦準備制度理事会（ＦＲＢ）のイエレン議長が２６日に米国で行う講演をにらんだ動きとなりそうだ。市場では１ドル＝９９～１０２円で推移するとの見方がある。前週は、世界経済の先行き不透明感から米国の早期利上げが見込みにくいとしてドル売りが進み、一時１ドル＝９９円台をつけた。今週は「イエレン議長が利上げの実施をどの程度におわせるか見極めたい」（外為ブローカー）との声が聞かれ、神経質な値動きとなる可能性がある。 トレンドBiz PR
</topic_text>
<spam_score>0.00</spam_score>
<post_num>1</post_num>
<post_id>post-1</post_id>
<post_url>http://www.sankeibiz.jp/macro/news/160822/eca1608220500002-n1.htm</post_url>
<post_date>20160821</post_date>
<post_time>2000</post_time>
<username></username>
<post>
東京外国為替市場は、米連邦準備制度理事会（ＦＲＢ）のイエレン議長が２６日に米国で行う講演をにらんだ動きとなりそうだ。市場では１ドル＝９９～１０２円で推移するとの見方がある。前週は、世界経済の先行き不透明感から米国の早期利上げが見込みにくいとしてドル売りが進み、一時１ドル＝９９円台をつけた。今週は「イエレン議長が利上げの実施をどの程度におわせるか見極めたい」（外為ブローカー）との声が聞かれ、神経質な値動きとなる可能性がある。 トレンドBiz PR
</post>
<signature>

</signature>
<external_links>

</external_links>
<country>JP</country>
<main_image>http://www.sankeibiz.jp/images/sns/sankeibiz.jpg</main_image>
</document>
