<?xml version="1.0" encoding="UTF-8"?>
<document>
<type>mainstream</type>
<forum>http://feeds2.feedburner.com/Welele</forum>
<forum_title>Welele - Tu web de humor, memes, gifs, vídeos</forum_title>
<discussion_title>Rememorando su pasado.</discussion_title>
<language>spanish</language>
<gmt_offset></gmt_offset>
<topic_url>http://welele.es/post/149285589329/rememorando-su-pasado</topic_url>
<topic_text>
Este post puede contener spoilers, revisa antes las etiquetas. Pulsa para mostrar/ocultar. 
Rememorando su pasado.
</topic_text>
<spam_score>0.00</spam_score>
<post_num>1</post_num>
<post_id>post-1</post_id>
<post_url>http://welele.es/post/149285589329/rememorando-su-pasado</post_url>
<post_date>20160821</post_date>
<post_time>2033</post_time>
<username></username>
<post>
Este post puede contener spoilers, revisa antes las etiquetas. Pulsa para mostrar/ocultar. 
Rememorando su pasado.
</post>
<signature>

</signature>
<external_links>

</external_links>
<country>ES</country>
<main_image></main_image>
</document>
