<?xml version="1.0" encoding="UTF-8"?>
<document>
<type>mainstream</type>
<forum></forum>
<forum_title></forum_title>
<discussion_title>US romps to men’s basketball gold, beats Serbia 96-66 | WISH-TV</discussion_title>
<language>english</language>
<gmt_offset></gmt_offset>
<topic_url>http://wishtv.com/2016/08/21/us-romps-to-mens-basketball-gold-beats-serbia-96-66/</topic_url>
<topic_text>
US romps to men’s basketball gold, beats Serbia 96-66 Associated Press Published: Click to share on Pinterest (Opens in new window) United States&apos; Kyle Lowry (7) celebrates near Serbia&apos;s Marko Simonovic (5) at the men&apos;s gold medal basketball game at the 2016 Summer Olympics in Rio de Janeiro, Brazil, Sunday, Aug. 21, 2016. (AP Photo/Eric Gay) 
RIO DE JANEIRO (AP) — The U.S. Olympic men’s basketball team won its third straight gold medal and did it easily, beating Serbia 96-66 on Sunday. 
After a few close calls earlier in the tournament, this was no contest. Kevin Durant scored 30 points and helped the Americans jump out to a huge lead by halftime. 
It was the final game with the national team for Mike Krzyzewski, who took the Americans back to the top and leaves with them there after becoming the first coach to win three Olympic gold medals. 
Carmelo Anthony also picked up his third gold to go with a bronze, becoming the most decorated male in Olympic basketball history. 
The U.S. beat Serbia by just 94-91 in pool play, holding on when Bogdan Bogdanovic missed a 3-pointer at buzzer. This rematch looked nothing like that meeting, but it did resemble the final of the 2014 Basketball World Cup, which the Americans won 129-92. 
Anthony checked back into the rout in the final minutes so he could grab a seventh rebound, passing David Robinson for U.S. record with the 125th in his Olympic career. He had already become the leading scorer earlier in the tournament, capping an Olympic career that began with disappointment as a member of the U.S. team that finished third in 2004. 
The Americans haven’t lost since, winning 25 straight in the Olympics. 
A few of the victories were more difficult than usual in this tournament, where half the Americans’ eight games were decided by 10 points or fewer. 
Krzyzewski said it didn’t matter how the Americans won, that there would be no questions as long as they did. 
And there was no doubt they would Sunday once Durant heated up. 
He had also scored 30 in the 2012 gold-medal game, after he poured in a U.S.-record 38 in one game en route to the MVP of the 2010 world basketball championship. He is already the Americans’ No. 2 career scorer in the Olympics in just two appearances. 
When the final horn sounded, the U.S. players shared long hugs with each other and then Krzyzewski. 
DeAndre Jordan went to the stands at Carioca Arena and collected an American flag, which he initially wrapped himself in like a blanket before holding it high over his head for all to see. After a slow start in Rio, there was no doubt about who was on top, and the Americans beamed as they walked off the floor before the medal ceremony where they will again be center court. 
That wasn’t a sure thing earlier in the tournament, when the U.S. had consecutive three-point victories. The 10 Olympic newcomers seemed to be jelling slowly and the U.S. came in winning by just 21.4 points per game, more than 10 per game fewer than four years ago and about half the 43.8 the Dream Team won by in 1992 
Krzyzewski, an assistant on that team at the Barcelona Games, has long insisted that international basketball has gotten too strong for anyone to win that easily again. 
Yet on Sunday, the Americans did. Share this: 
</topic_text>
<spam_score>0.09</spam_score>
<post_num>1</post_num>
<post_id>post-1</post_id>
<post_url>http://wishtv.com/2016/08/21/us-romps-to-mens-basketball-gold-beats-serbia-96-66/</post_url>
<post_date>20160821</post_date>
<post_time></post_time>
<username>Brittany Lewis</username>
<post>
US romps to men’s basketball gold, beats Serbia 96-66 Associated Press Published: Click to share on Pinterest (Opens in new window) United States&apos; Kyle Lowry (7) celebrates near Serbia&apos;s Marko Simonovic (5) at the men&apos;s gold medal basketball game at the 2016 Summer Olympics in Rio de Janeiro, Brazil, Sunday, Aug. 21, 2016. (AP Photo/Eric Gay) 
RIO DE JANEIRO (AP) — The U.S. Olympic men’s basketball team won its third straight gold medal and did it easily, beating Serbia 96-66 on Sunday. 
After a few close calls earlier in the tournament, this was no contest. Kevin Durant scored 30 points and helped the Americans jump out to a huge lead by halftime. 
It was the final game with the national team for Mike Krzyzewski, who took the Americans back to the top and leaves with them there after becoming the first coach to win three Olympic gold medals. 
Carmelo Anthony also picked up his third gold to go with a bronze, becoming the most decorated male in Olympic basketball history. 
The U.S. beat Serbia by just 94-91 in pool play, holding on when Bogdan Bogdanovic missed a 3-pointer at buzzer. This rematch looked nothing like that meeting, but it did resemble the final of the 2014 Basketball World Cup, which the Americans won 129-92. 
Anthony checked back into the rout in the final minutes so he could grab a seventh rebound, passing David Robinson for U.S. record with the 125th in his Olympic career. He had already become the leading scorer earlier in the tournament, capping an Olympic career that began with disappointment as a member of the U.S. team that finished third in 2004. 
The Americans haven’t lost since, winning 25 straight in the Olympics. 
A few of the victories were more difficult than usual in this tournament, where half the Americans’ eight games were decided by 10 points or fewer. 
Krzyzewski said it didn’t matter how the Americans won, that there would be no questions as long as they did. 
And there was no doubt they would Sunday once Durant heated up. 
He had also scored 30 in the 2012 gold-medal game, after he poured in a U.S.-record 38 in one game en route to the MVP of the 2010 world basketball championship. He is already the Americans’ No. 2 career scorer in the Olympics in just two appearances. 
When the final horn sounded, the U.S. players shared long hugs with each other and then Krzyzewski. 
DeAndre Jordan went to the stands at Carioca Arena and collected an American flag, which he initially wrapped himself in like a blanket before holding it high over his head for all to see. After a slow start in Rio, there was no doubt about who was on top, and the Americans beamed as they walked off the floor before the medal ceremony where they will again be center court. 
That wasn’t a sure thing earlier in the tournament, when the U.S. had consecutive three-point victories. The 10 Olympic newcomers seemed to be jelling slowly and the U.S. came in winning by just 21.4 points per game, more than 10 per game fewer than four years ago and about half the 43.8 the Dream Team won by in 1992 
Krzyzewski, an assistant on that team at the Barcelona Games, has long insisted that international basketball has gotten too strong for anyone to win that easily again. 
Yet on Sunday, the Americans did. Share this: 
</post>
<signature>

</signature>
<external_links>

</external_links>
<country>US</country>
<main_image>https://lintvwish.files.wordpress.com/2016/08/rio-olympics-basketba_hanl-e1471813047257.jpg</main_image>
</document>
