<?xml version="1.0" encoding="UTF-8"?>
<document>
<type>mainstream</type>
<forum>http://www.keski-uusimaa.fi/rss.xml</forum>
<forum_title>Etusivun syöte</forum_title>
<discussion_title>Kainulainen ja Holmberg upottivat TPS:n</discussion_title>
<language>finnish</language>
<gmt_offset></gmt_offset>
<topic_url>http://www.keski-uusimaa.fi/artikkeli/425023-kainulainen-ja-holmberg-upottivat-tpsn</topic_url>
<topic_text>
PKKU kaatoi TPS:n Tuusulassa maalein 3-0. Mikko Mannonen 
PKKU:n paras maalintekijä Arttu Kainulainen (vas.) ja Axel Holmberg vastasivat isäntien maaleista TPS:n kustannuksella. Mikko Mannonen 
Oletko näköislehden ja verkkopalvelun tilaaja? Jos, klikkaa TÄSTÄ . Eikö sinulla ole vielä tilausta? Tee tilaus TÄÄLTÄ .
</topic_text>
<spam_score>0.00</spam_score>
<post_num>1</post_num>
<post_id>post-1</post_id>
<post_url>http://www.keski-uusimaa.fi/artikkeli/425023-kainulainen-ja-holmberg-upottivat-tpsn</post_url>
<post_date>20160821</post_date>
<post_time>1835</post_time>
<username></username>
<post>
PKKU kaatoi TPS:n Tuusulassa maalein 3-0. Mikko Mannonen 
PKKU:n paras maalintekijä Arttu Kainulainen (vas.) ja Axel Holmberg vastasivat isäntien maaleista TPS:n kustannuksella. Mikko Mannonen 
Oletko näköislehden ja verkkopalvelun tilaaja? Jos, klikkaa TÄSTÄ . Eikö sinulla ole vielä tilausta? Tee tilaus TÄÄLTÄ .
</post>
<signature>

</signature>
<external_links>

</external_links>
<country>FI</country>
<main_image>http://www.keski-uusimaa.fi/sites/default/files/styles/article/public/neo/files/1103046.JPG?itok=7JjK4B4F</main_image>
</document>
