<?xml version="1.0" encoding="UTF-8"?>
<document>
<type>mainstream</type>
<forum>http://economictimes.indiatimes.com/News/rssfeeds/1715249553.cms</forum>
<forum_title>News-The Economic Times</forum_title>
<discussion_title>Brands make beeline for Olympic stars Dipa Karmakar, Sakshi Malik and PV Sindhu</discussion_title>
<language>english</language>
<gmt_offset></gmt_offset>
<topic_url>http://economictimes.indiatimes.com/news/company/corporate-trends/brands-make-beeline-for-olympic-stars-dipa-karmakar-sakshi-malik-and-pv-sindhu/articleshow/53801744.cms</topic_url>
<topic_text>
NEW DELHI: That India forgot cricket and rooted for Dipa Karmakar , Sakshi Malik and then PV Sindhu &apos;s tryst with a medal at the Rio 2016 Olympics hasn&apos;t escaped the eyes of brand marketers in the country. 

Sports marketing firms say many brands are keen to sign up one or the other of the three new stars and Sindhu, who won a silver medal on Friday, could possibly be the first among the three to bag a deal. 

Shuttler Sindhu&apos;s Twitter following shot up overnight to 1,73,000 from 24,000. Her followers tripled between the semifinal and final, which is the fastest ever for any Indian sportsperson on Twitter. 

Gymnast Karmakar&apos;s new handle that was created after she came fourth in the Vault event already has around 30,000 followers. Wrestler Malik just has 10 tweets but over 25,000 followers. 

While some brands would like to tap into their immediate popularity, others might look at a longer term association considering all three are young and will make a bid for gold at the 2020 Olympic Games in Tokyo. 

&quot;We are close to signing a multiyear deal for Sindhu and Kidambi Srikanth , which will be their first endorsement deal,&quot; said Tuhin Mishra, managing director of sports marketing firm Baseline Ventures , which represents the two badminton players. 

Mishra also got a call on Friday from an FMCG brand which is interested in doing a campaign around girl power and felt that Dipa Karmakar would be a great fit. 

Atul Srivastava, managing partner at Games Unlimited, says the three might get some endorsements immediately but a ramp-up in the future will depend on how quickly they change their look and feel and create a brand for themselves. &quot;Of course, they should also keep performing well.&quot; 

Karmakar&apos;s story is compelling. It is a story of true grit and determination and one that hasn&apos;t gone unnoticed with brands. Neerav Tomar, CEO of IOS Sports &amp; Entertainment said his company does not represent Karmakar at the moment but may take some offers to her and also look at signing her up. 



&quot;We are talking to a few brands in the cement, pain relief, nutrition and insurance segments, which are interested in signing an endorsement deal with her,&quot; said Tomar. 

&quot;Brands want to cash in on an inspiring story. Dipa has emerged as the PT Usha of gymnastics and has caught the imagination of the masses. She&apos;s got a career left even beyond Tokyo,&quot; he added. 

The endorsement deals they are negotiating, Tomar said, could be valued at around Rs 35-40 lakh a year per brand, but &quot;we will need the athletes&apos; consent&quot;. 

A media planner who did not want to be named, however, said that since gymnastics isn&apos;t widely televised in India, brands will find it difficult to extract value from Dipa if they are only banking on logo coverage during the event. 

&quot;They will have to create a concept around her. This is the same problem that Abhinav Bindra also faced even though he won gold in Beijing 2008,&quot; the media planer said. Shubhajit Sen, chief marketing officer at Micromax , said he and his colleagues are currently having internal discussions on two counts. 

&quot;One is to look at an Olympic sport or a sportsperson in a sport that is under-represented. These would be longer-term associations to support them for Tokyo,&quot; he said. The other is to explore specific individuals who have done well in the Olympics, including Karmakar, Malik and Sindhu, and have got face recognition. 

Srivastava of Games Unlimited feels that Sindhu might be the most sellable of the three because of the stature of badminton in India, and existence of a hero already in Saina Nehwal. &quot;She will have to learn from what Saina Nehwal and also Sania Mirza have done to transform themselves,&quot; he said. 

To give a cricket analogy, it is how MS Dhoni and more recently Virat Kohli , re-shaped their public personas to bag endorsement contracts, all the time doing well on the field.  
</topic_text>
<spam_score>0.00</spam_score>
<post_num>1</post_num>
<post_id>post-1</post_id>
<post_url>http://economictimes.indiatimes.com/news/company/corporate-trends/brands-make-beeline-for-olympic-stars-dipa-karmakar-sakshi-malik-and-pv-sindhu/articleshow/53801744.cms</post_url>
<post_date>20160822</post_date>
<post_time>0103</post_time>
<username>Ravi Teja Sharma</username>
<post>
NEW DELHI: That India forgot cricket and rooted for Dipa Karmakar , Sakshi Malik and then PV Sindhu &apos;s tryst with a medal at the Rio 2016 Olympics hasn&apos;t escaped the eyes of brand marketers in the country. 

Sports marketing firms say many brands are keen to sign up one or the other of the three new stars and Sindhu, who won a silver medal on Friday, could possibly be the first among the three to bag a deal. 

Shuttler Sindhu&apos;s Twitter following shot up overnight to 1,73,000 from 24,000. Her followers tripled between the semifinal and final, which is the fastest ever for any Indian sportsperson on Twitter. 

Gymnast Karmakar&apos;s new handle that was created after she came fourth in the Vault event already has around 30,000 followers. Wrestler Malik just has 10 tweets but over 25,000 followers. 

While some brands would like to tap into their immediate popularity, others might look at a longer term association considering all three are young and will make a bid for gold at the 2020 Olympic Games in Tokyo. 

&quot;We are close to signing a multiyear deal for Sindhu and Kidambi Srikanth , which will be their first endorsement deal,&quot; said Tuhin Mishra, managing director of sports marketing firm Baseline Ventures , which represents the two badminton players. 

Mishra also got a call on Friday from an FMCG brand which is interested in doing a campaign around girl power and felt that Dipa Karmakar would be a great fit. 

Atul Srivastava, managing partner at Games Unlimited, says the three might get some endorsements immediately but a ramp-up in the future will depend on how quickly they change their look and feel and create a brand for themselves. &quot;Of course, they should also keep performing well.&quot; 

Karmakar&apos;s story is compelling. It is a story of true grit and determination and one that hasn&apos;t gone unnoticed with brands. Neerav Tomar, CEO of IOS Sports &amp; Entertainment said his company does not represent Karmakar at the moment but may take some offers to her and also look at signing her up. 



&quot;We are talking to a few brands in the cement, pain relief, nutrition and insurance segments, which are interested in signing an endorsement deal with her,&quot; said Tomar. 

&quot;Brands want to cash in on an inspiring story. Dipa has emerged as the PT Usha of gymnastics and has caught the imagination of the masses. She&apos;s got a career left even beyond Tokyo,&quot; he added. 

The endorsement deals they are negotiating, Tomar said, could be valued at around Rs 35-40 lakh a year per brand, but &quot;we will need the athletes&apos; consent&quot;. 

A media planner who did not want to be named, however, said that since gymnastics isn&apos;t widely televised in India, brands will find it difficult to extract value from Dipa if they are only banking on logo coverage during the event. 

&quot;They will have to create a concept around her. This is the same problem that Abhinav Bindra also faced even though he won gold in Beijing 2008,&quot; the media planer said. Shubhajit Sen, chief marketing officer at Micromax , said he and his colleagues are currently having internal discussions on two counts. 

&quot;One is to look at an Olympic sport or a sportsperson in a sport that is under-represented. These would be longer-term associations to support them for Tokyo,&quot; he said. The other is to explore specific individuals who have done well in the Olympics, including Karmakar, Malik and Sindhu, and have got face recognition. 

Srivastava of Games Unlimited feels that Sindhu might be the most sellable of the three because of the stature of badminton in India, and existence of a hero already in Saina Nehwal. &quot;She will have to learn from what Saina Nehwal and also Sania Mirza have done to transform themselves,&quot; he said. 

To give a cricket analogy, it is how MS Dhoni and more recently Virat Kohli , re-shaped their public personas to bag endorsement contracts, all the time doing well on the field.  
</post>
<signature>

</signature>
<external_links>

</external_links>
<country>IN</country>
<main_image>http://economictimes.indiatimes.com/thumb/msid-53801782,width-600,resizemode-4,imglength-76956/news/company/corporate-trends/brands-make-beeline-for-olympic-stars-dipa-karmakar-sakshi-malik-and-pv-sindhu.jpg</main_image>
</document>
