<?xml version="1.0" encoding="UTF-8"?>
<document>
<type>mainstream</type>
<forum>http://www.politico.com/rss/politicopicks.xml</forum>
<forum_title>POLITICO - TOP Stories</forum_title>
<discussion_title>Obama to visit flood-ravaged Louisiana next week</discussion_title>
<language>english</language>
<gmt_offset></gmt_offset>
<topic_url>http://www.politico.com/story/2016/08/obama-louisiana-flooding-visit-227209</topic_url>
<topic_text>
President Barack Obama will visit Louisiana next week, the White House announced Friday. Obama will travel to Baton Rouge on Tuesday, press secretary Josh Earnest said, noting that Obama’s team reached that date after coordinating with state officials.
Story Continued Below
“Additional details will be announced in the coming days. The President is mindful of the impact that his travel has on first responders and wants to ensure that his presence does not interfere with ongoing recovery efforts,” Earnest said. “He is also eager to get a first-hand look at the impact of the devastating floods, hear from more officials about the response, including how the federal government can assist and tell the people of Louisiana that the American people will be with them as they rebuild their community and come back stronger than ever.”
Republicans have urged Obama to cut short his summer vacation on Martha’s Vineyard to show solidarity with a state that’s been trying to deal with the worst natural disaster in the U.S. since Hurricane Sandy.
The Republican presidential ticket flew into Baton Rouge on Friday morning to visit those impacted by the severe flooding. During his visit with Indiana Gov. Mike Pence, Donald Trump told volunteers at a church in Greenwell Springs that Obama doesn’t want to visit the state, suggesting golf is more important to the president.
“The president says he doesn’t want to come, he is trying to get out of a golf game,” Trump said, according to ABC News . “He will never be under par.”
Hillary Clinton spoke with Louisiana Gov. John Bel Edwards by phone Friday. Clinton said the flood, which was much larger than anticipated, has damaged more than 40,000 homes, impacting more than 100,000 people.
“My heart breaks for Louisiana, and right now, the relief effort can&apos;t afford any distractions. The very best way this team can help is to make sure Louisianans have the resources they need,&quot; Clinton wrote in a Facebook post, which included links to the Red Cross and the Baton Rouge Area Foundation. 
Edwards’ office on Thursday warned against outside politicians visiting the state too soon — particularly Trump. “We welcome him to LA but not for a photo-op,” a spokesman for the governor’s office said in a statement. “Instead we hope he’ll consider volunteering or making a sizable donation to the LA Flood Relief Fund to help the victims of the storm.”
Edwards, a Democrat, himself praised the Obama administration’s response to the disaster and defended Obama from the broadside over his decision to remain on vacation.
“The president is welcome to visit whenever he wants to visit, and when he wants to visit we’re gonna receive him and we’re gonna do whatever’s necessary to make sure that that visit goes off without a hitch,” Edwards said Thursday.
But he also tried to nudge the White House to stay away for a while, noting that when Vice President Joe Biden visited Louisiana to attend police officers’ memorials, his visit closed down interstates and drew law enforcement officers away from their regular duties to provide additional security for Biden.
“Quite frankly, that is not something that I want to go through right now,” he said. “And so while the president is welcome to visit, I would just assume he give us another week or two, get back to a greater sense of normalcy here and then he can visit. Well, I’ll say that differently: He can visit whenever he wants to.”
</topic_text>
<spam_score>0.00</spam_score>
<post_num>207</post_num>
<post_id>post-207</post_id>
<post_url>http://www.politico.com/story/2016/08/obama-louisiana-flooding-visit-227209</post_url>
<post_date>20160820</post_date>
<post_time>1752</post_time>
<username>Wayne Maynard</username>
<post>
TRUMP’S GREATEST HITS! Say NO to Trump ! Openly mocks a disabled reporter. Vulgar comments about women Negative comments about Mexican and Muslims… wants to ban their entrance. Negative comments about Somalian immigrants. They cause increase in crime. Draft dodging Trump says he knows more about Isis than our own military generals. 3500 lawsuits in 30 years centering around shady business practices and failure to pay vendors Trump often took on assumed names during telephone interviews with reporters then lied about it. Voice on the recordings is Trump&apos;s. Staged bankruptcies that cost him nothing but caused investors numerous lawsuits. Many failed business ventures including Trump University which is now in court as a fraud case. Incestuous comments about his own daughter “We love the under educated.” “I love Mexicans! I have a lot of them working at my hotels.” Endorsed by stellar losers as Ted Nugent, gun freak drug addicted sex offender; Jerry Falwell Jr., religious charlatan; former KKK Wizard David Duke ; Jeff Sessions, Keebler elf racist from Alabama ; the current membership of the KKK, Jan Brewer, failed governor of Arizona; Sarah Palin, enough said ; Rep. Michael Bachmann; half a Ted Cruz endorsement. The Duck dude… very stylish, American Nazi Party, Katrina Pierson, convicted shoplifter, Rick Perry, dimwit former Governor of Texas who thinks glasses made him look smarter, Pat Buchanan, a right wing fanatic who disputed the Holocaust, saying that it was impossible to kill so many Jews with gas and that Treblinka was just a ‘transit camp.”, etc., etc. Encouraged the murder of families of Muslims in order to weed out terrorism Mocks grieving families of fallen soldiers who served our country Lied about multiple draft deferments Trump was sued twice for not allowing Blacks to reside at his properties. Speaks poorly of our NATO allies. Trump wants them to pay for our alliance! Trump did not know that Russia invaded Ukraine nearly two years ago Mouthpiece and convicted shoplifter Katrina Pierson misspoke in calling Afghanistan “Obama’s war’. Statement since retracted. Refuses to disclose tax documents under the guise of “I’m under audit”. Audit does not preclude requested disclosure. More recently, he has refused to disclose them at all. Has not disclosed medical records - (may be hiding a schizophrenia disorder) Trump seems to suffer from schizoid or bipolar problems. Speaks viciously against the press and has banned certain media sources who disagree with him More recently, is considering pulling the press credentials of the New York Times. Check history to see how dictators shut down the press to keep the people in the dark. Said he could shoot someone on Fifth Avenue and not lose a vote. Uses strong-arm tactics and encourage violence at his rallies. Encouraged another nation to hack into our domestic email system Removed lady with crying baby from rally Lied about a non-existent relationship with Vladimir Putin Endorsed by David Duke and the current KKK Trump changes direction on endorsing Paul Ryan and John McCain. Trump once trashed McCain as a ‘loser’ who got captured and was injured in the service of our country. “I like winners, not losers” was his comment about this war veteran. Embraced by the American Nazi Party. “Trump would be an opportunity for our country. “ Trump says to a Jewish audience, “I&apos;m a good negotiator just like ‘you folks ‘ Says he will bring jobs back to America yet his company products are mostly made in foreign countries. Claims to be a great businessman yet many of his projects were failures. (Trump Steaks, Trump Air, Trump Shuttle, Trump Magazine, multiple casino bankruptcies, Trump University, etc etc) “The Art of the Deal “ was not written by Trump and it&apos;s doubtful he even read it. The book was ghostwritten by Tony Schwartz who says that if had to title the book today, he would call it “The Sociopath “. . Trump now wants Schwartz to return his share of the royalties even though they were paid through the publisher. Trump lied about sending his private plane to pick up soldiers at Camp LeJeune who had just finished a tour in Iraq during the first Gulf war. There were about 120 of them stranded because their military transport broke down. At that time, Trump’s ‘private’ plane had only seats for 20. The plane(s) that were sent were planes that Trump acquired in a Trump Shuttle deal with Eastern Airlines and which now carried the Trump livery. Trump leased these aircraft to the military for a fee to use as a personnel transport. He did NOT send any of his private aircraft in an act of benevolence toward our soldiers. He made money off of it using leased out aircraft. Financial records from the Ukraine show that $12.7 million dollars designated to Paul Manafort, Trump’s campaign manager. Manafort has since quit. August 20, 2016
</post>
<signature>

</signature>
<external_links>

</external_links>
<country>US</country>
<main_image>http://static.politico.com/c4/71/5d9a95d54cc581425b5b8633f319/gettyimages-585977756.jpg</main_image>
</document>
