<?xml version="1.0" encoding="UTF-8"?>
<document>
<type>mainstream</type>
<forum></forum>
<forum_title></forum_title>
<discussion_title>Deixou chegar | UOL Olimpíadas</discussion_title>
<language>portuguese</language>
<gmt_offset></gmt_offset>
<topic_url>http://www.uol/olimpiadas/especiais/selecao-masculina-de-volei-ouro.htm?cmpid=tw-uolnot</topic_url>
<topic_text>
Deixou chegar Quase eliminado na primeira fase, Brasil se recupera e volta ao lugar mais alto do pódio olímpico Leandro Carneiro, Guilherme Costa e Gustavo Franceschini Do UOL, no Rio de Janeiro Reuters DOMINIC EBENBICHLER/Reuters DOMINIC EBENBICHLER/Reuters 
A terceira medalha de ouro do Brasil na história do vôlei masculino foi a mais difícil. Depois dos tropeços ainda na fase de grupos que deixou o time entre a “vida e a morte”, a equipe de Bernardinho conseguiu chegar ao lugar mais alto do pódio. A conquista veio contra a Itália, mesma adversária da final de Atenas-2004. Dessa vez, a vitória veio por 3 a 0 (25-22, 28-26 e 26-24). 
O elenco de 12 jogadores mesclou atletas inexperientes, como Douglas e Lucarelli, e os mais rodados, como Serginho, Lucão e Bruninho. Sidão e Murilo foram deixados de fora. 
O Brasil perdeu para Estados Unidos e Itália na fase de grupos e ficou contra a parede. Foi hora de reunir o grupo e conversar. Para passar em quarto e avançar no limite às quartas de final, Bernardinho fez o grupo assistir a um filme Um Domingo Qualquer , do Oliver Stone, com Al Pacino e Dennis Quaid. O roteiro de Hollywood que mostra brigas internas entre um time de futebol americano ajudou a seleção a renascer. Foi a volta por cima. Os rivais não podiam se arrepender mais por isso. MARCELO DEL POZO/Reuters MARCELO DEL POZO/Reuters Bernardinho troca broncas por estilo &quot;light&quot; 
Bernardinho é, pela segunda vez na carreira, campeão olímpico. A vitória da seleção brasileira sobre a Itália neste domingo, no Maracanãzinho, rendeu ao treinador sua sétima conquista nos Jogos, só que a vitória não veio como as outras. No comando de uma geração jovem e pressionada pelos maus resultados, ele se adaptou, trocou broncas e socos no ar por um estilo mais light e foi premiado por isso. 
A mudança foi visível. Quem se acostumou a ver Bernardinho fazendo caretas, aos berros e quase rasgando a própria camisa à beira da quadra deve ter estranhado. A posição padrão do técnico na final foi contemplativa, com uma mão no queixo ou os dois braços para trás, gesticulando menos e maneirando nas broncas. 
O vôlei me deu grandes amizades. Fui campeão olímpico com Nalbert, Tande. A geração de 92 é um espelho para mim. Amanhã é segunda-feira e volto à minha vida normal 
Serginho 
Tenho que pensar no que vou fazer. Esses rapazes, certamente, têm chance de brilhar no próximo ciclo olímpico. Maurício Souza vai ser dominante no próximo ciclo e Lucarelli também 
Bernardinho 
Tivemos uma trajetória difícil, sofremos muito, mas eu posso falar que a torcida ajudou a sair dessa ansiedade. Nada é dado para nós. 
Evandro De celebridade a criador de cavalos; o que esse time tem? Relação Bruninho e Lucão 
A amizade entre Bruninho e Lucão vai para fora da quadra. Além de jogarem juntos algumas vezes, o levantador é padrinho do filho do central. Ao explicar a escolha, Lucão disse que o companheiro de seleção teve de salvá-lo algumas vezes nos médicos na Itália. Escadinha criador de cavalos 
Quando não está em uma quadra de vôlei, Serginho gosta de cuidar de seus cavalos. Ele construiu um haras no interior de São Paulo para tratar. Antes dos Jogos, já na fase de preparação com a seleção, ele tomou um susto com uma ventania que destelhou. Bruninho celebridade 
O levantador Bruninho tem uma vida cheia de &quot;parças&quot; fora de quadra. Em seus momentos de lazer, o jogador se acostumou a curtir baladas com nomes como Neymar e Thiaguinho. Paixão por carros 
Destaque do Brasil na Olimpíada, Wallace tem uma relação com carros. Apesar de ter sofrido um grave acidente há cinco anos, quando capotou um veículo, ele é apaixonado por carros e velocidade. Trocado por bolas 
Lucarelli, um dos principais jogadores dessa seleção e eleito o novo líder do time, já custou apenas 250 bolas. Foi isso que o Minas pagou para que o Meritus liberasse o ponteiro. Apaixonado por golfe 
O levantador William não é só bom com a bola de vôlei. Ele também segue outra modalidade fora das quadras. O mago, como é conhecido, é fã de golfe. Da roça 
Mauricio Souza tem o estilo caipira e não se faz de rogado quando precisa vestir o chapéu de palha e levar a vida tranquila do interior. Roqueiro 
Esqueça sertanejo ou pagode se o negócio for um papo com o central Eder. O negócio do atleta é rock pesado. Perfeição no jogo e emoção no pódio AP Photo/Jeff Roberson Serginho agora quer aproveitar: &quot;quero ter vida&quot; 
Quem encerrou sua passagem vitoriosa pela seleção brasileira foi Serginho. O líbero se tornou o maior medalhista de um esporte coletivo da história do Brasil. Foram quatro medalhas no total. 
Desde o início dos Jogos do Rio de Janeiro, o líbero ressaltou que tinha intenção de largar a seleção depois da Olimpíada. “Quero ter vida, quero descansar, quero cuidar dos meus filhos. Quero poder ir no aniversário de alguém. Nem no casamento da minha irmã eu fui”, falou. 
</topic_text>
<spam_score>0.20</spam_score>
<post_num>1</post_num>
<post_id>post-1</post_id>
<post_url>http://www.uol/olimpiadas/especiais/selecao-masculina-de-volei-ouro.htm?cmpid=tw-uolnot</post_url>
<post_date>20160821</post_date>
<post_time></post_time>
<username></username>
<post>
Deixou chegar Quase eliminado na primeira fase, Brasil se recupera e volta ao lugar mais alto do pódio olímpico Leandro Carneiro, Guilherme Costa e Gustavo Franceschini Do UOL, no Rio de Janeiro Reuters DOMINIC EBENBICHLER/Reuters DOMINIC EBENBICHLER/Reuters 
A terceira medalha de ouro do Brasil na história do vôlei masculino foi a mais difícil. Depois dos tropeços ainda na fase de grupos que deixou o time entre a “vida e a morte”, a equipe de Bernardinho conseguiu chegar ao lugar mais alto do pódio. A conquista veio contra a Itália, mesma adversária da final de Atenas-2004. Dessa vez, a vitória veio por 3 a 0 (25-22, 28-26 e 26-24). 
O elenco de 12 jogadores mesclou atletas inexperientes, como Douglas e Lucarelli, e os mais rodados, como Serginho, Lucão e Bruninho. Sidão e Murilo foram deixados de fora. 
O Brasil perdeu para Estados Unidos e Itália na fase de grupos e ficou contra a parede. Foi hora de reunir o grupo e conversar. Para passar em quarto e avançar no limite às quartas de final, Bernardinho fez o grupo assistir a um filme Um Domingo Qualquer , do Oliver Stone, com Al Pacino e Dennis Quaid. O roteiro de Hollywood que mostra brigas internas entre um time de futebol americano ajudou a seleção a renascer. Foi a volta por cima. Os rivais não podiam se arrepender mais por isso. MARCELO DEL POZO/Reuters MARCELO DEL POZO/Reuters Bernardinho troca broncas por estilo &quot;light&quot; 
Bernardinho é, pela segunda vez na carreira, campeão olímpico. A vitória da seleção brasileira sobre a Itália neste domingo, no Maracanãzinho, rendeu ao treinador sua sétima conquista nos Jogos, só que a vitória não veio como as outras. No comando de uma geração jovem e pressionada pelos maus resultados, ele se adaptou, trocou broncas e socos no ar por um estilo mais light e foi premiado por isso. 
A mudança foi visível. Quem se acostumou a ver Bernardinho fazendo caretas, aos berros e quase rasgando a própria camisa à beira da quadra deve ter estranhado. A posição padrão do técnico na final foi contemplativa, com uma mão no queixo ou os dois braços para trás, gesticulando menos e maneirando nas broncas. 
O vôlei me deu grandes amizades. Fui campeão olímpico com Nalbert, Tande. A geração de 92 é um espelho para mim. Amanhã é segunda-feira e volto à minha vida normal 
Serginho 
Tenho que pensar no que vou fazer. Esses rapazes, certamente, têm chance de brilhar no próximo ciclo olímpico. Maurício Souza vai ser dominante no próximo ciclo e Lucarelli também 
Bernardinho 
Tivemos uma trajetória difícil, sofremos muito, mas eu posso falar que a torcida ajudou a sair dessa ansiedade. Nada é dado para nós. 
Evandro De celebridade a criador de cavalos; o que esse time tem? Relação Bruninho e Lucão 
A amizade entre Bruninho e Lucão vai para fora da quadra. Além de jogarem juntos algumas vezes, o levantador é padrinho do filho do central. Ao explicar a escolha, Lucão disse que o companheiro de seleção teve de salvá-lo algumas vezes nos médicos na Itália. Escadinha criador de cavalos 
Quando não está em uma quadra de vôlei, Serginho gosta de cuidar de seus cavalos. Ele construiu um haras no interior de São Paulo para tratar. Antes dos Jogos, já na fase de preparação com a seleção, ele tomou um susto com uma ventania que destelhou. Bruninho celebridade 
O levantador Bruninho tem uma vida cheia de &quot;parças&quot; fora de quadra. Em seus momentos de lazer, o jogador se acostumou a curtir baladas com nomes como Neymar e Thiaguinho. Paixão por carros 
Destaque do Brasil na Olimpíada, Wallace tem uma relação com carros. Apesar de ter sofrido um grave acidente há cinco anos, quando capotou um veículo, ele é apaixonado por carros e velocidade. Trocado por bolas 
Lucarelli, um dos principais jogadores dessa seleção e eleito o novo líder do time, já custou apenas 250 bolas. Foi isso que o Minas pagou para que o Meritus liberasse o ponteiro. Apaixonado por golfe 
O levantador William não é só bom com a bola de vôlei. Ele também segue outra modalidade fora das quadras. O mago, como é conhecido, é fã de golfe. Da roça 
Mauricio Souza tem o estilo caipira e não se faz de rogado quando precisa vestir o chapéu de palha e levar a vida tranquila do interior. Roqueiro 
Esqueça sertanejo ou pagode se o negócio for um papo com o central Eder. O negócio do atleta é rock pesado. Perfeição no jogo e emoção no pódio AP Photo/Jeff Roberson Serginho agora quer aproveitar: &quot;quero ter vida&quot; 
Quem encerrou sua passagem vitoriosa pela seleção brasileira foi Serginho. O líbero se tornou o maior medalhista de um esporte coletivo da história do Brasil. Foram quatro medalhas no total. 
Desde o início dos Jogos do Rio de Janeiro, o líbero ressaltou que tinha intenção de largar a seleção depois da Olimpíada. “Quero ter vida, quero descansar, quero cuidar dos meus filhos. Quero poder ir no aniversário de alguém. Nem no casamento da minha irmã eu fui”, falou. 
</post>
<signature>

</signature>
<external_links>

</external_links>
<country>BR</country>
<main_image>http://imguol.com/c/olimpiadas/bd/2016/08/21/capa-especial-ouro-volei-web-1471809184599_v2_750x421.jpg</main_image>
</document>
