<?xml version="1.0" encoding="UTF-8"?>
<document>
<type>mainstream</type>
<forum>http://www.libex.ru/tools/rss20.rss</forum>
<forum_title>LibeX: Новые поступления</forum_title>
<discussion_title>Неизданные произведения</discussion_title>
<language>russian</language>
<gmt_offset></gmt_offset>
<topic_url>http://www.libex.ru/detail/book823246.html</topic_url>
<topic_text>
На сайте с 21.08.2016 Аннотация 
Родился 29 августа 1938 г. в Москве. Учился в военном училище, был исключен в 1956. Поступил в пединститут, откуда был исключен в 1958. В 1959-1962 гг. работал на Колыме (на золотых приисках, лесорубом и т.д.). Стихи писал с детства, 1965 г. считал началом серьезного писательства, в 1966 г. познакомился с Алексеем Крученых, по совету которого начал писать прозу. Впоследствии называл встречу с Крученых одним из главных событий своей жизни. Жил в Подмосковье, умер в Москве 23 июня 1988 г. Владимир Казаков - продолжатель традиций русского авангарда, особенно футуристов и обэриутов. В прозе, стихах и пьесах, основанных на абсурдизме, игре слов, гротеске, он обращался к темам человеческой отчужденности, одиночества, жестокости общепринятых жизненных норм. Сочинения Казакова распространялись в самиздате, а начиная с 1971 г. публиковались на Западе. В СССР в 1966 г. несколько прозаических миниатюр выходили в журналах &quot;Радио - Телевидение&quot; и &quot;Сельская молодежь&quot;, следующая публикация состоялась в 1989 г., уже после смерти писателя. В это издание вошли те произведения Владимира Казакова, которые еще не были напечатаны ни в России, ни за границей (главным образом, в Германии). Том иллюстрирован рисунками автора. Тираж 500 экз.
</topic_text>
<spam_score>0.00</spam_score>
<post_num>1</post_num>
<post_id>post-1</post_id>
<post_url>http://www.libex.ru/detail/book823246.html</post_url>
<post_date>20160821</post_date>
<post_time>2006</post_time>
<username></username>
<post>
На сайте с 21.08.2016 Аннотация 
Родился 29 августа 1938 г. в Москве. Учился в военном училище, был исключен в 1956. Поступил в пединститут, откуда был исключен в 1958. В 1959-1962 гг. работал на Колыме (на золотых приисках, лесорубом и т.д.). Стихи писал с детства, 1965 г. считал началом серьезного писательства, в 1966 г. познакомился с Алексеем Крученых, по совету которого начал писать прозу. Впоследствии называл встречу с Крученых одним из главных событий своей жизни. Жил в Подмосковье, умер в Москве 23 июня 1988 г. Владимир Казаков - продолжатель традиций русского авангарда, особенно футуристов и обэриутов. В прозе, стихах и пьесах, основанных на абсурдизме, игре слов, гротеске, он обращался к темам человеческой отчужденности, одиночества, жестокости общепринятых жизненных норм. Сочинения Казакова распространялись в самиздате, а начиная с 1971 г. публиковались на Западе. В СССР в 1966 г. несколько прозаических миниатюр выходили в журналах &quot;Радио - Телевидение&quot; и &quot;Сельская молодежь&quot;, следующая публикация состоялась в 1989 г., уже после смерти писателя. В это издание вошли те произведения Владимира Казакова, которые еще не были напечатаны ни в России, ни за границей (главным образом, в Германии). Том иллюстрирован рисунками автора. Тираж 500 экз.
</post>
<signature>

</signature>
<external_links>

</external_links>
<country>RU</country>
<main_image></main_image>
</document>
