<?xml version="1.0" encoding="UTF-8"?>
<document>
<type>mainstream</type>
<forum>http://www.catholic.org/xml/rss_sofd.php</forum>
<forum_title>Catholic Online &gt; Saint of the Day</forum_title>
<discussion_title>St. Andrew the Scot: Saint of the Day for Monday, August 22, 2016</discussion_title>
<language>english</language>
<gmt_offset></gmt_offset>
<topic_url>http://www.catholic.org/saints/sofd.php?date=2016-08-22</topic_url>
<topic_text>
Saint of the Day for Monday, August 22nd,   Monday, August 22nd, 2016 
Archdeacon and companion of St. Donatus. Andrew and his sister, St. Bridget the Younger, were born in Ireland of noble parents.They were educated by St. Donatus, and when Donatus went on a pilgrimage   St. Michael the Archangel 
Saint Michael the Archangel isn&apos;t a saint, but rather he is an angel, and the leader of all angels and of the army of God. This is what the title &quot;Archangel&quot; means, that he is above all   | shop 3. 
Founder of the Franciscan Order, born at Assisi in Umbria, in 1181. In 1182, Pietro Bernardone returned from a trip to France to find out his wife had given birth to a son. Far from being ... continue reading | shop 4.   Catherine of Alexandria 
St. Catherine of Alexandria, Virgin and Martyr whose feast day is November 25th. She is the patroness of philosophers and preachers. St. Catherine is believed to have been born in Alexandria of a noble family. Converted to Christianity through a vision, she ...   Martin of Tours 
When Sulpicius Severus first met Martin of Tours he was stunned. Not only did the bishop offer him hospitality at his residence -- a monk&apos;s cell in the wilderness instead of a palace -- but Martin washed Sulpicius&apos; hands before dinner and his feet in the evening. But ... continue reading St. Charles Borromeo 
Charles was the son of Count Gilbert Borromeo and Margaret Medici, sister of Pope Pius IV. He was born at the family castle of Arona on Lake Maggiore, Italy on October 2. He received the clerical tonsure when he was twelve and was sent to the Benedictine abbey of SS.  
</topic_text>
<spam_score>0.00</spam_score>
<post_num>1</post_num>
<post_id>post-1</post_id>
<post_url>http://www.catholic.org/saints/sofd.php?date=2016-08-22</post_url>
<post_date>20160822</post_date>
<post_time>0000</post_time>
<username>Catholic Online</username>
<post>
Saint of the Day for Monday, August 22nd,   Monday, August 22nd, 2016 
Archdeacon and companion of St. Donatus. Andrew and his sister, St. Bridget the Younger, were born in Ireland of noble parents.They were educated by St. Donatus, and when Donatus went on a pilgrimage   St. Michael the Archangel 
Saint Michael the Archangel isn&apos;t a saint, but rather he is an angel, and the leader of all angels and of the army of God. This is what the title &quot;Archangel&quot; means, that he is above all   | shop 3. 
Founder of the Franciscan Order, born at Assisi in Umbria, in 1181. In 1182, Pietro Bernardone returned from a trip to France to find out his wife had given birth to a son. Far from being ... continue reading | shop 4.   Catherine of Alexandria 
St. Catherine of Alexandria, Virgin and Martyr whose feast day is November 25th. She is the patroness of philosophers and preachers. St. Catherine is believed to have been born in Alexandria of a noble family. Converted to Christianity through a vision, she ...   Martin of Tours 
When Sulpicius Severus first met Martin of Tours he was stunned. Not only did the bishop offer him hospitality at his residence -- a monk&apos;s cell in the wilderness instead of a palace -- but Martin washed Sulpicius&apos; hands before dinner and his feet in the evening. But ... continue reading St. Charles Borromeo 
Charles was the son of Count Gilbert Borromeo and Margaret Medici, sister of Pope Pius IV. He was born at the family castle of Arona on Lake Maggiore, Italy on October 2. He received the clerical tonsure when he was twelve and was sent to the Benedictine abbey of SS.  
</post>
<signature>

</signature>
<external_links>

</external_links>
<country>US</country>
<main_image>http://www.catholic.org/images/new_col_logo.jpg</main_image>
</document>
