<?xml version="1.0" encoding="UTF-8"?>
<document>
<type>mainstream</type>
<forum>http://www.theguardian.com/uk/rss</forum>
<forum_title>The Guardian</forum_title>
<discussion_title>Russia still the architect of destruction in Aleppo | Opinion</discussion_title>
<language>english</language>
<gmt_offset></gmt_offset>
<topic_url>https://www.theguardian.com/commentisfree/picture/2016/aug/21/russia-still-the-architect-of-destruction-in-aleppo</topic_url>
<topic_text>
Illustration: Chris Riddell Chris Riddell 
Sunday 21 August 2016 00.05 BST Last modified on Sunday 21 August 2016 01.48 BST 
Share on Facebook Share on Twitter Share via Email Share on Pinterest Share on Google+ Share on WhatsApp Share on Messenger
</topic_text>
<spam_score>0.00</spam_score>
<post_num>9</post_num>
<post_id>post-9</post_id>
<post_url>https://www.theguardian.com/commentisfree/picture/2016/aug/21/russia-still-the-architect-of-destruction-in-aleppo#comment-81594447</post_url>
<post_date>20160821</post_date>
<post_time>1900</post_time>
<username>ClearItUp</username>
<post>
No matter how you look at it, Libya was the richest country in Africa. Per capita income in Libya was on par with many countries in Europe due to small population and oil. Gaddafi, whatever views has of him, was generous to the sub saharan African countries, providing considerable aid to may countries in the region. Many African countries had workers in Libya. Fully a million Egyptians used to work in Libya sending billions back to Egypt every year. I am looking at this news released by UN:
https://unsmil.unmissions.org/Default.aspx?tabid=3543&amp;ctl=Details&amp;mid=6187&amp;ItemID=2099691&amp;language=en-US 
40% of Libyans are in dire need of basic aid. Why has west done this to the Libyans? They can&apos;t eat propaganda written up by the likes of Bernard Henri Levy, and his tribe, who took credit for the regime change in Libya with no shame.
The western regime change enterprise, starting in 1950&apos;s has failed at every turn. The western population are being fed a pack of lies by soft peddlers like this cartoonist. Pointing fingers, blaming others just like the Nazi propagandist of the old.
</post>
<signature>

</signature>
<external_links>

</external_links>
<country>US</country>
<main_image>https://i.guim.co.uk/img/media/63b904845694b70b01cd9cb1f823b2a88886e06e/66_55_4258_2556/4258.jpg?w=1200&amp;amp;h=630&amp;amp;q=55&amp;amp;auto=format&amp;amp;usm=12&amp;amp;fit=crop&amp;amp;bm=normal&amp;amp;ba=bottom%2Cleft&amp;amp;blend64=aHR0cHM6Ly91cGxvYWRzLmd1aW0uY28udWsvMjAxNi8wNS8yNS9vdmVybGF5LWxvZ28tMTIwMC05MF9vcHQucG5n&amp;amp;s=9252e8eab8cb746d374d9212236e6c59</main_image>
</document>
