<?xml version="1.0" encoding="UTF-8"?>
<document>
<type>mainstream</type>
<forum>http://www.boerse.sx/external.php?type=RSS2</forum>
<forum_title>Boerse.SX Boerse.BZ Alternative</forum_title>
<discussion_title>Rio Summer Olympics 2016 Womens Basketball Finals France vs Serbia 720p WEB h264 - OVERTiME</discussion_title>
<language>ignore</language>
<gmt_offset></gmt_offset>
<topic_url>http://www.boerse.sx/boerse/videoboerse/sonstiges/1178169-rio-summer-olympics-2016-womens-basketball-finals-france-vs-serbia-720p-web-h264-overtime.html</topic_url>
<topic_text>
nfo: Code: OVERTiME.. presents.. Rio.Summer.Olympics.2016.Womens.Basketball.Finals.France.vs.Serbia.720p.WEB.h264-OVERTiME RELEASE.DATE | 21/08/2016 GENRE | Sport SOURCE | WEB(BBC) RESOLUTION | 1280x720 SIZE | 61x100m FRAMERATE | 50.000fps SUBTITLES | N/A NOTES | Live coverage of the women&apos;s bronze medal match between France and Serbia from the Carioca Arena. URL | ** NOW HIRING HDTV/PDTV/WEB/RETAIL CAPPERS FOR INDIE WRESTLING AND MMA ** ** THIS INCLUDE CZW/IWA-MS/IWA-DS/PWG/ICW/RPW AND ANY OTHER EVENTS! ** * We currently need.. * TV Cappers in United States/England/Scotland/Ireland/Canada/Australia/EUR. - Sport Cappers for UFC/WWE/ROH/TNA/MMA/BOXING/EPL/NHL/NBL/NBA/F1/NASCAR etc. - Can you capture FOX SPORT/NBC SPORT/CBS SPORT/EPSN/SKY SPORT/BT SPORT etc. * WEB/WEBRip/VOD cappers and untouched feeds. (tv network/foreign websites) * Do you have a collection of Wrestling, MMA or other Sports on DVD/BluRay? * Experienced X264 encoder with enough time! * Experienced programmer who can code custom tools and scripts. * Find us or send us a Email for a limited time! = electrifying[@]sigaint.org Uploaded.net Code: http://uploaded.net/file/d1uevo75 http://uploaded.net/file/kteex48r http://uploaded.net/file/ex8083zv http://uploaded.net/file/qvytrk5a http://uploaded.net/file/7yoaup8l http://uploaded.net/file/ql4tkpph http://uploaded.net/file/29gjdv2i http://uploaded.net/file/n2y5lp4n http://uploaded.net/file/ohygsutn http://uploaded.net/file/xwzc35b4 http://uploaded.net/file/93bmvugr http://uploaded.net/file/l233ckqh http://uploaded.net/file/jklr8u5k http://uploaded.net/file/cn1hxapg http://uploaded.net/file/qwu6lp26 http://uploaded.net/file/yz9kbs0g http://uploaded.net/file/e78mj4r9 http://uploaded.net/file/bsgd0tsj http://uploaded.net/file/wvfjav9m http://uploaded.net/file/gm3aefu4 http://uploaded.net/file/4ekpi0jm http://uploaded.net/file/iyakg5g2 http://uploaded.net/file/sbnvcmlg http://uploaded.net/file/4ullcomo http://uploaded.net/file/fsjqjpeb http://uploaded.net/file/h0iyk96c http://uploaded.net/file/xviwituv http://uploaded.net/file/hi3x5u6p http://uploaded.net/file/mfkt43r3 http://uploaded.net/file/6lqarkaf http://uploaded.net/file/ikcv66ek http://uploaded.net/file/eeupu4xn http://uploaded.net/file/a26mveve http://uploaded.net/file/2nh0444p http://uploaded.net/file/vr7nt23a http://uploaded.net/file/rt5o3qgo http://uploaded.net/file/ahpn53sm http://uploaded.net/file/vlpgfcrm http://uploaded.net/file/qifxs7d5 http://uploaded.net/file/wsar00bi http://uploaded.net/file/gmdnyxjx Openload.co Code: https://openload.co/f/bkn2tNTGYV0/RSO21WBFFS70WBh6VRE.part01.rar https://openload.co/f/yewXQYoE3LY/RSO21WBFFS70WBh6VRE.part02.rar https://openload.co/f/hBlJcIBFDNc/RSO21WBFFS70WBh6VRE.part03.rar https://openload.co/f/WXQmw5P5sis/RSO21WBFFS70WBh6VRE.part04.rar https://openload.co/f/UHvuCb4BjDE/RSO21WBFFS70WBh6VRE.part05.rar https://openload.co/f/hEPhch6cYBw/RSO21WBFFS70WBh6VRE.part06.rar https://openload.co/f/QNuqkElksqU/RSO21WBFFS70WBh6VRE.part07.rar https://openload.co/f/B_Gs8Qg7wEg/RSO21WBFFS70WBh6VRE.part08.rar https://openload.co/f/ejIKxTo5cwU/RSO21WBFFS70WBh6VRE.part09.rar https://openload.co/f/C36eYEosp4U/RSO21WBFFS70WBh6VRE.part10.rar https://openload.co/f/XqawQe4gg-4/RSO21WBFFS70WBh6VRE.part11.rar https://openload.co/f/7VZp_ZHhMiw/RSO21WBFFS70WBh6VRE.part12.rar https://openload.co/f/H-hpsIIlgTM/RSO21WBFFS70WBh6VRE.part13.rar https://openload.co/f/CoMzjLGE-Qc/RSO21WBFFS70WBh6VRE.part14.rar https://openload.co/f/SEZQKygGLhc/RSO21WBFFS70WBh6VRE.part15.rar https://openload.co/f/g0LarmU_BAc/RSO21WBFFS70WBh6VRE.part16.rar https://openload.co/f/grtlKXVM7l4/RSO21WBFFS70WBh6VRE.part17.rar https://openload.co/f/4EfO-eT2xdQ/RSO21WBFFS70WBh6VRE.part18.rar https://openload.co/f/eU2fx6eYf8Y/RSO21WBFFS70WBh6VRE.part19.rar https://openload.co/f/YfGKRmRsxPs/RSO21WBFFS70WBh6VRE.part20.rar https://openload.co/f/_OcBdyI1gPw/RSO21WBFFS70WBh6VRE.part21.rar https://openload.co/f/gxZ4V_wqao4/RSO21WBFFS70WBh6VRE.part22.rar https://openload.co/f/U5jG9SqnxX4/RSO21WBFFS70WBh6VRE.part23.rar https://openload.co/f/LqKH65diYjg/RSO21WBFFS70WBh6VRE.part24.rar https://openload.co/f/Ywu4rGEBiG8/RSO21WBFFS70WBh6VRE.part25.rar https://openload.co/f/mS0DZSrhba0/RSO21WBFFS70WBh6VRE.part26.rar https://openload.co/f/rT75ihIaNWU/RSO21WBFFS70WBh6VRE.part27.rar https://openload.co/f/Axmavr6OvJQ/RSO21WBFFS70WBh6VRE.part28.rar https://openload.co/f/QmCXGuuy7Wg/RSO21WBFFS70WBh6VRE.part29.rar https://openload.co/f/uciR-qVijG4/RSO21WBFFS70WBh6VRE.part30.rar https://openload.co/f/Zj61mMXRKPo/RSO21WBFFS70WBh6VRE.part31.rar https://openload.co/f/xtxha1c8wi4/RSO21WBFFS70WBh6VRE.part32.rar https://openload.co/f/4-_pqKlutBI/RSO21WBFFS70WBh6VRE.part33.rar https://openload.co/f/lKOLPOsE3gk/RSO21WBFFS70WBh6VRE.part34.rar https://openload.co/f/yZ0IBPpE_mo/RSO21WBFFS70WBh6VRE.part35.rar https://openload.co/f/-NeK7TDNvIc/RSO21WBFFS70WBh6VRE.part36.rar https://openload.co/f/Uen7aDxGBPI/RSO21WBFFS70WBh6VRE.part37.rar https://openload.co/f/Efi1CXA9ZQg/RSO21WBFFS70WBh6VRE.part38.rar https://openload.co/f/JXDR5P7bL04/RSO21WBFFS70WBh6VRE.part39.rar https://openload.co/f/jhMssOKQugE/RSO21WBFFS70WBh6VRE.part40.rar https://openload.co/f/OBjvk2EV4bk/RSO21WBFFS70WBh6VRE.part41.rar .
</topic_text>
<spam_score>0.00</spam_score>
<post_num>1</post_num>
<post_id>post-1</post_id>
<post_url>http://www.boerse.sx/boerse/videoboerse/sonstiges/1178169-rio-summer-olympics-2016-womens-basketball-finals-france-vs-serbia-720p-web-h264-overtime.html</post_url>
<post_date>20160821</post_date>
<post_time>1718</post_time>
<username>MarioAndretti83</username>
<post>
nfo: Code: OVERTiME.. presents.. Rio.Summer.Olympics.2016.Womens.Basketball.Finals.France.vs.Serbia.720p.WEB.h264-OVERTiME RELEASE.DATE | 21/08/2016 GENRE | Sport SOURCE | WEB(BBC) RESOLUTION | 1280x720 SIZE | 61x100m FRAMERATE | 50.000fps SUBTITLES | N/A NOTES | Live coverage of the women&apos;s bronze medal match between France and Serbia from the Carioca Arena. URL | ** NOW HIRING HDTV/PDTV/WEB/RETAIL CAPPERS FOR INDIE WRESTLING AND MMA ** ** THIS INCLUDE CZW/IWA-MS/IWA-DS/PWG/ICW/RPW AND ANY OTHER EVENTS! ** * We currently need.. * TV Cappers in United States/England/Scotland/Ireland/Canada/Australia/EUR. - Sport Cappers for UFC/WWE/ROH/TNA/MMA/BOXING/EPL/NHL/NBL/NBA/F1/NASCAR etc. - Can you capture FOX SPORT/NBC SPORT/CBS SPORT/EPSN/SKY SPORT/BT SPORT etc. * WEB/WEBRip/VOD cappers and untouched feeds. (tv network/foreign websites) * Do you have a collection of Wrestling, MMA or other Sports on DVD/BluRay? * Experienced X264 encoder with enough time! * Experienced programmer who can code custom tools and scripts. * Find us or send us a Email for a limited time! = electrifying[@]sigaint.org Uploaded.net Code: http://uploaded.net/file/d1uevo75 http://uploaded.net/file/kteex48r http://uploaded.net/file/ex8083zv http://uploaded.net/file/qvytrk5a http://uploaded.net/file/7yoaup8l http://uploaded.net/file/ql4tkpph http://uploaded.net/file/29gjdv2i http://uploaded.net/file/n2y5lp4n http://uploaded.net/file/ohygsutn http://uploaded.net/file/xwzc35b4 http://uploaded.net/file/93bmvugr http://uploaded.net/file/l233ckqh http://uploaded.net/file/jklr8u5k http://uploaded.net/file/cn1hxapg http://uploaded.net/file/qwu6lp26 http://uploaded.net/file/yz9kbs0g http://uploaded.net/file/e78mj4r9 http://uploaded.net/file/bsgd0tsj http://uploaded.net/file/wvfjav9m http://uploaded.net/file/gm3aefu4 http://uploaded.net/file/4ekpi0jm http://uploaded.net/file/iyakg5g2 http://uploaded.net/file/sbnvcmlg http://uploaded.net/file/4ullcomo http://uploaded.net/file/fsjqjpeb http://uploaded.net/file/h0iyk96c http://uploaded.net/file/xviwituv http://uploaded.net/file/hi3x5u6p http://uploaded.net/file/mfkt43r3 http://uploaded.net/file/6lqarkaf http://uploaded.net/file/ikcv66ek http://uploaded.net/file/eeupu4xn http://uploaded.net/file/a26mveve http://uploaded.net/file/2nh0444p http://uploaded.net/file/vr7nt23a http://uploaded.net/file/rt5o3qgo http://uploaded.net/file/ahpn53sm http://uploaded.net/file/vlpgfcrm http://uploaded.net/file/qifxs7d5 http://uploaded.net/file/wsar00bi http://uploaded.net/file/gmdnyxjx Openload.co Code: https://openload.co/f/bkn2tNTGYV0/RSO21WBFFS70WBh6VRE.part01.rar https://openload.co/f/yewXQYoE3LY/RSO21WBFFS70WBh6VRE.part02.rar https://openload.co/f/hBlJcIBFDNc/RSO21WBFFS70WBh6VRE.part03.rar https://openload.co/f/WXQmw5P5sis/RSO21WBFFS70WBh6VRE.part04.rar https://openload.co/f/UHvuCb4BjDE/RSO21WBFFS70WBh6VRE.part05.rar https://openload.co/f/hEPhch6cYBw/RSO21WBFFS70WBh6VRE.part06.rar https://openload.co/f/QNuqkElksqU/RSO21WBFFS70WBh6VRE.part07.rar https://openload.co/f/B_Gs8Qg7wEg/RSO21WBFFS70WBh6VRE.part08.rar https://openload.co/f/ejIKxTo5cwU/RSO21WBFFS70WBh6VRE.part09.rar https://openload.co/f/C36eYEosp4U/RSO21WBFFS70WBh6VRE.part10.rar https://openload.co/f/XqawQe4gg-4/RSO21WBFFS70WBh6VRE.part11.rar https://openload.co/f/7VZp_ZHhMiw/RSO21WBFFS70WBh6VRE.part12.rar https://openload.co/f/H-hpsIIlgTM/RSO21WBFFS70WBh6VRE.part13.rar https://openload.co/f/CoMzjLGE-Qc/RSO21WBFFS70WBh6VRE.part14.rar https://openload.co/f/SEZQKygGLhc/RSO21WBFFS70WBh6VRE.part15.rar https://openload.co/f/g0LarmU_BAc/RSO21WBFFS70WBh6VRE.part16.rar https://openload.co/f/grtlKXVM7l4/RSO21WBFFS70WBh6VRE.part17.rar https://openload.co/f/4EfO-eT2xdQ/RSO21WBFFS70WBh6VRE.part18.rar https://openload.co/f/eU2fx6eYf8Y/RSO21WBFFS70WBh6VRE.part19.rar https://openload.co/f/YfGKRmRsxPs/RSO21WBFFS70WBh6VRE.part20.rar https://openload.co/f/_OcBdyI1gPw/RSO21WBFFS70WBh6VRE.part21.rar https://openload.co/f/gxZ4V_wqao4/RSO21WBFFS70WBh6VRE.part22.rar https://openload.co/f/U5jG9SqnxX4/RSO21WBFFS70WBh6VRE.part23.rar https://openload.co/f/LqKH65diYjg/RSO21WBFFS70WBh6VRE.part24.rar https://openload.co/f/Ywu4rGEBiG8/RSO21WBFFS70WBh6VRE.part25.rar https://openload.co/f/mS0DZSrhba0/RSO21WBFFS70WBh6VRE.part26.rar https://openload.co/f/rT75ihIaNWU/RSO21WBFFS70WBh6VRE.part27.rar https://openload.co/f/Axmavr6OvJQ/RSO21WBFFS70WBh6VRE.part28.rar https://openload.co/f/QmCXGuuy7Wg/RSO21WBFFS70WBh6VRE.part29.rar https://openload.co/f/uciR-qVijG4/RSO21WBFFS70WBh6VRE.part30.rar https://openload.co/f/Zj61mMXRKPo/RSO21WBFFS70WBh6VRE.part31.rar https://openload.co/f/xtxha1c8wi4/RSO21WBFFS70WBh6VRE.part32.rar https://openload.co/f/4-_pqKlutBI/RSO21WBFFS70WBh6VRE.part33.rar https://openload.co/f/lKOLPOsE3gk/RSO21WBFFS70WBh6VRE.part34.rar https://openload.co/f/yZ0IBPpE_mo/RSO21WBFFS70WBh6VRE.part35.rar https://openload.co/f/-NeK7TDNvIc/RSO21WBFFS70WBh6VRE.part36.rar https://openload.co/f/Uen7aDxGBPI/RSO21WBFFS70WBh6VRE.part37.rar https://openload.co/f/Efi1CXA9ZQg/RSO21WBFFS70WBh6VRE.part38.rar https://openload.co/f/JXDR5P7bL04/RSO21WBFFS70WBh6VRE.part39.rar https://openload.co/f/jhMssOKQugE/RSO21WBFFS70WBh6VRE.part40.rar https://openload.co/f/OBjvk2EV4bk/RSO21WBFFS70WBh6VRE.part41.rar .
</post>
<signature>

</signature>
<external_links>

</external_links>
<country>SX</country>
<main_image></main_image>
</document>
