<?xml version="1.0" encoding="UTF-8"?>
<document>
<type>mainstream</type>
<forum>http://www.radiobremen.de/feed/rss/index166.xml</forum>
<forum_title>Startseite Nordwestradio</forum_title>
<discussion_title>2 nach 1: Julio Segador</discussion_title>
<language>german</language>
<gmt_offset></gmt_offset>
<topic_url>http://www.radiobremen.de/nordwestradio/sendungen/zwei-nach-eins/julio-segador106.html</topic_url>
<topic_text>
22. August 2016, 13:05 Uhr 2 nach 1 Julio Segador ARD-Korrespondent in Südamerika 
Mit der Schlussfeier Sonntagnacht im Maracanã-Stadion in Rio de Janeiro enden die Olympischen Spiele 2016. Einer, der deutschen Radiohörern Geschichten auch abseits vom Medaillenkampf nehe gebracht hat, ist Julio Segador. Er warf einen Blick auf Brasiliens Wirtschaftslage, erzählte von deutschen Abenteurern, die mit dem Rad von München anreisten und von Protesten auf den Rängen. Quelle: Bayerischer Rundfunk, Theresa Högner 
Julio Segador, ARD-Korrespondent für Südamerika 
Dürfen Zuschauer bei den olympischen Wettbewerben in Rio de Janeiro Transparente zeigen? Schweißt Olympia die Brasilianer zusammen? Wer engagiert sich für soziale Brennpunkte in Rio de Janeiro? Das sind Fragen, denen ARD-Korrespondent Julio Segador nachgegangen ist, während seine Sport-Kollegen von Spitzenleistungen, Schweiß und Tränen berichteten. Seine Aufgabe: nach den Kehrseiten der olympischen Wettbewerbe suchen, kulturelle Kleinode am Rande einfangen und die Stimmung der Brasilianer beobachten. Zuhause in den Metropolen Südamerikas 
Seit fünf Jahren schon ist Julio Segador ARD-Korrespondent für Südamerika und lebt normalerweise in Buenos Aires in Argentinien. Von dort aus berichtet er aus einem riesigen Gebiet: von der Karibik bis zur Antarktis. Er liefert Nachrichten, Reportagen und Analysen über viele Länder und packte vor rund vier Wochen seine Koffer, um ausführlich rund um Olympia in Rio zu berichten. Olympia in Rio de Janeiro: Die Bilanz von Julio Segador 
Viele Probleme belasten derzeit das riesige Land in Lateinamerika: Zika-Virus, verseuchte Strände, Vertreibung der Armen aus den Favelas – auch die brasilianischen Vorbereitungen auf die Spiele waren im Vorfeld umstritten. Nicht zuletzt tobt gerade ein politischer Machtkampf im Land, um das Ende der Regierung von Dilma Rousseff. Nach dem Ende der Spiele zieht Julio Segador live im Nordwestradio Bilanz: Wer ist der große Gewinner der Olympischen Spiele, was kann Brasilien davon mit in die Zukunft nehmen und welche Geschichte hat ihn am meisten bewegt? Julio Segador zu Gast in Bremen:
</topic_text>
<spam_score>0.00</spam_score>
<post_num>1</post_num>
<post_id>post-1</post_id>
<post_url>http://www.radiobremen.de/nordwestradio/sendungen/zwei-nach-eins/julio-segador106.html</post_url>
<post_date>20160822</post_date>
<post_time>1105</post_time>
<username></username>
<post>
22. August 2016, 13:05 Uhr 2 nach 1 Julio Segador ARD-Korrespondent in Südamerika 
Mit der Schlussfeier Sonntagnacht im Maracanã-Stadion in Rio de Janeiro enden die Olympischen Spiele 2016. Einer, der deutschen Radiohörern Geschichten auch abseits vom Medaillenkampf nehe gebracht hat, ist Julio Segador. Er warf einen Blick auf Brasiliens Wirtschaftslage, erzählte von deutschen Abenteurern, die mit dem Rad von München anreisten und von Protesten auf den Rängen. Quelle: Bayerischer Rundfunk, Theresa Högner 
Julio Segador, ARD-Korrespondent für Südamerika 
Dürfen Zuschauer bei den olympischen Wettbewerben in Rio de Janeiro Transparente zeigen? Schweißt Olympia die Brasilianer zusammen? Wer engagiert sich für soziale Brennpunkte in Rio de Janeiro? Das sind Fragen, denen ARD-Korrespondent Julio Segador nachgegangen ist, während seine Sport-Kollegen von Spitzenleistungen, Schweiß und Tränen berichteten. Seine Aufgabe: nach den Kehrseiten der olympischen Wettbewerbe suchen, kulturelle Kleinode am Rande einfangen und die Stimmung der Brasilianer beobachten. Zuhause in den Metropolen Südamerikas 
Seit fünf Jahren schon ist Julio Segador ARD-Korrespondent für Südamerika und lebt normalerweise in Buenos Aires in Argentinien. Von dort aus berichtet er aus einem riesigen Gebiet: von der Karibik bis zur Antarktis. Er liefert Nachrichten, Reportagen und Analysen über viele Länder und packte vor rund vier Wochen seine Koffer, um ausführlich rund um Olympia in Rio zu berichten. Olympia in Rio de Janeiro: Die Bilanz von Julio Segador 
Viele Probleme belasten derzeit das riesige Land in Lateinamerika: Zika-Virus, verseuchte Strände, Vertreibung der Armen aus den Favelas – auch die brasilianischen Vorbereitungen auf die Spiele waren im Vorfeld umstritten. Nicht zuletzt tobt gerade ein politischer Machtkampf im Land, um das Ende der Regierung von Dilma Rousseff. Nach dem Ende der Spiele zieht Julio Segador live im Nordwestradio Bilanz: Wer ist der große Gewinner der Olympischen Spiele, was kann Brasilien davon mit in die Zukunft nehmen und welche Geschichte hat ihn am meisten bewegt? Julio Segador zu Gast in Bremen:
</post>
<signature>

</signature>
<external_links>

</external_links>
<country>DE</country>
<main_image>http://www.radiobremen.de/nordwestradio/julio-segador102_v-mobil4x3x800.jpg</main_image>
</document>
