<?xml version="1.0" encoding="UTF-8"?>
<document>
<type>mainstream</type>
<forum></forum>
<forum_title></forum_title>
<discussion_title>The Amazing American Southwest in Photos - blogs de travel</discussion_title>
<language>english</language>
<gmt_offset></gmt_offset>
<topic_url>http://yoursecrettravel.com/travel-general/the-amazing-american-southwest-in-photos</topic_url>
<topic_text>
Fuente: dangerous-business - View all news from this site The Amazing American Southwest in Photos Despite all the countries I’ve visited, the cities I’ve explored, and the natural wonders I’ve seen up close, I’m still convinced of one thing: the United States is one of the most diverse and most beautiful countries out there. As an American, I spent most of my life taking this fact for granted. I dreamed of “escaping” the US, and almost always looked to other countries when I thought about travel. But then I started traveling more in my own country. A road trip here, a weekend away there. And guess what&quot; I discovered that some of the best landscapes, the coolest cities, and most interesting people were right here in my own country the whole time. And, after a few years in a row of making a point of traveling within the US, I have identified my favorite part of the country: The American Southwest.The American Southwest is (like many regions in this country) loosely defined. Usually it includes Arizona, and then parts of New Mexico, Utah, Colorado, and sometimes Nevada and the tiniest sliver of California. When I think of this region, I think desert and red sandstone and ties to America’s native people. I think of tiny towns and weak cell phone signals. And I think of national parks and sweeping landscapes. After two separate trips to this part of the US, I’m finally ready to show you all my favorite spots! The Amazing American Southwest in Photos Here are some of my favorite photos from my favorite part of the United States: Zion National Park in Utah – perhaps my favorite national park now! Delicate Arch in Arches National Park (Utah) White Sands National Monument in New Mexico Inspiration Point at Bryce Canyon National Park (Utah) Horseshoe Bend in Arizona Mesa Arch in Canyonlands National Park (Utah) Desert View at the Grand Canyon (Arizona) Arches National Park in Utah Light beam in Upper Antelope Canyon (Arizona) Taos Pueblo in New Mexico Natural Bridge at Bryce Canyon National Park (Utah) Grand ... 
</topic_text>
<spam_score>0.25</spam_score>
<post_num>1</post_num>
<post_id>post-1</post_id>
<post_url>http://yoursecrettravel.com/travel-general/the-amazing-american-southwest-in-photos</post_url>
<post_date>20160816</post_date>
<post_time></post_time>
<username></username>
<post>
Fuente: dangerous-business - View all news from this site The Amazing American Southwest in Photos Despite all the countries I’ve visited, the cities I’ve explored, and the natural wonders I’ve seen up close, I’m still convinced of one thing: the United States is one of the most diverse and most beautiful countries out there. As an American, I spent most of my life taking this fact for granted. I dreamed of “escaping” the US, and almost always looked to other countries when I thought about travel. But then I started traveling more in my own country. A road trip here, a weekend away there. And guess what&quot; I discovered that some of the best landscapes, the coolest cities, and most interesting people were right here in my own country the whole time. And, after a few years in a row of making a point of traveling within the US, I have identified my favorite part of the country: The American Southwest.The American Southwest is (like many regions in this country) loosely defined. Usually it includes Arizona, and then parts of New Mexico, Utah, Colorado, and sometimes Nevada and the tiniest sliver of California. When I think of this region, I think desert and red sandstone and ties to America’s native people. I think of tiny towns and weak cell phone signals. And I think of national parks and sweeping landscapes. After two separate trips to this part of the US, I’m finally ready to show you all my favorite spots! The Amazing American Southwest in Photos Here are some of my favorite photos from my favorite part of the United States: Zion National Park in Utah – perhaps my favorite national park now! Delicate Arch in Arches National Park (Utah) White Sands National Monument in New Mexico Inspiration Point at Bryce Canyon National Park (Utah) Horseshoe Bend in Arizona Mesa Arch in Canyonlands National Park (Utah) Desert View at the Grand Canyon (Arizona) Arches National Park in Utah Light beam in Upper Antelope Canyon (Arizona) Taos Pueblo in New Mexico Natural Bridge at Bryce Canyon National Park (Utah) Grand ... 
</post>
<signature>

</signature>
<external_links>

</external_links>
<country>NL</country>
<main_image>https://photos.smugmug.com/North-America/USA/Utah/i-ghG8GvC/0/XL/P4092235-XL.jpg</main_image>
</document>
