<?xml version="1.0" encoding="UTF-8"?>
<document>
<type>mainstream</type>
<forum>http://www.bndestem.nl/cmlink/1.4253322</forum>
<forum_title>Laatstenieuws</forum_title>
<discussion_title>Drie keer prijs voor Kim Breukink bij TV Vierhoeven</discussion_title>
<language>dutch</language>
<gmt_offset></gmt_offset>
<topic_url>http://www.bndestem.nl/sport/tennis/drie-keer-prijs-voor-kim-breukink-bij-tv-vierhoeven-1.6282495</topic_url>
<topic_text>
Home / Sport / Tennis / Drie keer prijs voor Kim Breukink bij TV Vierhoeven Drie keer prijs voor Kim Breukink bij TV Vierhoeven Beschrijving Kim Breukink. archieffoto Edmund Messerschmidt ROOSENDAAL / BREDA - Kim Breukink was de gevierde vrouw op het Profectum Open van TV Vierhoeven in Roosendaal afgelopen weekeinde. In de categorie 3 zag Breukink in de finale Margot Wijnen bij de stand 6-2 4-3 afhaken, won zij het dubbel met Kelly Gorissen en bleef vervolgens met vriend Wouter Adriaansen in de mix triomfantelijk overeind. 
Om in de finale van het enkelspel te geraken, had Breukink met Tessa Govers uit Bergen op Zoom afgerekend en bleek Wijnen een te grote hindernis voor Michelle Hazenberg uit Prinsenbeek. In het dubbel was de dochter van de man, die vroeger aardig kon fietsen, met Gorissen ook al een te groot struikelblok geweest voor Govers en Charlotte van Velthoven. 
Gorissen redde het op haar beurt met Lars de Jongh in de mix niet tegen het koppel Breukink/ Adriaansen, 7-5 6-1. 
Bij de mannen hield Bart Dane de eer van de familie hoog door in de categorie 3 Stefan Dijkers verrassend te verslaan, 6-4 3-6 6-0. 
Moeder Michèle had namelijk nog een categorie hoger in de halve finale geen schijn van een kans gehad tegen de weer gewoon nationaal tennissende lijstaanvoerster Angelique van der Meet. En ook Mandy Wolfert uit de hoofdmacht van Warande moest in de eindstrijd tegen Van der Meet passen, 6-4 6-2. De Zeeuwse Wolfert kon zich echter revancheren in de mix, waarin zij met André van der Bijl met 7-6 6-3 Angelique van der Meet en Bart Dane de baas bleef. 
Roos Nederstigt uit Halsteren en de Roosendaalse Malou Willemen waren op de Mark Open in Breda niet opgewassen tegen Hanneke Lodewijks. 
Bijna in de achtertuin van de ouderlijke woning van de in Amerika studerende en tennissende Lodewijks legde eerst Nederstigt, twee keer 6-1, en vervolgens Willemen, twee keer 6-4, het loodje. Vervolgens maakte Lodewijks het feest compleet door met Maico Egbers ook de mix op te eisen van Keetie Bleijenberg en Tim Gregoor, 6-3 6-2. 
Collegetennisser Egbers, in de competitie uitkomend voor TC Breda, kende op sportpark De Mark louter overwinningen. In de singles kreeg Michel Wevers twee games, werd lijstaanvoerder Pepijn van Doorn na een gewonnen tiebreak volledig ontmanteld, 6-7 6-1 6-1, en ging in de finale ook Yoël Schuller uit Raamsdonksveer er in straight sets aan, twee keer 6-2. Zie ook
</topic_text>
<spam_score>0.00</spam_score>
<post_num>1</post_num>
<post_id>post-1</post_id>
<post_url>http://www.bndestem.nl/sport/tennis/drie-keer-prijs-voor-kim-breukink-bij-tv-vierhoeven-1.6282495</post_url>
<post_date>20160821</post_date>
<post_time>2024</post_time>
<username></username>
<post>
Home / Sport / Tennis / Drie keer prijs voor Kim Breukink bij TV Vierhoeven Drie keer prijs voor Kim Breukink bij TV Vierhoeven Beschrijving Kim Breukink. archieffoto Edmund Messerschmidt ROOSENDAAL / BREDA - Kim Breukink was de gevierde vrouw op het Profectum Open van TV Vierhoeven in Roosendaal afgelopen weekeinde. In de categorie 3 zag Breukink in de finale Margot Wijnen bij de stand 6-2 4-3 afhaken, won zij het dubbel met Kelly Gorissen en bleef vervolgens met vriend Wouter Adriaansen in de mix triomfantelijk overeind. 
Om in de finale van het enkelspel te geraken, had Breukink met Tessa Govers uit Bergen op Zoom afgerekend en bleek Wijnen een te grote hindernis voor Michelle Hazenberg uit Prinsenbeek. In het dubbel was de dochter van de man, die vroeger aardig kon fietsen, met Gorissen ook al een te groot struikelblok geweest voor Govers en Charlotte van Velthoven. 
Gorissen redde het op haar beurt met Lars de Jongh in de mix niet tegen het koppel Breukink/ Adriaansen, 7-5 6-1. 
Bij de mannen hield Bart Dane de eer van de familie hoog door in de categorie 3 Stefan Dijkers verrassend te verslaan, 6-4 3-6 6-0. 
Moeder Michèle had namelijk nog een categorie hoger in de halve finale geen schijn van een kans gehad tegen de weer gewoon nationaal tennissende lijstaanvoerster Angelique van der Meet. En ook Mandy Wolfert uit de hoofdmacht van Warande moest in de eindstrijd tegen Van der Meet passen, 6-4 6-2. De Zeeuwse Wolfert kon zich echter revancheren in de mix, waarin zij met André van der Bijl met 7-6 6-3 Angelique van der Meet en Bart Dane de baas bleef. 
Roos Nederstigt uit Halsteren en de Roosendaalse Malou Willemen waren op de Mark Open in Breda niet opgewassen tegen Hanneke Lodewijks. 
Bijna in de achtertuin van de ouderlijke woning van de in Amerika studerende en tennissende Lodewijks legde eerst Nederstigt, twee keer 6-1, en vervolgens Willemen, twee keer 6-4, het loodje. Vervolgens maakte Lodewijks het feest compleet door met Maico Egbers ook de mix op te eisen van Keetie Bleijenberg en Tim Gregoor, 6-3 6-2. 
Collegetennisser Egbers, in de competitie uitkomend voor TC Breda, kende op sportpark De Mark louter overwinningen. In de singles kreeg Michel Wevers twee games, werd lijstaanvoerder Pepijn van Doorn na een gewonnen tiebreak volledig ontmanteld, 6-7 6-1 6-1, en ging in de finale ook Yoël Schuller uit Raamsdonksveer er in straight sets aan, twee keer 6-2. Zie ook
</post>
<signature>

</signature>
<external_links>

</external_links>
<country>NL</country>
<main_image>http://www.bndestem.nl/polopoly_fs/1.6282497.1471810899!image/image-6282497.JPG</main_image>
</document>
