<?xml version="1.0" encoding="UTF-8"?>
<document>
<type>mainstream</type>
<forum></forum>
<forum_title></forum_title>
<discussion_title>『この美術部には問題がある！』6話感想 美少女転校生登場！宇佐美ちゃん大ピンチ！？について | おもしろ情報ｗ</discussion_title>
<language>japanese</language>
<gmt_offset></gmt_offset>
<topic_url>http://matomechit.mints.ne.jp/nckk/2016/08/22/%e3%80%8e%e3%81%93%e3%81%ae%e7%be%8e%e8%a1%93%e9%83%a8%e3%81%ab%e3%81%af%e5%95%8f%e9%a1%8c%e3%81%8c%e3%81%82%e3%82%8b%ef%bc%81%e3%80%8f6%e8%a9%b1%e6%84%9f%e6%83%b3-%e7%be%8e%e5%b0%91%e5%a5%b3-3/</topic_url>
<topic_text>
『この美術部には問題がある！』6話感想 美少女転校生登場！宇佐美ちゃん大ピンチ！？について Copyright© おもしろ情報ｗ , 2016 All Rights Reserved. 
</topic_text>
<spam_score>0.00</spam_score>
<post_num>1</post_num>
<post_id>post-1</post_id>
<post_url>http://matomechit.mints.ne.jp/nckk/2016/08/22/%e3%80%8e%e3%81%93%e3%81%ae%e7%be%8e%e8%a1%93%e9%83%a8%e3%81%ab%e3%81%af%e5%95%8f%e9%a1%8c%e3%81%8c%e3%81%82%e3%82%8b%ef%bc%81%e3%80%8f6%e8%a9%b1%e6%84%9f%e6%83%b3-%e7%be%8e%e5%b0%91%e5%a5%b3-3/</post_url>
<post_date>20160510</post_date>
<post_time></post_time>
<username></username>
<post>
『この美術部には問題がある！』6話感想 美少女転校生登場！宇佐美ちゃん大ピンチ！？について Copyright© おもしろ情報ｗ , 2016 All Rights Reserved. 
</post>
<signature>

</signature>
<external_links>

</external_links>
<country></country>
<main_image>https://s0.wp.com/i/blank.jpg</main_image>
</document>
