<?xml version="1.0" encoding="UTF-8"?>
<document>
<type>mainstream</type>
<forum>http://www.nishinippon.co.jp/delivery/rss/nsp</forum>
<forum_title>スポーツ / 西日本新聞</forum_title>
<discussion_title>スーパーヘビー級はヨカが金 ボクシング・２１日</discussion_title>
<language>japanese</language>
<gmt_offset></gmt_offset>
<topic_url>http://www.nishinippon.co.jp/nsp/riodejaneiro/article/268891</topic_url>
<topic_text>
 //vsc.send.microad.jp/delivery/ck.php?n=a658fd62&amp;cb=INSERT_RANDOM_NUMBER_HERE&quot; target=&quot;_blank&quot;&gt;&lt;img src=&quot;http://vsc.send.microad.jp/delivery/avw.php?zoneid=10439&amp;cb=INSERT_RANDOM_NUMBER_HERE&amp;n=a658fd62&amp;ct0=INSERT_CLICKURL_HERE&amp;snr=2&quot; border=&quot;0&quot; alt=&quot;&quot; /&gt;&lt;/a&gt; &lt;a href=&quot;http://vsc.send.microad.jp/delivery/ck.php?n=abe44a35&amp;cb=INSERT_RANDOM_NUMBER_HERE&quot; target=&quot;_blank&quot;&gt;&lt;img src=&quot;http://vsc.send.microad.jp/delivery/avw.php?zoneid=4986&amp;cb=INSERT_RANDOM_NUMBER_HERE&amp;n=abe44a35&amp;ct0=INSERT_CLICKURL_HERE&amp;snr=2&quot; border=&quot;0&quot; alt=&quot;&quot; /&gt;&lt;/a&gt; &lt;a href=&quot;http://vsc.send.microad.jp/delivery/ck.php?n=aed894eb&amp;cb=INSERT_RANDOM_NUMBER_HERE&quot; target=&quot;_blank&quot;&gt;&lt;img src=&quot;http://vsc.send.microad.jp/delivery/avw.php?zoneid=4984&amp;cb=INSERT_RANDOM_NUMBER_HERE&amp;n=aed894eb&amp;ct0=INSERT_CLICKURL_HERE&amp;snr=2&quot; border=&quot;0&quot; alt=&quot;&quot; /&gt;&lt;/a&gt; &lt;a href=&quot;http://vsc.send.microad.jp/delivery/ck.php?n=a63f8686&amp;cb=INSERT_RANDOM_NUMBER_HERE&quot;   href=&quot;http:  &lt;a      
</topic_text>
<spam_score>0.00</spam_score>
<post_num>1</post_num>
<post_id>post-1</post_id>
<post_url>http://www.nishinippon.co.jp/nsp/riodejaneiro/article/268891</post_url>
<post_date>20160821</post_date>
<post_time>2040</post_time>
<username></username>
<post>
 //vsc.send.microad.jp/delivery/ck.php?n=a658fd62&amp;cb=INSERT_RANDOM_NUMBER_HERE&quot; target=&quot;_blank&quot;&gt;&lt;img src=&quot;http://vsc.send.microad.jp/delivery/avw.php?zoneid=10439&amp;cb=INSERT_RANDOM_NUMBER_HERE&amp;n=a658fd62&amp;ct0=INSERT_CLICKURL_HERE&amp;snr=2&quot; border=&quot;0&quot; alt=&quot;&quot; /&gt;&lt;/a&gt; &lt;a href=&quot;http://vsc.send.microad.jp/delivery/ck.php?n=abe44a35&amp;cb=INSERT_RANDOM_NUMBER_HERE&quot; target=&quot;_blank&quot;&gt;&lt;img src=&quot;http://vsc.send.microad.jp/delivery/avw.php?zoneid=4986&amp;cb=INSERT_RANDOM_NUMBER_HERE&amp;n=abe44a35&amp;ct0=INSERT_CLICKURL_HERE&amp;snr=2&quot; border=&quot;0&quot; alt=&quot;&quot; /&gt;&lt;/a&gt; &lt;a href=&quot;http://vsc.send.microad.jp/delivery/ck.php?n=aed894eb&amp;cb=INSERT_RANDOM_NUMBER_HERE&quot; target=&quot;_blank&quot;&gt;&lt;img src=&quot;http://vsc.send.microad.jp/delivery/avw.php?zoneid=4984&amp;cb=INSERT_RANDOM_NUMBER_HERE&amp;n=aed894eb&amp;ct0=INSERT_CLICKURL_HERE&amp;snr=2&quot; border=&quot;0&quot; alt=&quot;&quot; /&gt;&lt;/a&gt; &lt;a href=&quot;http://vsc.send.microad.jp/delivery/ck.php?n=a63f8686&amp;cb=INSERT_RANDOM_NUMBER_HERE&quot;   href=&quot;http:  &lt;a      
</post>
<signature>

</signature>
<external_links>

</external_links>
<country>JP</country>
<main_image>http://www.nishinippon.co.jp/common/img/logo_sns.jpg</main_image>
</document>
