<?xml version="1.0" encoding="UTF-8"?>
<document>
<type>mainstream</type>
<forum></forum>
<forum_title></forum_title>
<discussion_title>أمتع ناظريك بصور السيارات الكلاسيكية باهظة الثمن في مزاد بيبل بيتش الأمريكي – المربع نت</discussion_title>
<language>english</language>
<gmt_offset></gmt_offset>
<topic_url>https://www.almuraba.net/news_view_110474.html</topic_url>
<topic_text>
A total fail, Natsuki nearby college to find a replica watches coffee shop and sat down over coffee to find out things about college rolex replica watches waiter. This waiter was a brunette Alice nose of the British girl, older than he looks slightly old, looks fair, plump figure. Just over the lunch hour, the store only a handful breitling replica watches of guests, you see Chun Xia Shuying able, she not only answered replica watches every question with a charming smile replica watches eyes also suggestive meaning. Natsuki no interest to her people, she only care about the information provided: This aristocratic rolex replica watches college housing only aristocrats, officials and wealthy families of the girls, the number of students has never been more than a replica watches thousand, according to the student&apos;s age and identity background divided into several classes, knowledge of course accounts for only a small part, most of the time replica watches training deportment, strive to impart high society and communication skills. اخبار عاجلة 
</topic_text>
<spam_score>0.20</spam_score>
<post_num>1</post_num>
<post_id>post-1</post_id>
<post_url>https://www.almuraba.net/news_view_110474.html</post_url>
<post_date>20160821</post_date>
<post_time></post_time>
<username></username>
<post>
A total fail, Natsuki nearby college to find a replica watches coffee shop and sat down over coffee to find out things about college rolex replica watches waiter. This waiter was a brunette Alice nose of the British girl, older than he looks slightly old, looks fair, plump figure. Just over the lunch hour, the store only a handful breitling replica watches of guests, you see Chun Xia Shuying able, she not only answered replica watches every question with a charming smile replica watches eyes also suggestive meaning. Natsuki no interest to her people, she only care about the information provided: This aristocratic rolex replica watches college housing only aristocrats, officials and wealthy families of the girls, the number of students has never been more than a replica watches thousand, according to the student&apos;s age and identity background divided into several classes, knowledge of course accounts for only a small part, most of the time replica watches training deportment, strive to impart high society and communication skills. اخبار عاجلة 
</post>
<signature>

</signature>
<external_links>

</external_links>
<country>GB</country>
<main_image>https://www.almuraba.net/wp-content/uploads/2016/08/rm-sothebys-auction-at-pebble-beach-4.jpg</main_image>
</document>
