<?xml version="1.0" encoding="UTF-8"?>
<document>
<type>mainstream</type>
<forum>http://news.money.ca/category/manufacturing-and-production/page/618/</forum>
<forum_title>Manufacturing and Production Archives - Page 618 of 7127 - MONEY® News</forum_title>
<discussion_title>Plastic Recycling Machine Market Manufacturers, Trends, Development and Consumption Analysis and Forecasts to 2020</discussion_title>
<language>english</language>
<gmt_offset></gmt_offset>
<topic_url>http://news.money.ca/2016/08/10/plastic-recycling-machine-market-manufacturers-trends-development-and-consumption-analysis-and-forecasts-to-2020/</topic_url>
<topic_text>
Plastic Recycling Machine Market Manufacturers, Trends, Development and Consumption Analysis and Forecasts to 2020 The Global Plastic Recycling Machine Industry 2016 Market Research Report as available on AskLinkerReports.com is a comprehensive analysis of the Plastic Recycling Machine industry. From a basic outline of the Plastic Recycling Machine to definition, classification, application, and industry chain overview are all covered in the report. PR Newswire
PUNE, India, Aug. 10, 2016
PUNE, India , Aug. 10, 2016 /PRNewswire-iReach/ — The Global Plastic Recycling Machine Industry 2016 Market Research Report projects investment feasibility analysis, new project SWOT analysis, and investment return analysis of the Plastic Recycling Machine industry. It portrays the present market picture and progress forecasts of the Global Plastic Recycling Machine market in the coming years. It offers a global synopsis along with the market share and progress forecasts by region. This report also highlights the dissection of the market in terms of product technology. The report presents the key vendor backdrop of this market and an equivalent thorough analysis of the significant market players.
Photo – http://photos.prnewswire.com/prnh/20160810/397071
Complete report of 160 pages is available at http://www.asklinkerreports.com/4196-plastic-recycling-machine-market .
The Global Plastic Recycling Machine Industry 2016 Market Research Report prudently studies and outlines the changing aspects and opportunity of the market and serves in determining the principal factors impelling the development of the market for Plastic Recycling Machine. This report is a calculable and qualitative demonstration including both the driving as well as constraining factors within the market for Plastic Recycling Machine. The main segments besides the sub-segments within the market have also been emphasized in the report, with citing the foremost segments and their predictable market position towards the end of the forecast period.
The report is a carefully sketches the Plastic Recycling Machine industry plan and policy along with manufacturing process, product specification, cost structure and so on. Not only this the report profoundly evaluates the world’s main region market conditions comprising of the product, price, production, profit, capacity utilization, supply, demand and industry growth rate and much more.
In addition, the report confers the main drivers that are inducing the growth of the market and also sketches the challenges faced by the vendors and the market as a whole. The report also highlights the key trends that are emergent in the market – the key region including North American, Europe and Asia ; and the leading countries like US, Germany , Japan , and China .
Purchase a Copy of Report at http://www.asklinkerreports.com/contacts/purchase/4196 .
The Global Plastic Recycling Machine Industry 2016 Market Research Report comes in six segments, the first segment introduces the product basic information; the second segment analyses the Asia Plastic Recycling Machine industry; the third slot chiefly dissects the North American Plastic Recycling Machine industry; the fourth segment scrutinizes the Europe Plastic Recycling Machine industry; the fifth segment analyzes the market entry and investment feasibility; and the sixth segment comprises the summary of the Plastic Recycling Machine Industry.
Table of Contents for 2016 Market Research Report on Plastic Recycling Machine Industry
Part I Plastic Recycling Machine Industry Overview
Chapter One Plastic Recycling Machine Industry Overview
Part II Asia Plastic Recycling Machine Industry
Chapter Two Asia Plastic Recycling Machine Product History of Development
Chapter Three Asia Plastic Recycling Machine Key Manufacturers Analysis
Chapter Four 2011-2016 Asia Plastic Recycling Machine Productions Supply Sales Demand Market Status and Forecast Analysis
Chapter Five Plastic Recycling Machine Industry Development Trend
Part III North American Plastic Recycling Machine Industry
Chapter Six North American Plastic Recycling Machine Product History of Development
Chapter Seven North American Plastic Recycling Machine Key Manufacturers Analysis
Chapter Eight 2011-2016 North American Plastic Recycling Machine Productions Supply Sales Demand Market Status and Forecast Analysis
Chapter Nine Plastic Recycling Machine Industry Development Trend
Part IV Europe Plastic Recycling Machine Industry Analysis
Chapter Ten Europe Plastic Recycling Machine Product History of Development
Chapter Eleven Europe Plastic Recycling Machine Key Manufacturers Analysis
Chapter Twelve 2011-2016 Europe Plastic Recycling Machine Productions Supply Sales Demand Market Status and Forecast Analysis
Chapter Thirteen Plastic Recycling Machine Industry Development Trend
Part V Plastic Recycling Machine Marketing Channels and Investment Feasibility
Chapter Fourteen Plastic Recycling Machine Marketing Channels Analysis
Chapter Fifteen Plastic Recycling Machine Development Environmental Analysis
Chapter Sixteen Plastic Recycling Machine SWOT Analysis and New Project Investment Feasibility Analysis
Part VI Global Plastic Recycling Machine Industry Conclusions
Chapter Seventeen 2011-2016 Global Plastic Recycling Machine Productions Supply Sales Demand Market Status and Forecast Analysis
Chapter Eighteen Plastic Recycling Machine Industry Development Trend
Chapter Nineteen Global Plastic Recycling Machine Industry Research Summary
Explore other reports on machinery market at http://www.asklinkerreports.com/category/machinery-market-research .
About Us
AskLinker Reports is an aggregator of market research and industry intelligence reports providing data analysis of sectors including chemical, medical, machinery, food, energy, automotive, environmental protection, transportation, electric power, light industry, petroleum, electronics and other categories.
Media Contact: Ritesh Tiwari , AskLinkerReports.com, + 1 888 391 5441, Sales@asklinkerreports.com
News distributed by PR Newswire iReach: https://ireach.prnewswire.com
SOURCE AskLinkerReports.com
 Manufacturing and Production , Surveys .
</topic_text>
<spam_score>0.33</spam_score>
<post_num>1</post_num>
<post_id>post-1</post_id>
<post_url>http://news.money.ca/2016/08/10/plastic-recycling-machine-market-manufacturers-trends-development-and-consumption-analysis-and-forecasts-to-2020/</post_url>
<post_date>20160810</post_date>
<post_time></post_time>
<username>money.ca</username>
<post>
Plastic Recycling Machine Market Manufacturers, Trends, Development and Consumption Analysis and Forecasts to 2020 The Global Plastic Recycling Machine Industry 2016 Market Research Report as available on AskLinkerReports.com is a comprehensive analysis of the Plastic Recycling Machine industry. From a basic outline of the Plastic Recycling Machine to definition, classification, application, and industry chain overview are all covered in the report. PR Newswire
PUNE, India, Aug. 10, 2016
PUNE, India , Aug. 10, 2016 /PRNewswire-iReach/ — The Global Plastic Recycling Machine Industry 2016 Market Research Report projects investment feasibility analysis, new project SWOT analysis, and investment return analysis of the Plastic Recycling Machine industry. It portrays the present market picture and progress forecasts of the Global Plastic Recycling Machine market in the coming years. It offers a global synopsis along with the market share and progress forecasts by region. This report also highlights the dissection of the market in terms of product technology. The report presents the key vendor backdrop of this market and an equivalent thorough analysis of the significant market players.
Photo – http://photos.prnewswire.com/prnh/20160810/397071
Complete report of 160 pages is available at http://www.asklinkerreports.com/4196-plastic-recycling-machine-market .
The Global Plastic Recycling Machine Industry 2016 Market Research Report prudently studies and outlines the changing aspects and opportunity of the market and serves in determining the principal factors impelling the development of the market for Plastic Recycling Machine. This report is a calculable and qualitative demonstration including both the driving as well as constraining factors within the market for Plastic Recycling Machine. The main segments besides the sub-segments within the market have also been emphasized in the report, with citing the foremost segments and their predictable market position towards the end of the forecast period.
The report is a carefully sketches the Plastic Recycling Machine industry plan and policy along with manufacturing process, product specification, cost structure and so on. Not only this the report profoundly evaluates the world’s main region market conditions comprising of the product, price, production, profit, capacity utilization, supply, demand and industry growth rate and much more.
In addition, the report confers the main drivers that are inducing the growth of the market and also sketches the challenges faced by the vendors and the market as a whole. The report also highlights the key trends that are emergent in the market – the key region including North American, Europe and Asia ; and the leading countries like US, Germany , Japan , and China .
Purchase a Copy of Report at http://www.asklinkerreports.com/contacts/purchase/4196 .
The Global Plastic Recycling Machine Industry 2016 Market Research Report comes in six segments, the first segment introduces the product basic information; the second segment analyses the Asia Plastic Recycling Machine industry; the third slot chiefly dissects the North American Plastic Recycling Machine industry; the fourth segment scrutinizes the Europe Plastic Recycling Machine industry; the fifth segment analyzes the market entry and investment feasibility; and the sixth segment comprises the summary of the Plastic Recycling Machine Industry.
Table of Contents for 2016 Market Research Report on Plastic Recycling Machine Industry
Part I Plastic Recycling Machine Industry Overview
Chapter One Plastic Recycling Machine Industry Overview
Part II Asia Plastic Recycling Machine Industry
Chapter Two Asia Plastic Recycling Machine Product History of Development
Chapter Three Asia Plastic Recycling Machine Key Manufacturers Analysis
Chapter Four 2011-2016 Asia Plastic Recycling Machine Productions Supply Sales Demand Market Status and Forecast Analysis
Chapter Five Plastic Recycling Machine Industry Development Trend
Part III North American Plastic Recycling Machine Industry
Chapter Six North American Plastic Recycling Machine Product History of Development
Chapter Seven North American Plastic Recycling Machine Key Manufacturers Analysis
Chapter Eight 2011-2016 North American Plastic Recycling Machine Productions Supply Sales Demand Market Status and Forecast Analysis
Chapter Nine Plastic Recycling Machine Industry Development Trend
Part IV Europe Plastic Recycling Machine Industry Analysis
Chapter Ten Europe Plastic Recycling Machine Product History of Development
Chapter Eleven Europe Plastic Recycling Machine Key Manufacturers Analysis
Chapter Twelve 2011-2016 Europe Plastic Recycling Machine Productions Supply Sales Demand Market Status and Forecast Analysis
Chapter Thirteen Plastic Recycling Machine Industry Development Trend
Part V Plastic Recycling Machine Marketing Channels and Investment Feasibility
Chapter Fourteen Plastic Recycling Machine Marketing Channels Analysis
Chapter Fifteen Plastic Recycling Machine Development Environmental Analysis
Chapter Sixteen Plastic Recycling Machine SWOT Analysis and New Project Investment Feasibility Analysis
Part VI Global Plastic Recycling Machine Industry Conclusions
Chapter Seventeen 2011-2016 Global Plastic Recycling Machine Productions Supply Sales Demand Market Status and Forecast Analysis
Chapter Eighteen Plastic Recycling Machine Industry Development Trend
Chapter Nineteen Global Plastic Recycling Machine Industry Research Summary
Explore other reports on machinery market at http://www.asklinkerreports.com/category/machinery-market-research .
About Us
AskLinker Reports is an aggregator of market research and industry intelligence reports providing data analysis of sectors including chemical, medical, machinery, food, energy, automotive, environmental protection, transportation, electric power, light industry, petroleum, electronics and other categories.
Media Contact: Ritesh Tiwari , AskLinkerReports.com, + 1 888 391 5441, Sales@asklinkerreports.com
News distributed by PR Newswire iReach: https://ireach.prnewswire.com
SOURCE AskLinkerReports.com
 Manufacturing and Production , Surveys .
</post>
<signature>

</signature>
<external_links>
<external_link>http://www.asklinkerreports.com/category/machinery-market-research</external_link><external_link>http://www.asklinkerreports.com/4196-plastic-recycling-machine-market</external_link><external_link>https://photos.prnewswire.com/prnthumb/20160810/397071</external_link><external_link>http://cdn.nmcdn.us/js/connectV2.js</external_link><external_link>http://www.asklinkerreports.com/contacts/purchase/4196</external_link><external_link>http://photos.prnewswire.com/prnh/20160810/397071</external_link><external_link>http://rt.prnewswire.com/rt.gif?NewsItemId=MN66137&amp;Transmission_Id=201608101531PR_NEWS_USPR_____MN66137&amp;DateId=20160810</external_link><external_link>https://ireach.prnewswire.com/</external_link>
</external_links>
<country>US</country>
<main_image>https://photos.prnewswire.com/prnthumb/20160810/397071</main_image>
</document>
