<?xml version="1.0" encoding="UTF-8"?>
<document>
<type>mainstream</type>
<forum>http://www.sermonaudio.com/rss_source.rss</forum>
<forum_title>SermonAudio.com</forum_title>
<discussion_title>Lessons from the kings of Israel 15</discussion_title>
<language>english</language>
<gmt_offset></gmt_offset>
<topic_url>http://www.sermonaudio.com/sermoninfo.asp?m=t&amp;s=821161640405</topic_url>
<topic_text>
Wealdstone Evangelical Church Play! | MP3 | RSS Text-Featuring a sermon is a less expensive way to bring this sermon to the attention of thousands on the right bar with optional newsletter inclusion. As low as $30/day. Pastor Caitano V de Souza
</topic_text>
<spam_score>0.00</spam_score>
<post_num>1</post_num>
<post_id>post-1</post_id>
<post_url>http://www.sermonaudio.com/sermoninfo.asp?m=t&amp;s=821161640405</post_url>
<post_date>20160821</post_date>
<post_time>2147</post_time>
<username>Pastor Caitano V de Souza</username>
<post>
Wealdstone Evangelical Church Play! | MP3 | RSS Text-Featuring a sermon is a less expensive way to bring this sermon to the attention of thousands on the right bar with optional newsletter inclusion. As low as $30/day. Pastor Caitano V de Souza
</post>
<signature>

</signature>
<external_links>

</external_links>
<country>US</country>
<main_image>http://vps.sermonaudio.com/resize_image/speakers/podcast/300/300/SouzaCaitanoVde.jpg</main_image>
</document>
