<?xml version="1.0" encoding="UTF-8"?>
<document>
<type>mainstream</type>
<forum>http://www.dogsnow.com/westhighlandterrier.xm8</forum>
<forum_title>West Highland Terrier Puppies for Sale</forum_title>
<discussion_title>Adopt FRED-NEEDS WESTIE EXPERIENCE a White Westie, West Highland White Terrier</discussion_title>
<language>english</language>
<gmt_offset></gmt_offset>
<topic_url>http://www.dogsnow.com/dog-ad-o4319761638</topic_url>
<topic_text>
Adopt Fred*-Needs Westie Experience* a White Westie, West Highland White Terrier Adopt Fred Needs Westie Experience a White Westie, West Highland White Terrier Adopt Fred Needs Westie Experience a White Westie, West Highland White Terrier dog http://www.dogsnow.com/dog-ad-o4319761638 Dog in Frisco, TX   
Fred was rescued by WRNT about 2yrs ago. He is a very special little nine year old boy that through no fault of his own has had a difficult past life. He loves to snuggle and be near his humans, but we are needing someone with Westie experience AND... NO OTHER DOGGIES ,KITTIES, OR SMALL KIDS IN THE HOUSE.Fred had been adopted by a lovable Mom, but due to her medical issues we are needing to find him a furever home with the right family. or individual. ... ( read more ) Fred needs an alpha Westie owner that will have patience and understanding as he can spook easily. when sleeping . Someone willing to help him by using a trainer maybe to teach him everything will be ok. Are you that special someone??? If you have previous Westie experience and no other animals or small kids and willing to provide space and understanding with Fred, please put your application in at www.wrnt.org. THIS LITTLE BOY DESERVES LOVE, PATIENCE ,UNDERSTANDING AND TRAINING.  
</topic_text>
<spam_score>0.00</spam_score>
<post_num>1</post_num>
<post_id>post-1</post_id>
<post_url>http://www.dogsnow.com/dog-ad-o4319761638</post_url>
<post_date>20160821</post_date>
<post_time>0112</post_time>
<username></username>
<post>
Adopt Fred*-Needs Westie Experience* a White Westie, West Highland White Terrier Adopt Fred Needs Westie Experience a White Westie, West Highland White Terrier Adopt Fred Needs Westie Experience a White Westie, West Highland White Terrier dog http://www.dogsnow.com/dog-ad-o4319761638 Dog in Frisco, TX   
Fred was rescued by WRNT about 2yrs ago. He is a very special little nine year old boy that through no fault of his own has had a difficult past life. He loves to snuggle and be near his humans, but we are needing someone with Westie experience AND... NO OTHER DOGGIES ,KITTIES, OR SMALL KIDS IN THE HOUSE.Fred had been adopted by a lovable Mom, but due to her medical issues we are needing to find him a furever home with the right family. or individual. ... ( read more ) Fred needs an alpha Westie owner that will have patience and understanding as he can spook easily. when sleeping . Someone willing to help him by using a trainer maybe to teach him everything will be ok. Are you that special someone??? If you have previous Westie experience and no other animals or small kids and willing to provide space and understanding with Fred, please put your application in at www.wrnt.org. THIS LITTLE BOY DESERVES LOVE, PATIENCE ,UNDERSTANDING AND TRAINING.  
</post>
<signature>

</signature>
<external_links>

</external_links>
<country>US</country>
<main_image>http://img.dogsnow.com/images/forSale.jpg</main_image>
</document>
