<?xml version="1.0" encoding="UTF-8"?>
<document>
<type>mainstream</type>
<forum>http://www.ogloszenia.moja-ostroleka.pl/rss.php</forum>
<forum_title>Ogłoszenia - Moja Ostrołęka - Informator Miejski</forum_title>
<discussion_title>Samochody osobowe - Sprzedam Volkswagena Golfa III...</discussion_title>
<language>polish</language>
<gmt_offset></gmt_offset>
<topic_url>http://www.ogloszenia.moja-ostroleka.pl/volkswagen-golf-iii,1525770.html</topic_url>
<topic_text>
Volkswagen Golf III Powiększ Sprzedam Volkswagena Golfa III, 1.4 benzyna + gaz, rok prod. 1992 ( brak wspomagania kierownicy ). Ważne opłaty. Cena 1700 do negocjacji. Więcej info. pod nr. tel. 600714549 Odnośnik do tego ogłoszenia:
</topic_text>
<spam_score>0.00</spam_score>
<post_num>1</post_num>
<post_id>post-1</post_id>
<post_url>http://www.ogloszenia.moja-ostroleka.pl/volkswagen-golf-iii,1525770.html</post_url>
<post_date>20160821</post_date>
<post_time>2048</post_time>
<username>Paweł</username>
<post>
Volkswagen Golf III Powiększ Sprzedam Volkswagena Golfa III, 1.4 benzyna + gaz, rok prod. 1992 ( brak wspomagania kierownicy ). Ważne opłaty. Cena 1700 do negocjacji. Więcej info. pod nr. tel. 600714549 Odnośnik do tego ogłoszenia:
</post>
<signature>

</signature>
<external_links>

</external_links>
<country>PL</country>
<main_image>http://www.ogloszenia.moja-ostroleka.pl/uploads/photos/2016/08/21/2016.08.21_22.48.32_1471812512_58m.jpg</main_image>
</document>
