<?xml version="1.0" encoding="UTF-8"?>
<document>
<type>mainstream</type>
<forum>http://www.dogsnow.com/westhighlandterrier.xm8</forum>
<forum_title>West Highland Terrier Puppies for Sale</forum_title>
<discussion_title>AKC Gypsy M</discussion_title>
<language>english</language>
<gmt_offset></gmt_offset>
<topic_url>http://www.dogsnow.com/dog-ad-o4319502360</topic_url>
<topic_text>
  
AMERICAN KENNEL CLUB Limited Certification, shots and wormed to age appropriate, dew claws removed, AMERICAN KENNEL CLUB Reunite Micro chipped with lifetime charges paid. 1yr written genetic good health guarantee. Mom and puppies are doing well. Will be well socialized with humans of all ages and other pets. Parents are on premises. We always welcome visitors to meet our cahuman family, but please call 1st. TDLR#322. More info: email XXXX@xxxx.xxx or call xxx-xxx-xxxx.  
</topic_text>
<spam_score>0.00</spam_score>
<post_num>1</post_num>
<post_id>post-1</post_id>
<post_url>http://www.dogsnow.com/dog-ad-o4319502360</post_url>
<post_date>20160821</post_date>
<post_time>0114</post_time>
<username></username>
<post>
  
AMERICAN KENNEL CLUB Limited Certification, shots and wormed to age appropriate, dew claws removed, AMERICAN KENNEL CLUB Reunite Micro chipped with lifetime charges paid. 1yr written genetic good health guarantee. Mom and puppies are doing well. Will be well socialized with humans of all ages and other pets. Parents are on premises. We always welcome visitors to meet our cahuman family, but please call 1st. TDLR#322. More info: email XXXX@xxxx.xxx or call xxx-xxx-xxxx.  
</post>
<signature>

</signature>
<external_links>

</external_links>
<country>US</country>
<main_image>http://img.dogsnow.com/images/forSale.jpg</main_image>
</document>
