<?xml version="1.0" encoding="UTF-8"?>
<document>
<type>mainstream</type>
<forum>http://www.libex.ru/tools/rss20.rss</forum>
<forum_title>LibeX: Новые поступления</forum_title>
<discussion_title>Зевгма: Русская поэзия от маньеризма до постмодернизма</discussion_title>
<language>russian</language>
<gmt_offset></gmt_offset>
<topic_url>http://www.libex.ru/detail/book823248.html</topic_url>
<topic_text>
На сайте с 21.08.2016 Аннотация 
Книга является пособием и хрестоматией для изучающих нетрадиционные формы русской поэзии XVII - XX вв. Часть текстов публикуется впервые.
</topic_text>
<spam_score>0.00</spam_score>
<post_num>1</post_num>
<post_id>post-1</post_id>
<post_url>http://www.libex.ru/detail/book823248.html</post_url>
<post_date>20160821</post_date>
<post_time>2022</post_time>
<username></username>
<post>
На сайте с 21.08.2016 Аннотация 
Книга является пособием и хрестоматией для изучающих нетрадиционные формы русской поэзии XVII - XX вв. Часть текстов публикуется впервые.
</post>
<signature>

</signature>
<external_links>

</external_links>
<country>RU</country>
<main_image></main_image>
</document>
