<?xml version="1.0" encoding="UTF-8"?>
<document>
<type>mainstream</type>
<forum></forum>
<forum_title></forum_title>
<discussion_title>入居率９０％超 テーマ設定し利便性向上 進和建設工業・西田芳明社長</discussion_title>
<language>japanese</language>
<gmt_offset></gmt_offset>
<topic_url>http://manshon.topicsjp.com/2016/08/22/post-2443/</topic_url>
<topic_text>
入居率９０％超 テーマ設定し利便性向上 進和建設工業・西田芳明社長 2016/8/22 
</topic_text>
<spam_score>0.00</spam_score>
<post_num>1</post_num>
<post_id>post-1</post_id>
<post_url>http://manshon.topicsjp.com/2016/08/22/post-2443/</post_url>
<post_date>20160611</post_date>
<post_time></post_time>
<username></username>
<post>
入居率９０％超 テーマ設定し利便性向上 進和建設工業・西田芳明社長 2016/8/22 
</post>
<signature>

</signature>
<external_links>

</external_links>
<country>JP</country>
<main_image>http://manshon.topicsjp.com/wp-content/uploads/2016/06/119eb815904508144e1692d226a9b54b_ma.jpg</main_image>
</document>
