<?xml version="1.0" encoding="UTF-8"?>
<document>
<type>mainstream</type>
<forum>http://feeds2.feedburner.com/DailyexaminercomauNational</forum>
<forum_title>dailyexaminer.com.au: National News</forum_title>
<discussion_title>Pokie king says he can teach gamblers to win big</discussion_title>
<language>english</language>
<gmt_offset></gmt_offset>
<topic_url>http://www.dailyexaminer.com.au/news/pokie-king-says-he-can-teach-gamblers-how/3076950/</topic_url>
<topic_text>
Pokie king says he can teach gamblers to win big Sherele Moody | 22nd Aug 2016 6:00 AM Sherele Moody READ MORE: How the one-armed bandits became cash gobblers 
ASK Google to search &quot;beat the pokies&quot; and it will deliver 139,000 results in about 0.38 seconds. That&apos;s not bad for a request about a pastime that well-respected gambling researchers will tell you is impossible to make a living from. The Google search reveals a plethora of people who seem super keen on sharing their &quot;winning&quot; tricks, tips and hacks with punters. Key among these &quot;experts&quot; are self-proclaimed Aussie &quot;pokie king&quot; Peter Liston - who reckons he turned &quot;$500 into millions&quot; and &quot;so can you&quot; - and Adam Morris - the &quot;Author of Pokie Secrets, Australia&apos;s #1 selling book on pokies&quot;. However, there is a catch. Tapping into these fonts of knowledge comes at a price. Mr Liston, who swapped his career as a school teacher for gambling teacher, charges $7900 for three days of &quot;tuition and demonstrations in the casinos or venues where you are most likely to make your income&quot;. The Melbourne father of three says he shows punters how to cash in on progressive jackpots - that is jackpots that are guaranteed to go off by the time they reach a pre-set amount.&quot;I knew the poker machines couldn&apos;t be beaten but I asked myself whether the progressive jackpots could ever rise to a point where the jackpot was worth more than the expected cost of getting it,&quot; Mr Liston says. Self-proclaimed Aussie “pokie king” Peter Liston (main) reckons he turned “$500 into millions” and “so can you”. Adam Morris (small inset) is the “Author of Pokie Secrets, Australia’s #1 selling book on pokies”. 
Mr Liston says he makes a 10% profit on his pokie spend and that he has taught about 12 people to do the same over the past few years. Mr Liston also charges $19.95 for his book, Playing Poker Machines as Business. Meanwhile, his colleague Adam Morris - who does not have any contact details on his website - sells his book of &quot;secrets&quot; for $37.&quot;I only have a few left - this isn&apos;t some cheap crappy e-book that can just be copied off and passed around,&quot; Mr Morris spruiks on his internet site.&quot;I only printed 500 of these books and I have less than 50 copies left.&quot; CQUniversity&apos;s Matthew Rockloff has spent much of his academic career researching gambling, particularly poker machines, and he draws one simple conclusion - it&apos;s impossible to make a living playing the pokies. Prof Rockloff said gamblers had periods where the reels went their way but in the long run they stood to lose all money wagered. He said punters had a better chance at profiting from card-based poker because that game was based on skill, rather than chance. READ MORE: Pokemon Go could feed gambling addictions 
&quot;Some poker machine players will say there are dumb ways and smart ways to play,&quot; he said.&quot;For example, people will say &apos;You should always bet just one line on the machine&apos; but in reality what they are doing is just playing less intensively.&quot;You may win more often on multiple lines, while on one line (of play) you will almost never win.&quot;However, when you do win playing one line, you get an enormous amount back.&quot;By playing the machines in different ways you can change the characteristics of how the machines deliver wins, but you can&apos;t change the rate by which they will pay out.&quot; Monash University School of Public Health and Preventive Medicine academic Dr Charles Livingstone said poker machines were designed to make people think they could win.&quot;They con people into thinking they have a much better of chance of winning than they actually do,&quot; Dr Livingstone said.&quot;For example they have many design features that make it appear that you are getting close to a win when in fact there&apos;s no chance.&quot; - ARM NEWSDESK 
For 24-hour support call The Gambling Helpline on 1800 858 858. economy
</topic_text>
<spam_score>0.00</spam_score>
<post_num>1</post_num>
<post_id>post-1</post_id>
<post_url>http://www.dailyexaminer.com.au/news/pokie-king-says-he-can-teach-gamblers-how/3076950/</post_url>
<post_date>20160821</post_date>
<post_time>1400</post_time>
<username></username>
<post>
Pokie king says he can teach gamblers to win big Sherele Moody | 22nd Aug 2016 6:00 AM Sherele Moody READ MORE: How the one-armed bandits became cash gobblers 
ASK Google to search &quot;beat the pokies&quot; and it will deliver 139,000 results in about 0.38 seconds. That&apos;s not bad for a request about a pastime that well-respected gambling researchers will tell you is impossible to make a living from. The Google search reveals a plethora of people who seem super keen on sharing their &quot;winning&quot; tricks, tips and hacks with punters. Key among these &quot;experts&quot; are self-proclaimed Aussie &quot;pokie king&quot; Peter Liston - who reckons he turned &quot;$500 into millions&quot; and &quot;so can you&quot; - and Adam Morris - the &quot;Author of Pokie Secrets, Australia&apos;s #1 selling book on pokies&quot;. However, there is a catch. Tapping into these fonts of knowledge comes at a price. Mr Liston, who swapped his career as a school teacher for gambling teacher, charges $7900 for three days of &quot;tuition and demonstrations in the casinos or venues where you are most likely to make your income&quot;. The Melbourne father of three says he shows punters how to cash in on progressive jackpots - that is jackpots that are guaranteed to go off by the time they reach a pre-set amount.&quot;I knew the poker machines couldn&apos;t be beaten but I asked myself whether the progressive jackpots could ever rise to a point where the jackpot was worth more than the expected cost of getting it,&quot; Mr Liston says. Self-proclaimed Aussie “pokie king” Peter Liston (main) reckons he turned “$500 into millions” and “so can you”. Adam Morris (small inset) is the “Author of Pokie Secrets, Australia’s #1 selling book on pokies”. 
Mr Liston says he makes a 10% profit on his pokie spend and that he has taught about 12 people to do the same over the past few years. Mr Liston also charges $19.95 for his book, Playing Poker Machines as Business. Meanwhile, his colleague Adam Morris - who does not have any contact details on his website - sells his book of &quot;secrets&quot; for $37.&quot;I only have a few left - this isn&apos;t some cheap crappy e-book that can just be copied off and passed around,&quot; Mr Morris spruiks on his internet site.&quot;I only printed 500 of these books and I have less than 50 copies left.&quot; CQUniversity&apos;s Matthew Rockloff has spent much of his academic career researching gambling, particularly poker machines, and he draws one simple conclusion - it&apos;s impossible to make a living playing the pokies. Prof Rockloff said gamblers had periods where the reels went their way but in the long run they stood to lose all money wagered. He said punters had a better chance at profiting from card-based poker because that game was based on skill, rather than chance. READ MORE: Pokemon Go could feed gambling addictions 
&quot;Some poker machine players will say there are dumb ways and smart ways to play,&quot; he said.&quot;For example, people will say &apos;You should always bet just one line on the machine&apos; but in reality what they are doing is just playing less intensively.&quot;You may win more often on multiple lines, while on one line (of play) you will almost never win.&quot;However, when you do win playing one line, you get an enormous amount back.&quot;By playing the machines in different ways you can change the characteristics of how the machines deliver wins, but you can&apos;t change the rate by which they will pay out.&quot; Monash University School of Public Health and Preventive Medicine academic Dr Charles Livingstone said poker machines were designed to make people think they could win.&quot;They con people into thinking they have a much better of chance of winning than they actually do,&quot; Dr Livingstone said.&quot;For example they have many design features that make it appear that you are getting close to a win when in fact there&apos;s no chance.&quot; - ARM NEWSDESK 
For 24-hour support call The Gambling Helpline on 1800 858 858. economy
</post>
<signature>

</signature>
<external_links>

</external_links>
<country>AU</country>
<main_image>https://media.apnarm.net.au/img/media/images/2016/08/15/pokie_kings_graphic-z8vr8fmc5uxtvlv0qm2_ct300x300.jpg</main_image>
</document>
