<?xml version="1.0" encoding="UTF-8"?>
<document>
<type>mainstream</type>
<forum></forum>
<forum_title></forum_title>
<discussion_title>自宅に居ながらにしてレーザー脱毛器を使うことでワキ脱毛するなんていうやり方も…。 | 人気の脱毛サロンランキング</discussion_title>
<language>japanese</language>
<gmt_offset></gmt_offset>
<topic_url>http://www.xajiaolianche.com/%e8%84%b1%e6%af%9b%e3%81%a7%e3%83%84%e3%83%ab%e3%82%b9%e3%83%99-%e7%be%8e%e8%82%8c%ef%bc%81/%e8%87%aa%e5%ae%85%e3%81%ab%e5%b1%85%e3%81%aa%e3%81%8c%e3%82%89%e3%81%ab%e3%81%97%e3%81%a6%e3%83%ac%e3%83%bc%e3%82%b6%e3%83%bc%e8%84%b1%e6%af%9b%e5%99%a8%e3%82%92%e4%bd%bf%e3%81%86%e3%81%93%e3%81%a8/</topic_url>
<topic_text>

脱毛器で意識しておきたいのは、カートリッジを始めとしたディスポーザブル商品など、器材を買った後に必要とされるお金がどれくらいかかるのかということなのです。終わってみると、トータルが想定以上になってしまうこともないとは言えません。生理になると、おりものが陰毛に付着することになって、痒みまたは蒸れなどを引き起こす可能性が高くなります。VIO脱毛によって、痒みなどが無くなったと言われる方も結構います。噂の脱毛器は、『フラッシュ型』と言い表されるものなのです。レーザー型とは違い、光を放射するゾーンが広いからこそ、より楽にムダ毛のメンテナンスに取り組むことが可能だと言えるわけです。昔を思えば、ワキ脱毛はずいぶん安くなったものです。その根底にあるのは、ワキ脱毛を脱毛の初心者専用の位置づけにし、何はともあれ安価で体験してもらおうと思っているからなのです。 
自宅に居ながらにしてレーザー脱毛器を使うことでワキ脱毛するなんていうやり方も、費用も安く流行っています。医療施設などで使われるものと変わらない形式のトリアは、お家用脱毛器では大流行しています。凡その女性の方々は、皮膚を露出する夏場になると、念入りにムダ毛の対処をしていますが、独りよがりな脱毛法は、表皮をダメにすることがあるということも考えられます。そういったことに陥らないためにも、脱毛エステで行なってもらう必要があります。あなたが実施しているムダ毛の自己処理の結果はどうですか？万が一にも表皮にトラブルがあるようなら、それにつきましては意味のない処理を敢行している証拠だと断言します。 
TBCが売り出している「両ワキ脱毛通い放題プラン」は、別途費用なしで永久に脱毛可能です。その他顔またはＶラインなどを、トータルして脱毛するプランもあるようですから、あなたにピッタリの脱毛に出会えるかも？全身脱毛するのに必要な時間は、エステサロン又は施術施設各々でそこそこ異なっていますが、1時間～2時間程度必要とされるというところが大概です。 
</topic_text>
<spam_score>0.00</spam_score>
<post_num>1</post_num>
<post_id>post-1</post_id>
<post_url>http://www.xajiaolianche.com/%e8%84%b1%e6%af%9b%e3%81%a7%e3%83%84%e3%83%ab%e3%82%b9%e3%83%99-%e7%be%8e%e8%82%8c%ef%bc%81/%e8%87%aa%e5%ae%85%e3%81%ab%e5%b1%85%e3%81%aa%e3%81%8c%e3%82%89%e3%81%ab%e3%81%97%e3%81%a6%e3%83%ac%e3%83%bc%e3%82%b6%e3%83%bc%e8%84%b1%e6%af%9b%e5%99%a8%e3%82%92%e4%bd%bf%e3%81%86%e3%81%93%e3%81%a8/</post_url>
<post_date>20160413</post_date>
<post_time></post_time>
<username></username>
<post>

脱毛器で意識しておきたいのは、カートリッジを始めとしたディスポーザブル商品など、器材を買った後に必要とされるお金がどれくらいかかるのかということなのです。終わってみると、トータルが想定以上になってしまうこともないとは言えません。生理になると、おりものが陰毛に付着することになって、痒みまたは蒸れなどを引き起こす可能性が高くなります。VIO脱毛によって、痒みなどが無くなったと言われる方も結構います。噂の脱毛器は、『フラッシュ型』と言い表されるものなのです。レーザー型とは違い、光を放射するゾーンが広いからこそ、より楽にムダ毛のメンテナンスに取り組むことが可能だと言えるわけです。昔を思えば、ワキ脱毛はずいぶん安くなったものです。その根底にあるのは、ワキ脱毛を脱毛の初心者専用の位置づけにし、何はともあれ安価で体験してもらおうと思っているからなのです。 
自宅に居ながらにしてレーザー脱毛器を使うことでワキ脱毛するなんていうやり方も、費用も安く流行っています。医療施設などで使われるものと変わらない形式のトリアは、お家用脱毛器では大流行しています。凡その女性の方々は、皮膚を露出する夏場になると、念入りにムダ毛の対処をしていますが、独りよがりな脱毛法は、表皮をダメにすることがあるということも考えられます。そういったことに陥らないためにも、脱毛エステで行なってもらう必要があります。あなたが実施しているムダ毛の自己処理の結果はどうですか？万が一にも表皮にトラブルがあるようなら、それにつきましては意味のない処理を敢行している証拠だと断言します。 
TBCが売り出している「両ワキ脱毛通い放題プラン」は、別途費用なしで永久に脱毛可能です。その他顔またはＶラインなどを、トータルして脱毛するプランもあるようですから、あなたにピッタリの脱毛に出会えるかも？全身脱毛するのに必要な時間は、エステサロン又は施術施設各々でそこそこ異なっていますが、1時間～2時間程度必要とされるというところが大概です。 
</post>
<signature>

</signature>
<external_links>

</external_links>
<country>JP</country>
<main_image>http://i1.wp.com/www.xajiaolianche.com/wp-content/uploads/2016/04/c597b4f74caef93ffb70438deaf75239_m.jpg?fit=1200%2C779</main_image>
</document>
