<?xml version="1.0" encoding="UTF-8"?>
<document>
<type>mainstream</type>
<forum>http://entretenimento.r7.com/mulher/feed.xml</forum>
<forum_title>R7 - Mulher</forum_title>
<discussion_title>Sopa cremosa de cebolinha verde</discussion_title>
<language>portuguese</language>
<gmt_offset></gmt_offset>
<topic_url>http://cliqueagosto.r7.com/receitas/sopa-cremosa-de-cebolinha-verde/</topic_url>
<topic_text>
Sopa cremosa de cebolinha verde Home Receitas Sopa cremosa de cebolinha verde 70 min. 1 unidade(s) cebola pequena picada 150 g cebolinha com apenas a parte branca picada 250 g de batatas (2 batatas médias) descascadas e picadas 600 ml caldo de frango (1 tablete) Sal e pimenta-do-reino branca 1 colher(es) de sopa suco de limão Para decorar, partes verdes das cebolinhas picadas, ou cebolinha alemã fresca Modo de preparo Derreta a manteiga em uma panela pequena e acrescente toda a cebola e cebolinha. Tampe e cozinhe em fogo bem brando durante 10 minutos. Adicione as batatas e o caldo. Ao levantar fervura, tampe e deixe em fogo baixo cerca de 30 minutos. Deixe esfriar um pouco. Passe a sopa no liquidificador ou processador de alimentos. Se for servida quente, ponha a sopa novamente na panela. Acrescente o creme de leite, sal e pimenta. Reaqueça em fogo brando, mexendo sempre. Misture o suco de limão. Caso seja servida fria, coloque a sopa numa tigela. Misture o creme de leite, o suco de limão e tempere com sal e pimenta. Tampe a tigela e deixe esfriar durante pelo menos 1 hora. Salpique com cebolinha verde ou cebolinha alemã antes de servir. Cadastre-se ou entre para salvar esta página. Tags:
</topic_text>
<spam_score>0.00</spam_score>
<post_num>1</post_num>
<post_id>post-1</post_id>
<post_url>http://cliqueagosto.r7.com/receitas/sopa-cremosa-de-cebolinha-verde/</post_url>
<post_date>20160821</post_date>
<post_time>2025</post_time>
<username></username>
<post>
Sopa cremosa de cebolinha verde Home Receitas Sopa cremosa de cebolinha verde 70 min. 1 unidade(s) cebola pequena picada 150 g cebolinha com apenas a parte branca picada 250 g de batatas (2 batatas médias) descascadas e picadas 600 ml caldo de frango (1 tablete) Sal e pimenta-do-reino branca 1 colher(es) de sopa suco de limão Para decorar, partes verdes das cebolinhas picadas, ou cebolinha alemã fresca Modo de preparo Derreta a manteiga em uma panela pequena e acrescente toda a cebola e cebolinha. Tampe e cozinhe em fogo bem brando durante 10 minutos. Adicione as batatas e o caldo. Ao levantar fervura, tampe e deixe em fogo baixo cerca de 30 minutos. Deixe esfriar um pouco. Passe a sopa no liquidificador ou processador de alimentos. Se for servida quente, ponha a sopa novamente na panela. Acrescente o creme de leite, sal e pimenta. Reaqueça em fogo brando, mexendo sempre. Misture o suco de limão. Caso seja servida fria, coloque a sopa numa tigela. Misture o creme de leite, o suco de limão e tempere com sal e pimenta. Tampe a tigela e deixe esfriar durante pelo menos 1 hora. Salpique com cebolinha verde ou cebolinha alemã antes de servir. Cadastre-se ou entre para salvar esta página. Tags:
</post>
<signature>

</signature>
<external_links>

</external_links>
<country>US</country>
<main_image>http://cliqueagosto.r7.com/files/5313/7167/6814/sopa_cebolinhaverde.jpg</main_image>
</document>
