<?xml version="1.0" encoding="UTF-8"?>
<document>
<type>mainstream</type>
<forum>http://www.ellsworthamerican.com/feed/</forum>
<forum_title>The Ellsworth American</forum_title>
<discussion_title>EHS grad to serve with Peace Corps in Mozambique</discussion_title>
<language>english</language>
<gmt_offset></gmt_offset>
<topic_url>http://www.ellsworthamerican.com/featured/ehs-grad-serve-peace-corps-mozambique</topic_url>
<topic_text>
Cause of State Street suds remains a mystery 
“I was washing my face this morning,” said the 23-year-old, who graduated from the University of Maine at Farmington this spring, “and I left the sink running and I was like, ‘Wow I’m not going to have this.’” 
Instead, Schrader will boil her water, use a filtration system provided by the Peace Corps or even use a wand-like SteriPen to kill bacteria in a pinch. But in return for going without easy access to clean water, Schrader hopes to dive into a culture most of her neighbors have never experienced. 
“I think it’s like that cliché quote: the only thing you can buy that makes you richer is travel,” said Schrader, who has studied abroad in Argentina and has done mission trips in the Dominican Republic with the Ellsworth Congregational Church since she was 16. “I think just getting out and immersing yourself in another culture is definitely the best way to learn more about yourself and about the world.” 
Besides being one of the poorest countries in the world, Mozambique’s culture also is more conservative than that of the United States, at least in the way women are allowed to dress. 
“My shoulders and knees are supposed to be covered in public,” Schrader said. “Finding clothes that cover my knees has been a huge adjustment for me.” 
Schrader is used to adjustments, though. The history major learned to pour cement while she helped build a hospital in the Dominican Republic, and she learned to speak Spanish fluently during her time in Argentina. Her aunt and uncle have done mission work as far away as Madagascar, so long journeys to poorer places run in the family. 
“I grew up hearing their stories,” Schrader said. “It was just something that was ingrained in me I think.” 
Schrader chose Mozambique because she wanted to travel outside of North, Central and South America, where she had been before. Her Spanish fluency gave her an edge in the Peace Corps’ Mozambique program, where that trait is a requirement if volunteers are to pick up the slightly similar Portuguese language. 
“I know it’s cliché to be like ‘I want to do my Peace Corps placement somewhere in Africa,’” she said. “But when I saw the Spanish requirement for Mozambique I was like, done, I’m applying.” 
Once Schrader arrives, she will spend three months living with a host family in the small town of Namaacha, right on the country’s southern border with Swaziland. There she will spend all day taking intensive Portuguese classes and spend all night learning how to live without clean running water. Then, in December, she will be assigned a placement where she will teach high-school level English. Schrader also hopes to help women and girls get the same access to education that men and boys have, as part of Michelle Obama’s Let Girls Learn initiative. Doing all that will take some serious involvement in the community, which, according to Schrader, is the ultimate objective of the Peace Corps. 
“The main goal of the Peace Corps is making sure that everyone knows you are a part of the community, not just an extra part,” said Schrader, who will have a Mozambican member of the Peace Corps to help introduce her to people. “I want to make sure the whole community knows me, not just my students.” 
For now, Schrader has no idea where she will spend the bulk of her time in Mozambique. That’s because it’s not up to her. 
“The people from the sites choose us,” Schrader said about her 30 fellow Peace Corps volunteers, whose skills range from encouraging HIV prevention to teaching high school chemistry. At the end of the three-month training period, the volunteers will take part in site interviews, where Mozambicans will seek out the newcomers with the skills they require. “I think that’s important because then they feel that they have chosen the best person.” 
However, some areas are off limits even to the Peace Corps. Mozambique is the scene of a civil war flaring up again between the government and rebel factions in the northern part of the country, which is off limits to Peace Corps volunteers. Dozens of bodies were found in a mass grave in central Mozambique earlier this spring, and a recent Foreign Policy article featured several refugees claiming that government troops had burned down their villages. But Schrader isn’t too worried about her safety. 
“I am a government employee,” said Schrader, since the Peace Corps is run by the United States government. “If the situation is too dangerous, the Peace Corps will take us out. Just like here, you have to be careful where you go.” 
Schrader will fly to Philadelphia on Aug. 28 to meet with her fellow volunteers for some basic training before she heads to Mozambique on Sept. 1. Until then, she has plenty of packing to do and questions to ask current volunteers via Facebook and Snapchat. And, of course, spending time with the people who love her most. 
“I will have times where I will be like ‘why did I sign up for this?’” said Schrader, whose parents, particularly her mother, support her decision to join the Peace Corps. “She’s like, ‘You’re fine, you’re going to do it, you’ll be great.’ Having a support system I think is definitely needed.” Latest Posts David Roza David grew up in Washington County, Maryland, has reported in Washington County, Oregon, and now covers news in Hancock County and Washington County, Maine for The American and Out &amp; About . Latest posts by David Roza ( see all )
</topic_text>
<spam_score>0.00</spam_score>
<post_num>1</post_num>
<post_id>post-1</post_id>
<post_url>http://www.ellsworthamerican.com/featured/ehs-grad-serve-peace-corps-mozambique</post_url>
<post_date>20160821</post_date>
<post_time>1056</post_time>
<username>David Roza</username>
<post>
Cause of State Street suds remains a mystery 
“I was washing my face this morning,” said the 23-year-old, who graduated from the University of Maine at Farmington this spring, “and I left the sink running and I was like, ‘Wow I’m not going to have this.’” 
Instead, Schrader will boil her water, use a filtration system provided by the Peace Corps or even use a wand-like SteriPen to kill bacteria in a pinch. But in return for going without easy access to clean water, Schrader hopes to dive into a culture most of her neighbors have never experienced. 
“I think it’s like that cliché quote: the only thing you can buy that makes you richer is travel,” said Schrader, who has studied abroad in Argentina and has done mission trips in the Dominican Republic with the Ellsworth Congregational Church since she was 16. “I think just getting out and immersing yourself in another culture is definitely the best way to learn more about yourself and about the world.” 
Besides being one of the poorest countries in the world, Mozambique’s culture also is more conservative than that of the United States, at least in the way women are allowed to dress. 
“My shoulders and knees are supposed to be covered in public,” Schrader said. “Finding clothes that cover my knees has been a huge adjustment for me.” 
Schrader is used to adjustments, though. The history major learned to pour cement while she helped build a hospital in the Dominican Republic, and she learned to speak Spanish fluently during her time in Argentina. Her aunt and uncle have done mission work as far away as Madagascar, so long journeys to poorer places run in the family. 
“I grew up hearing their stories,” Schrader said. “It was just something that was ingrained in me I think.” 
Schrader chose Mozambique because she wanted to travel outside of North, Central and South America, where she had been before. Her Spanish fluency gave her an edge in the Peace Corps’ Mozambique program, where that trait is a requirement if volunteers are to pick up the slightly similar Portuguese language. 
“I know it’s cliché to be like ‘I want to do my Peace Corps placement somewhere in Africa,’” she said. “But when I saw the Spanish requirement for Mozambique I was like, done, I’m applying.” 
Once Schrader arrives, she will spend three months living with a host family in the small town of Namaacha, right on the country’s southern border with Swaziland. There she will spend all day taking intensive Portuguese classes and spend all night learning how to live without clean running water. Then, in December, she will be assigned a placement where she will teach high-school level English. Schrader also hopes to help women and girls get the same access to education that men and boys have, as part of Michelle Obama’s Let Girls Learn initiative. Doing all that will take some serious involvement in the community, which, according to Schrader, is the ultimate objective of the Peace Corps. 
“The main goal of the Peace Corps is making sure that everyone knows you are a part of the community, not just an extra part,” said Schrader, who will have a Mozambican member of the Peace Corps to help introduce her to people. “I want to make sure the whole community knows me, not just my students.” 
For now, Schrader has no idea where she will spend the bulk of her time in Mozambique. That’s because it’s not up to her. 
“The people from the sites choose us,” Schrader said about her 30 fellow Peace Corps volunteers, whose skills range from encouraging HIV prevention to teaching high school chemistry. At the end of the three-month training period, the volunteers will take part in site interviews, where Mozambicans will seek out the newcomers with the skills they require. “I think that’s important because then they feel that they have chosen the best person.” 
However, some areas are off limits even to the Peace Corps. Mozambique is the scene of a civil war flaring up again between the government and rebel factions in the northern part of the country, which is off limits to Peace Corps volunteers. Dozens of bodies were found in a mass grave in central Mozambique earlier this spring, and a recent Foreign Policy article featured several refugees claiming that government troops had burned down their villages. But Schrader isn’t too worried about her safety. 
“I am a government employee,” said Schrader, since the Peace Corps is run by the United States government. “If the situation is too dangerous, the Peace Corps will take us out. Just like here, you have to be careful where you go.” 
Schrader will fly to Philadelphia on Aug. 28 to meet with her fellow volunteers for some basic training before she heads to Mozambique on Sept. 1. Until then, she has plenty of packing to do and questions to ask current volunteers via Facebook and Snapchat. And, of course, spending time with the people who love her most. 
“I will have times where I will be like ‘why did I sign up for this?’” said Schrader, whose parents, particularly her mother, support her decision to join the Peace Corps. “She’s like, ‘You’re fine, you’re going to do it, you’ll be great.’ Having a support system I think is definitely needed.” Latest Posts David Roza David grew up in Washington County, Maryland, has reported in Washington County, Oregon, and now covers news in Hancock County and Washington County, Maine for The American and Out &amp; About . Latest posts by David Roza ( see all )
</post>
<signature>

</signature>
<external_links>

</external_links>
<country>US</country>
<main_image>http://www.ellsworthamerican.com/wp-content/uploads/sites/4/2016/08/Peace-Corps-Volunteer-dr-1200x630.jpg</main_image>
</document>
