<?xml version="1.0" encoding="UTF-8"?>
<document>
<type>mainstream</type>
<forum>http://www.yeniasya.com.tr/rss/son-dakika</forum>
<forum_title>Yeni Asya - Haberler</forum_title>
<discussion_title>Fenerbahçe&apos;de yine hüsran</discussion_title>
<language>turkish</language>
<gmt_offset></gmt_offset>
<topic_url>http://www.yeniasya.com.tr/spor/fenerbahce-de-yine-husran_407659</topic_url>
<topic_text>
  23:43 Süper Lig&apos;in ilk haftasında deplasmanda Başakşehir ile karşılaşan Fenerbahçe&apos;nin 1-0 mağlup oldu. 
Fenerbahçe, ligin ilk haftasında Medipol Başakşehir&apos;e konuk olduğu maçtan 1-0 mağlup ayrılarak lige puansız başladı. 
Fenerbahçe, Süper Lig&apos;in 1. haftasında Medipol Başakşehir ile karşı karşıya geldi. 
Karşılaşmanın henüz 3.dakikasında Mossoro ile 1-0 öne geçen Başakşehir, maçta başka gol olmayınca 3 puanın sahibi oldu. 
Karşılaşmanın 54.dakikasında Başakşehir&apos;de Emre Belözoğlu, 78.dakikasında Fenerbahçe&apos;de Mehmet Topal, kırmızı kart görerek takımlarını yalnız bıraktı.
</topic_text>
<spam_score>0.00</spam_score>
<post_num>1</post_num>
<post_id>post-1</post_id>
<post_url>http://www.yeniasya.com.tr/spor/fenerbahce-de-yine-husran_407659</post_url>
<post_date>20160821</post_date>
<post_time>2043</post_time>
<username></username>
<post>
  23:43 Süper Lig&apos;in ilk haftasında deplasmanda Başakşehir ile karşılaşan Fenerbahçe&apos;nin 1-0 mağlup oldu. 
Fenerbahçe, ligin ilk haftasında Medipol Başakşehir&apos;e konuk olduğu maçtan 1-0 mağlup ayrılarak lige puansız başladı. 
Fenerbahçe, Süper Lig&apos;in 1. haftasında Medipol Başakşehir ile karşı karşıya geldi. 
Karşılaşmanın henüz 3.dakikasında Mossoro ile 1-0 öne geçen Başakşehir, maçta başka gol olmayınca 3 puanın sahibi oldu. 
Karşılaşmanın 54.dakikasında Başakşehir&apos;de Emre Belözoğlu, 78.dakikasında Fenerbahçe&apos;de Mehmet Topal, kırmızı kart görerek takımlarını yalnız bıraktı.
</post>
<signature>

</signature>
<external_links>

</external_links>
<country>TR</country>
<main_image>http://www.yeniasya.com.tr/Sites/YeniAsya/Upload/images/Content/2016/08/21/fbasak1.jpg</main_image>
</document>
