<?xml version="1.0" encoding="UTF-8"?>
<document>
<type>mainstream</type>
<forum>http://www.ellsworthamerican.com/feed/</forum>
<forum_title>The Ellsworth American</forum_title>
<discussion_title>Retreat for the grieving Sept. 10</discussion_title>
<language>english</language>
<gmt_offset></gmt_offset>
<topic_url>http://www.ellsworthamerican.com/maine-news/health-news/retreat-grieving-sept-10</topic_url>
<topic_text>
August 21, 2016 on Health , News 
ELLSWORTH — Hospice Volunteers of Hancock County is offering a retreat for those who are grieving on Saturday, Sept. 10, from 8:30 a.m. to 1:30 p.m. at the organization’s Ellsworth office. 
The retreat will offer support, information, inspiration, food and connection, all in the theme of “On the Wings of Hope.” 
The retreat is free of charge, but pre-registration is required by Sept. 5. 
For more information, or to obtain a registration form, visit hospiceofhancock.org , or call 667-2531. Related Posts
</topic_text>
<spam_score>0.00</spam_score>
<post_num>1</post_num>
<post_id>post-1</post_id>
<post_url>http://www.ellsworthamerican.com/maine-news/health-news/retreat-grieving-sept-10</post_url>
<post_date>20160821</post_date>
<post_time>1503</post_time>
<username>Staff</username>
<post>
August 21, 2016 on Health , News 
ELLSWORTH — Hospice Volunteers of Hancock County is offering a retreat for those who are grieving on Saturday, Sept. 10, from 8:30 a.m. to 1:30 p.m. at the organization’s Ellsworth office. 
The retreat will offer support, information, inspiration, food and connection, all in the theme of “On the Wings of Hope.” 
The retreat is free of charge, but pre-registration is required by Sept. 5. 
For more information, or to obtain a registration form, visit hospiceofhancock.org , or call 667-2531. Related Posts
</post>
<signature>

</signature>
<external_links>

</external_links>
<country>US</country>
<main_image>https://www.ellsworthamerican.com/wp-content/uploads/sites/4/2016/03/ea-logo-facebook-1.jpg</main_image>
</document>
