<?xml version="1.0" encoding="UTF-8"?>
<document>
<type>mainstream</type>
<forum></forum>
<forum_title></forum_title>
<discussion_title>RPubs - Publish Document</discussion_title>
<language>english</language>
<gmt_offset></gmt_offset>
<topic_url>http://rpubs.com/nkaufmann/203359</topic_url>
<topic_text>

</topic_text>
<spam_score>0.00</spam_score>
<post_num>1</post_num>
<post_id>post-1</post_id>
<post_url>http://rpubs.com/nkaufmann/203359</post_url>
<post_date>20160821</post_date>
<post_time></post_time>
<username></username>
<post>

</post>
<signature>

</signature>
<external_links>

</external_links>
<country>US</country>
<main_image></main_image>
</document>
