<?xml version="1.0" encoding="UTF-8"?>
<document>
<type>mainstream</type>
<forum>http://www.boerse.sx/external.php?type=RSS2</forum>
<forum_title>Boerse.SX Boerse.BZ Alternative</forum_title>
<discussion_title>[Komödie] Ein Affe im Winter 1962 German 720p BluRay x264 - iND</discussion_title>
<language>english</language>
<gmt_offset></gmt_offset>
<topic_url>http://www.boerse.sx/boerse/videoboerse/hd-area/1178172-ein-affe-im-winter-1962-german-720p-bluray-x264-ind.html</topic_url>
<topic_text>
Bitrate: 6357 | Format: mkv | Video Codec: MPEG-4 H.264 / AVC | Auflösung: 1280 x 548 | Framerate: 24 Audio: (DVD Dubbed) | Format: AC3 2.0 | Bitrate: 192 Sprache 2: | Format: AC3 2.0 | Bitrate: 192 Untertitel: ja (German Forced) Größe: 5110 MB | Parts: 6 MediaInfo: Code: Format : Matroska Format-Version : Version 4 / Version 2 Dateigröße : 4,87 GiB Dauer : 1 h 43 min Gesamte Bitrate : 6 743 kb/s Kodierungs-Datum : UTC 2016-08-21 15:29:07 Kodierendes Programm : mkvmerge v9.3.1 (&apos;Mask Machine&apos;) 64bit verwendete Encoder-Bibliothek : libebml v1.3.4 + libmatroska v1.4.5 Video ID : 1 Format : AVC Format/Info : Advanced Video Codec Format-Profil : [email protected] Format-Einstellungen für CABAC : Ja Format-Einstellungen für ReFrames : 4 frames Codec-ID : V_MPEG4/ISO/AVC Dauer : 1 h 43 min Bitrate : 6 357 kb/s Breite : 1 280 Pixel Höhe : 548 Pixel Bildseitenverhältnis : 2,35:1 Modus der Bildwiederholungsrate : konstant Bildwiederholungsrate : 24,000 FPS ColorSpace : YUV ChromaSubsampling/String : 4:2:0 BitDepth/String : 8 bits Scantyp : progressiv Bits/(Pixel*Frame) : 0.378 Stream-Größe : 4,59 GiB (94%) verwendete Encoder-Bibliothek : x264 core 142 r2479 dd79a61 Kodierungseinstellungen : cabac=1 / ref=1 / deblock=1:0:0 / analyse=0x1:0x111 / me=hex / subme=2 / psy=1 / psy_rd=1.00:0.00 / mixed_ref=0 / me_range=16 / chroma_me=1 / trellis=0 / 8x8dct=0 / cqm=0 / deadzone=21,11 / fast_pskip=1 / chroma_qp_offset=0 / threads=12 / lookahead_threads=4 / sliced_threads=0 / nr=0 / decimate=1 / interlaced=0 / bluray_compat=0 / constrained_intra=0 / bframes=3 / b_pyramid=2 / b_adapt=1 / b_bias=0 / direct=1 / weightb=1 / open_gop=0 / weightp=1 / keyint=240 / keyint_min=24 / scenecut=40 / intra_refresh=0 / rc_lookahead=10 / rc=2pass / mbtree=1 / bitrate=6357 / ratetol=1.0 / qcomp=0.60 / qpmin=0 / qpmax=69 / qpstep=4 / cplxblur=20.0 / qblur=0.5 / vbv_maxrate=50000 / vbv_bufsize=62500 / nal_hrd=none / filler=0 / ip_ratio=1.40 / aq=1:1.00 Sprache : Deutsch Default : Ja Forced : Nein colour_range : Limited colour_primaries : BT.709 transfer_characteristics : BT.709 matrix_coefficients : BT.709 Audio #1 ID : 2 Format : AC-3 Format/Info : Audio Coding 3 Format_Settings_ModeExtension : CM (complete main) Format-Einstellungen für Endianess : Big Codec-ID : A_AC3 Dauer : 1 h 43 min Bitraten-Modus : konstant Bitrate : 192 kb/s Kanäle : 2 Kanäle Kanal-Positionen : Front: L R Samplingrate : 48,0 kHz Bildwiederholungsrate : 31,250 FPS (1536 spf) Video Verzögerung : -83 ms Stream-Größe : 142 MiB (3%) Sprache : Deutsch Default : Ja Forced : Nein Audio #2 ID : 3 Format : AC-3 Format/Info : Audio Coding 3 Format_Settings_ModeExtension : CM (complete main) Format-Einstellungen für Endianess : Big Codec-ID : A_AC3 Dauer : 1 h 43 min Bitraten-Modus : konstant Bitrate : 192 kb/s Kanäle : 2 Kanäle Kanal-Positionen : Front: L R Samplingrate : 48,0 kHz Bildwiederholungsrate : 31,250 FPS (1536 spf) Video Verzögerung : -83 ms Stream-Größe : 142 MiB (3%) Sprache : Französisch Default : Nein Forced : Nein Text ID : 4 Format : UTF-8 Codec-ID : S_TEXT/UTF8 Codec-ID/Info : UTF-8 Plain Text Dauer : 38 min Bitrate : 2 b/s Count of elements : 18 Stream-Größe : 698 Bytes (0%) Titel : German Forced Sprache : Deutsch Default : Ja Forced : Nein
</topic_text>
<spam_score>0.00</spam_score>
<post_num>1</post_num>
<post_id>post-1</post_id>
<post_url>http://www.boerse.sx/boerse/videoboerse/hd-area/1178172-ein-affe-im-winter-1962-german-720p-bluray-x264-ind.html</post_url>
<post_date>20160821</post_date>
<post_time>1730</post_time>
<username>Jakopo</username>
<post>
Bitrate: 6357 | Format: mkv | Video Codec: MPEG-4 H.264 / AVC | Auflösung: 1280 x 548 | Framerate: 24 Audio: (DVD Dubbed) | Format: AC3 2.0 | Bitrate: 192 Sprache 2: | Format: AC3 2.0 | Bitrate: 192 Untertitel: ja (German Forced) Größe: 5110 MB | Parts: 6 MediaInfo: Code: Format : Matroska Format-Version : Version 4 / Version 2 Dateigröße : 4,87 GiB Dauer : 1 h 43 min Gesamte Bitrate : 6 743 kb/s Kodierungs-Datum : UTC 2016-08-21 15:29:07 Kodierendes Programm : mkvmerge v9.3.1 (&apos;Mask Machine&apos;) 64bit verwendete Encoder-Bibliothek : libebml v1.3.4 + libmatroska v1.4.5 Video ID : 1 Format : AVC Format/Info : Advanced Video Codec Format-Profil : [email protected] Format-Einstellungen für CABAC : Ja Format-Einstellungen für ReFrames : 4 frames Codec-ID : V_MPEG4/ISO/AVC Dauer : 1 h 43 min Bitrate : 6 357 kb/s Breite : 1 280 Pixel Höhe : 548 Pixel Bildseitenverhältnis : 2,35:1 Modus der Bildwiederholungsrate : konstant Bildwiederholungsrate : 24,000 FPS ColorSpace : YUV ChromaSubsampling/String : 4:2:0 BitDepth/String : 8 bits Scantyp : progressiv Bits/(Pixel*Frame) : 0.378 Stream-Größe : 4,59 GiB (94%) verwendete Encoder-Bibliothek : x264 core 142 r2479 dd79a61 Kodierungseinstellungen : cabac=1 / ref=1 / deblock=1:0:0 / analyse=0x1:0x111 / me=hex / subme=2 / psy=1 / psy_rd=1.00:0.00 / mixed_ref=0 / me_range=16 / chroma_me=1 / trellis=0 / 8x8dct=0 / cqm=0 / deadzone=21,11 / fast_pskip=1 / chroma_qp_offset=0 / threads=12 / lookahead_threads=4 / sliced_threads=0 / nr=0 / decimate=1 / interlaced=0 / bluray_compat=0 / constrained_intra=0 / bframes=3 / b_pyramid=2 / b_adapt=1 / b_bias=0 / direct=1 / weightb=1 / open_gop=0 / weightp=1 / keyint=240 / keyint_min=24 / scenecut=40 / intra_refresh=0 / rc_lookahead=10 / rc=2pass / mbtree=1 / bitrate=6357 / ratetol=1.0 / qcomp=0.60 / qpmin=0 / qpmax=69 / qpstep=4 / cplxblur=20.0 / qblur=0.5 / vbv_maxrate=50000 / vbv_bufsize=62500 / nal_hrd=none / filler=0 / ip_ratio=1.40 / aq=1:1.00 Sprache : Deutsch Default : Ja Forced : Nein colour_range : Limited colour_primaries : BT.709 transfer_characteristics : BT.709 matrix_coefficients : BT.709 Audio #1 ID : 2 Format : AC-3 Format/Info : Audio Coding 3 Format_Settings_ModeExtension : CM (complete main) Format-Einstellungen für Endianess : Big Codec-ID : A_AC3 Dauer : 1 h 43 min Bitraten-Modus : konstant Bitrate : 192 kb/s Kanäle : 2 Kanäle Kanal-Positionen : Front: L R Samplingrate : 48,0 kHz Bildwiederholungsrate : 31,250 FPS (1536 spf) Video Verzögerung : -83 ms Stream-Größe : 142 MiB (3%) Sprache : Deutsch Default : Ja Forced : Nein Audio #2 ID : 3 Format : AC-3 Format/Info : Audio Coding 3 Format_Settings_ModeExtension : CM (complete main) Format-Einstellungen für Endianess : Big Codec-ID : A_AC3 Dauer : 1 h 43 min Bitraten-Modus : konstant Bitrate : 192 kb/s Kanäle : 2 Kanäle Kanal-Positionen : Front: L R Samplingrate : 48,0 kHz Bildwiederholungsrate : 31,250 FPS (1536 spf) Video Verzögerung : -83 ms Stream-Größe : 142 MiB (3%) Sprache : Französisch Default : Nein Forced : Nein Text ID : 4 Format : UTF-8 Codec-ID : S_TEXT/UTF8 Codec-ID/Info : UTF-8 Plain Text Dauer : 38 min Bitrate : 2 b/s Count of elements : 18 Stream-Größe : 698 Bytes (0%) Titel : German Forced Sprache : Deutsch Default : Ja Forced : Nein
</post>
<signature>

</signature>
<external_links>

</external_links>
<country>SX</country>
<main_image></main_image>
</document>
