<?xml version="1.0" encoding="UTF-8"?>
<document>
<type>mainstream</type>
<forum>http://www.tribunnews.com/rss/nasional</forum>
<forum_title>Tribunnews.com</forum_title>
<discussion_title>Wacana Harga Rokok Naik Jadi Rp 50.000, Ini Tanggapan Sampoerna</discussion_title>
<language>indonesian</language>
<gmt_offset></gmt_offset>
<topic_url>http://www.tribunnews.com/nasional/2016/08/22/wacana-harga-rokok-naik-jadi-rp-50000-ini-tanggapan-sampoerna</topic_url>
<topic_text>
Umum Wacana Harga Rokok Naik Jadi Rp 50.000, Ini Tanggapan Sampoerna Sebelum menaikkan cukai rokok perlu mata rantai adalah mata rantai industri tembakau yang meliputi petani, pekerja, pabrik, pedagang, hingga konsumen Senin, 22 Agustus 2016 03:56 WIB AMTI.ID Pengolahan tembakau di industri rokok. 
TRIBUNNEWS.COM, JAKARTA - Salah satu produsen rokok nasional, PT HM Sampoerna Tbk, menilai rencana kenaikan cukai rokok harus dipertimbangkan secara menyeluruh. 
&quot;Perlu kami sampaikan bahwa kenaikan harga drastis maupun kenaikan cukai secara eksesif bukan merupakan langkah bijaksana,&quot; ujar Head of Regulatory Affairs, International Trade, and Communications Sampoerna, Elvira Lianita, melalui pesan tertulis kepada Kompas.com, Minggu (21/8/2016). 
Menurut Elvira, aspek yang perlu diperhatikan sebelum menaikkan cukai rokok adalah semua mata rantai industri tembakau yang meliputi petani, pekerja, pabrik, pedagang, hingga konsumen. 
Ia meyakini kebijakan cukai yang terlalu tinggi akan mendorong naiknya harga rokok menjadi mahal sehingga tidak sesuai dengan daya beli masyarakat. 
&quot;(Kenaikan cukai rokok ) sekaligus juga harus mempertimbangkan kondisi industri dan daya beli masyarakat saat ini,&quot; kata Elvira. 
Sebelumnya, pemerintah mengaku mendengarkan usulan kenaikan harga rokok menjadi Rp 50.000 per bungkus. Oleh karena itu, penyesuaian tarif cukai rokok sebagai salah satu instrumen harga rokok akan dikaji. 
&quot;Cukai rokok belum kami diskusikan lagi, tetapi kami kan biasanya setiap tahun ada penyesuaian tarif cukai nya,&quot; ujar Kepala Badan Kebijakan Fiskal Suahasil Nazara di kantor Kementerian Keuangan, Jakarta, Rabu (17/8/2016).
</topic_text>
<spam_score>0.00</spam_score>
<post_num>1</post_num>
<post_id>post-1</post_id>
<post_url>http://www.tribunnews.com/nasional/2016/08/22/wacana-harga-rokok-naik-jadi-rp-50000-ini-tanggapan-sampoerna</post_url>
<post_date>20160821</post_date>
<post_time>2056</post_time>
<username></username>
<post>
Umum Wacana Harga Rokok Naik Jadi Rp 50.000, Ini Tanggapan Sampoerna Sebelum menaikkan cukai rokok perlu mata rantai adalah mata rantai industri tembakau yang meliputi petani, pekerja, pabrik, pedagang, hingga konsumen Senin, 22 Agustus 2016 03:56 WIB AMTI.ID Pengolahan tembakau di industri rokok. 
TRIBUNNEWS.COM, JAKARTA - Salah satu produsen rokok nasional, PT HM Sampoerna Tbk, menilai rencana kenaikan cukai rokok harus dipertimbangkan secara menyeluruh. 
&quot;Perlu kami sampaikan bahwa kenaikan harga drastis maupun kenaikan cukai secara eksesif bukan merupakan langkah bijaksana,&quot; ujar Head of Regulatory Affairs, International Trade, and Communications Sampoerna, Elvira Lianita, melalui pesan tertulis kepada Kompas.com, Minggu (21/8/2016). 
Menurut Elvira, aspek yang perlu diperhatikan sebelum menaikkan cukai rokok adalah semua mata rantai industri tembakau yang meliputi petani, pekerja, pabrik, pedagang, hingga konsumen. 
Ia meyakini kebijakan cukai yang terlalu tinggi akan mendorong naiknya harga rokok menjadi mahal sehingga tidak sesuai dengan daya beli masyarakat. 
&quot;(Kenaikan cukai rokok ) sekaligus juga harus mempertimbangkan kondisi industri dan daya beli masyarakat saat ini,&quot; kata Elvira. 
Sebelumnya, pemerintah mengaku mendengarkan usulan kenaikan harga rokok menjadi Rp 50.000 per bungkus. Oleh karena itu, penyesuaian tarif cukai rokok sebagai salah satu instrumen harga rokok akan dikaji. 
&quot;Cukai rokok belum kami diskusikan lagi, tetapi kami kan biasanya setiap tahun ada penyesuaian tarif cukai nya,&quot; ujar Kepala Badan Kebijakan Fiskal Suahasil Nazara di kantor Kementerian Keuangan, Jakarta, Rabu (17/8/2016).
</post>
<signature>

</signature>
<external_links>

</external_links>
<country>US</country>
<main_image>http://cdn-2.tstatic.net/tribunnews/foto/bank/images/pengolahan-tembakau-di-industri-rokok_20160518_082853.jpg</main_image>
</document>
