<?xml version="1.0" encoding="UTF-8"?>
<document>
<type>mainstream</type>
<forum>http://di-via.ru/rss</forum>
<forum_title>Divia</forum_title>
<discussion_title>Спортивный шик или с чем носить кроссовки</discussion_title>
<language>russian</language>
<gmt_offset></gmt_offset>
<topic_url>http://di-via.ru/post396694023/</topic_url>
<topic_text>
2 a href=&quot;http://di-via.ru/post396694023/&quot;&gt;РЎРїРѕСЂС‚РёРІРЅС‹Р№ С€РёРє РёР»Рё СЃ С‡РµРј РЅРѕСЃРёС‚СЊ РєСЂРѕСЃСЃРѕРІРєРё&lt;/a&gt;&lt;br/&gt; РќРѕРІР°СЏ С‚РµРЅРґРµРЅС†РёСЏ РІ РјРѕРґРµ - СЃРїРѕСЂС‚РёРІРЅС‹Р№ С€РёРє - РѕРЅР° Р·Р°РІРѕРµРІР°Р»Р° Р»СЋР±РѕРІСЊ РјРЅРѕРіРёС… РјРѕРґРЅРёС†, РєРѕС‚РѕСЂС‹Рµ РїСЂРѕРІРѕРґСЏС‚ Р°РєС‚РёРІРЅС‹Р№ РѕР±СЂР°Р· Р¶РёР·РЅРё. РўР°Рє РІСЃРµ Р¶Рµ, СЃ С‡РµРј СЃРµР№С‡Р°СЃ РјРѕРґРЅРѕ РЅРѕСЃРёС‚СЊ РєСЂРѕСЃСЃРѕРІРєРё Рё РєР°Рє РёС… РїРѕРґРѕР±СЂР°С‚СЊ РїСЂР°РІРёР»СЊРЅРѕ? РљСЂРѕСЃСЃРѕРІРєРё СЃ РґР¶РёРЅСЃР°РјРё РљР»Р°СЃСЃРёС‡РµСЃРєРѕРµ Рё РІСЃРµРіРґР° Р°РєС‚СѓР°Р»СЊРЅРѕРµ СЃРѕС‡РµС‚Р°РЅРёРµ. Р’ СЌС‚РѕРј РіРѕРґСѓ Р»СѓС‡С€Рµ РІСЃРµРіРѕ РЅРѕСЃРёС‚СЊ РєСЂРѕСЃСЃРѕРІРєРё СЃ РґР¶РёРЅСЃР°РјРё Р±РѕР№С„СЂРµРЅРґР°РјРё, РґРѕР±Р°РІРёРІ СЏСЂРєРёР№ СЃРІРёС‚РµСЂ Рё Р°РєСЃРµСЃСЃСѓР°СЂС‹. РљСЂРѕСЃСЃРѕРІРєРё РІ СЃРѕС‡РµС‚Р°РЅРёРё СЃ С‡РµСЂРЅРѕР№ РѕРґРµР¶РґРѕР№ Р’ С‡РµСЂРЅРѕРј С†РІРµС‚Рµ СЃРїРѕСЂС‚РёРІРЅС‹Р№ С€РёРє РІС‹РіР»СЏРґРёС‚ РїРѕРёСЃС‚РёРЅРµ С€РёРєР°СЂРЅРѕ. Р§РµСЂРЅС‹Рµ Р±СЂСЋРєРё, С‚РѕРї, СЃРґРµСЂР¶Р°РЅРЅС‹Р№ РєР»Р°С‚С‡ С‡РµСЂРЅРѕРіРѕ С†РІРµС‚Р° Рё РєСЂРѕСЃСЃРѕРІРєРё С‚Р°Рє Р¶Рµ С‡РµСЂРЅРѕРіРѕ С†РІРµС‚Р° - СЌС‚Рѕ РѕС‚Р»РёС‡РЅРѕРµ СЃРѕС‡РµС‚Р°РЅРёРµ РґР»... &lt;a href=&quot;http://di-via.ru/post396694023/&quot;&gt;Р§РёС‚Р°С‚СЊ РґР°Р»РµРµ...&lt;/a&gt;
</topic_text>
<spam_score>0.00</spam_score>
<post_num>1</post_num>
<post_id>post-1</post_id>
<post_url>http://di-via.ru/post396694023/</post_url>
<post_date>20160821</post_date>
<post_time>1610</post_time>
<username></username>
<post>
2 a href=&quot;http://di-via.ru/post396694023/&quot;&gt;РЎРїРѕСЂС‚РёРІРЅС‹Р№ С€РёРє РёР»Рё СЃ С‡РµРј РЅРѕСЃРёС‚СЊ РєСЂРѕСЃСЃРѕРІРєРё&lt;/a&gt;&lt;br/&gt; РќРѕРІР°СЏ С‚РµРЅРґРµРЅС†РёСЏ РІ РјРѕРґРµ - СЃРїРѕСЂС‚РёРІРЅС‹Р№ С€РёРє - РѕРЅР° Р·Р°РІРѕРµРІР°Р»Р° Р»СЋР±РѕРІСЊ РјРЅРѕРіРёС… РјРѕРґРЅРёС†, РєРѕС‚РѕСЂС‹Рµ РїСЂРѕРІРѕРґСЏС‚ Р°РєС‚РёРІРЅС‹Р№ РѕР±СЂР°Р· Р¶РёР·РЅРё. РўР°Рє РІСЃРµ Р¶Рµ, СЃ С‡РµРј СЃРµР№С‡Р°СЃ РјРѕРґРЅРѕ РЅРѕСЃРёС‚СЊ РєСЂРѕСЃСЃРѕРІРєРё Рё РєР°Рє РёС… РїРѕРґРѕР±СЂР°С‚СЊ РїСЂР°РІРёР»СЊРЅРѕ? РљСЂРѕСЃСЃРѕРІРєРё СЃ РґР¶РёРЅСЃР°РјРё РљР»Р°СЃСЃРёС‡РµСЃРєРѕРµ Рё РІСЃРµРіРґР° Р°РєС‚СѓР°Р»СЊРЅРѕРµ СЃРѕС‡РµС‚Р°РЅРёРµ. Р’ СЌС‚РѕРј РіРѕРґСѓ Р»СѓС‡С€Рµ РІСЃРµРіРѕ РЅРѕСЃРёС‚СЊ РєСЂРѕСЃСЃРѕРІРєРё СЃ РґР¶РёРЅСЃР°РјРё Р±РѕР№С„СЂРµРЅРґР°РјРё, РґРѕР±Р°РІРёРІ СЏСЂРєРёР№ СЃРІРёС‚РµСЂ Рё Р°РєСЃРµСЃСЃСѓР°СЂС‹. РљСЂРѕСЃСЃРѕРІРєРё РІ СЃРѕС‡РµС‚Р°РЅРёРё СЃ С‡РµСЂРЅРѕР№ РѕРґРµР¶РґРѕР№ Р’ С‡РµСЂРЅРѕРј С†РІРµС‚Рµ СЃРїРѕСЂС‚РёРІРЅС‹Р№ С€РёРє РІС‹РіР»СЏРґРёС‚ РїРѕРёСЃС‚РёРЅРµ С€РёРєР°СЂРЅРѕ. Р§РµСЂРЅС‹Рµ Р±СЂСЋРєРё, С‚РѕРї, СЃРґРµСЂР¶Р°РЅРЅС‹Р№ РєР»Р°С‚С‡ С‡РµСЂРЅРѕРіРѕ С†РІРµС‚Р° Рё РєСЂРѕСЃСЃРѕРІРєРё С‚Р°Рє Р¶Рµ С‡РµСЂРЅРѕРіРѕ С†РІРµС‚Р° - СЌС‚Рѕ РѕС‚Р»РёС‡РЅРѕРµ СЃРѕС‡РµС‚Р°РЅРёРµ РґР»... &lt;a href=&quot;http://di-via.ru/post396694023/&quot;&gt;Р§РёС‚Р°С‚СЊ РґР°Р»РµРµ...&lt;/a&gt;
</post>
<signature>

</signature>
<external_links>

</external_links>
<country>RU</country>
<main_image>http://img0.liveinternet.ru/images/attach/d/1/131/90/131090430_preview_2749438_Sportivnii_shik_ili_s_chem_nosit_krossovki.png</main_image>
</document>
