<?xml version="1.0" encoding="UTF-8"?>
<document>
<type>mainstream</type>
<forum>http://www.7sur7.be/rss.xml</forum>
<forum_title>7SUR7.be Info, sport et showbiz, 24/24, 7/7, plus de 350 mises à jour quotidiennes</forum_title>
<discussion_title>Des entraineurs de lutte se.... déshabillent pour protester</discussion_title>
<language>french</language>
<gmt_offset></gmt_offset>
<topic_url>http://www.7sur7.be/7s7/fr/1766/Rio-2016/article/detail/2836357/2016/08/21/Des-entraineurs-de-lutte-se-deshabillent-pour-protester.dhtml</topic_url>
<topic_text>
Georges Xouras 21/08/16 - 22h22 vidéo Scène étonnante en lutte libre où deux entraîneurs de lutte se sont déshabillés pour protester contre la décision des juges. 
On a été bien servi pour la dernière journée des JO de Rio. En lutte libre, le Mongol Ganzorigiin Mandakhnaran a célébré sa victoire dans la petite finale... quelques secondes trop tôt. Résultat des courses, il obtient une pénalité qui ramène le score à égalité contre l&apos;Ouzbek Ikhtiyor Nazruzov. Et cette célébration hâtive lui coûtera la médaille de bronze car le Mongol perdra finalement la partie. On pense les rebondissements terminés lorsque l&apos;un des entraineurs du Mongol enlève ses vêtements pour protester devant les juges. Et comme si ce n&apos;était pas assez, son autre entraineur en a fait de même! Lire aussi
</topic_text>
<spam_score>0.00</spam_score>
<post_num>1</post_num>
<post_id>post-1</post_id>
<post_url>http://www.7sur7.be/7s7/fr/1766/Rio-2016/article/detail/2836357/2016/08/21/Des-entraineurs-de-lutte-se-deshabillent-pour-protester.dhtml</post_url>
<post_date>20160821</post_date>
<post_time>2022</post_time>
<username>Georges Xouras</username>
<post>
Georges Xouras 21/08/16 - 22h22 vidéo Scène étonnante en lutte libre où deux entraîneurs de lutte se sont déshabillés pour protester contre la décision des juges. 
On a été bien servi pour la dernière journée des JO de Rio. En lutte libre, le Mongol Ganzorigiin Mandakhnaran a célébré sa victoire dans la petite finale... quelques secondes trop tôt. Résultat des courses, il obtient une pénalité qui ramène le score à égalité contre l&apos;Ouzbek Ikhtiyor Nazruzov. Et cette célébration hâtive lui coûtera la médaille de bronze car le Mongol perdra finalement la partie. On pense les rebondissements terminés lorsque l&apos;un des entraineurs du Mongol enlève ses vêtements pour protester devant les juges. Et comme si ce n&apos;était pas assez, son autre entraineur en a fait de même! Lire aussi
</post>
<signature>

</signature>
<external_links>

</external_links>
<country>BE</country>
<main_image>http://static1.7sur7.be/static/photo/2016/16/2/7/20160821221901/media_xll_8989942.jpg</main_image>
</document>
