<?xml version="1.0" encoding="UTF-8"?>
<document>
<type>mainstream</type>
<forum>http://rss.wn.com/English/keyword/business</forum>
<forum_title>WN.com - Business News</forum_title>
<discussion_title>North Carolina a snapshot of Trump&apos;s shrinking trade appeal</discussion_title>
<language>english</language>
<gmt_offset></gmt_offset>
<topic_url>https://article.wn.com/view/2016/08/21/North_Carolina_a_snapshot_of_Trumps_shrinking_trade_appeal_c/</topic_url>
<topic_text>
ASHEVILLE, N.C. (AP) — Hillary Clinton &quot;owes the state of North Carolina a very big apology,&quot; Donald Trump thundered, condemning the loss of manufacturing jobs due to free-trade deals supported by the Democratic presidential nominee.
</topic_text>
<spam_score>0.00</spam_score>
<post_num>1</post_num>
<post_id>post-1</post_id>
<post_url>https://article.wn.com/view/2016/08/21/North_Carolina_a_snapshot_of_Trumps_shrinking_trade_appeal_c/</post_url>
<post_date>20160821</post_date>
<post_time></post_time>
<username>wn.com</username>
<post>
ASHEVILLE, N.C. (AP) — Hillary Clinton &quot;owes the state of North Carolina a very big apology,&quot; Donald Trump thundered, condemning the loss of manufacturing jobs due to free-trade deals supported by the Democratic presidential nominee.
</post>
<signature>

</signature>
<external_links>

</external_links>
<country>GB</country>
<main_image>https://i.ytimg.com/vi/sC8fC3Y_7R4/default_live.jpg</main_image>
</document>
