<?xml version="1.0" encoding="UTF-8"?>
<document>
<type>mainstream</type>
<forum>http://www.nrk.no/toppsaker.rss</forum>
<forum_title>NRK - NRK</forum_title>
<discussion_title>– Vi skal rett opp igjen</discussion_title>
<language>norwegian</language>
<gmt_offset></gmt_offset>
<topic_url>https://www.nrk.no/sorlandet/salvesen-reddet-start-igjen-1.13099683</topic_url>
<topic_text>
N/A av 11 Start slet 
Sogndal var veldig nær å doble ledelsen etter 20 minutter. Ole Amund Sveen headet et langt frispark i lengste stolpe. For Opdal var det bare flaks at ballen deretter spratt rett i klypene hans. 
Vertene slet med å knekke Sogndal-koden før pause. Bortelaget jobbet raskt hjemover og gjorde det vanskelig for Steinar Pedersens menn. Start ble ofte tvunget til å slå mange støttepasninger, og dermed ble spillet veldig omstendelig. 
I annen omgang lyktes Start bedre med presset sitt, men den forløsende scoringen kom ikke før helt på tampen. Salvesen fikk ballen fra Robert Sandnes og satte den forbi Mathias Dyngeland. Pedersen: – Fortjent utligning Tørken vedvarer 
Start har ikke vunnet i serien siden starten av juli i fjor. Siden har sørlendingene spilt hele 36 kamper uten å plukke en eneste trepoenger. Laget ligger helt sist med sine ni poeng. Det er tolv poeng opp til sikker plass. 
– Nå blir fokuset vårt videre utvikling og fortsettelse av arbeidet på treningsfeltet. Vi må utvikle oss selv, spillet vårt, forståelsen og fortsette å bygge inn i fremtiden sa Start-trener Steinar Pedersen etter kampen. 
Start har ni kamper igjen av serien. Neste helg tar de turen nordover for å møte Bodø/Glimt, som også kjemper om viktige poeng i kampen mot nedrykk. Bakke: – Veldig skuffa
</topic_text>
<spam_score>0.00</spam_score>
<post_num>1</post_num>
<post_id>post-1</post_id>
<post_url>https://www.nrk.no/sorlandet/salvesen-reddet-start-igjen-1.13099683</post_url>
<post_date>20160821</post_date>
<post_time>2047</post_time>
<username></username>
<post>
N/A av 11 Start slet 
Sogndal var veldig nær å doble ledelsen etter 20 minutter. Ole Amund Sveen headet et langt frispark i lengste stolpe. For Opdal var det bare flaks at ballen deretter spratt rett i klypene hans. 
Vertene slet med å knekke Sogndal-koden før pause. Bortelaget jobbet raskt hjemover og gjorde det vanskelig for Steinar Pedersens menn. Start ble ofte tvunget til å slå mange støttepasninger, og dermed ble spillet veldig omstendelig. 
I annen omgang lyktes Start bedre med presset sitt, men den forløsende scoringen kom ikke før helt på tampen. Salvesen fikk ballen fra Robert Sandnes og satte den forbi Mathias Dyngeland. Pedersen: – Fortjent utligning Tørken vedvarer 
Start har ikke vunnet i serien siden starten av juli i fjor. Siden har sørlendingene spilt hele 36 kamper uten å plukke en eneste trepoenger. Laget ligger helt sist med sine ni poeng. Det er tolv poeng opp til sikker plass. 
– Nå blir fokuset vårt videre utvikling og fortsettelse av arbeidet på treningsfeltet. Vi må utvikle oss selv, spillet vårt, forståelsen og fortsette å bygge inn i fremtiden sa Start-trener Steinar Pedersen etter kampen. 
Start har ni kamper igjen av serien. Neste helg tar de turen nordover for å møte Bodø/Glimt, som også kjemper om viktige poeng i kampen mot nedrykk. Bakke: – Veldig skuffa
</post>
<signature>

</signature>
<external_links>

</external_links>
<country>NO</country>
<main_image>https://gfx.nrk.no/0Nwx0x-4V4bz54GTXMPggQqjwYXQxa93wD0_IWSmOwlw</main_image>
</document>
