<?xml version="1.0" encoding="UTF-8"?>
<document>
<type>mainstream</type>
<forum>http://ewallstreeter.com/rss.php?c=15</forum>
<forum_title>eWallstreeter</forum_title>
<discussion_title>Report: Patriots’ Dion Lewis needs another knee surgery</discussion_title>
<language>english</language>
<gmt_offset></gmt_offset>
<topic_url>http://ewallstreeter.com/report-patriots-dion-lewis-needs-another-knee-surgery-5673/</topic_url>
<topic_text>
Report: Patriots’ Dion Lewis needs another knee surgery From ProFootballTalkAugust 21, 2016 - 12:14pm Patriots running back Dion Lewis spent training camp on the physically unable to perform list while recovering from his November knee injury. And now it appears that Lewis has suffered another setback. Lewis will need another knee surgery, Jim McBride of the Boston Globe reports. Although there’s no word on how much time he’ll miss,… Share this article »
</topic_text>
<spam_score>0.00</spam_score>
<post_num>1</post_num>
<post_id>post-1</post_id>
<post_url>http://ewallstreeter.com/report-patriots-dion-lewis-needs-another-knee-surgery-5673/</post_url>
<post_date>20160821</post_date>
<post_time>1614</post_time>
<username></username>
<post>
Report: Patriots’ Dion Lewis needs another knee surgery From ProFootballTalkAugust 21, 2016 - 12:14pm Patriots running back Dion Lewis spent training camp on the physically unable to perform list while recovering from his November knee injury. And now it appears that Lewis has suffered another setback. Lewis will need another knee surgery, Jim McBride of the Boston Globe reports. Although there’s no word on how much time he’ll miss,… Share this article »
</post>
<signature>

</signature>
<external_links>

</external_links>
<country>US</country>
<main_image></main_image>
</document>
