<?xml version="1.0" encoding="UTF-8"?>
<document>
<type>mainstream</type>
<forum></forum>
<forum_title></forum_title>
<discussion_title>The DJ Store Fisual Easy Fix Banana Plug (Pack of 4)</discussion_title>
<language>english</language>
<gmt_offset></gmt_offset>
<topic_url>http://hi-mr-dj.co.uk/product/fisual-easy-fix-banana-plug-pack-of-4/</topic_url>
<topic_text>
Fisual Easy Fix Banana Plug (Pack of 4) Sale! Fisual Easy Fix Banana Plug (Pack of 4) £ 5.49 £ 4.99 (as of 08/21/2016 at 08:19 UTC) 
Pack of 4 gold plated banana plugs for terminating speaker cables upto 4mm diameter. 4 pack (2 red, 2 black) Add to cart SKU: B00169BIF0 . Category: Dj Cables &amp; Leads . Tag: Cables &amp; Leads . Manufacturer: Fisual Description 
</topic_text>
<spam_score>0.69</spam_score>
<post_num>1</post_num>
<post_id>post-1</post_id>
<post_url>http://hi-mr-dj.co.uk/product/fisual-easy-fix-banana-plug-pack-of-4/</post_url>
<post_date>20151109</post_date>
<post_time></post_time>
<username></username>
<post>
Fisual Easy Fix Banana Plug (Pack of 4) Sale! Fisual Easy Fix Banana Plug (Pack of 4) £ 5.49 £ 4.99 (as of 08/21/2016 at 08:19 UTC) 
Pack of 4 gold plated banana plugs for terminating speaker cables upto 4mm diameter. 4 pack (2 red, 2 black) Add to cart SKU: B00169BIF0 . Category: Dj Cables &amp; Leads . Tag: Cables &amp; Leads . Manufacturer: Fisual Description 
</post>
<signature>

</signature>
<external_links>

</external_links>
<country>US</country>
<main_image>http://hi-mr-dj.co.uk/wp-content/uploads/2015/11/999c5cf33d60.jpg</main_image>
</document>
