<?xml version="1.0" encoding="UTF-8"?>
<document>
<type>mainstream</type>
<forum></forum>
<forum_title></forum_title>
<discussion_title>Ryan Lochte made up a new word while talking about his robbery lies | Breaking UK news</discussion_title>
<language>english</language>
<gmt_offset></gmt_offset>
<topic_url>https://reportuk.org/2016/08/21/ryan-lochte-made-up-a-new-word-while-talking-about-his-robbery-lies/</topic_url>
<topic_text>
40 Ryan Lochte is interviewed by NBC reporter Matt Lauer (Picture: Xposure) 
Shamed Olympic US swimmer Ryan Lochte has invented a new word to describe his actions in the Rio robbery claim. 
The Olympic champion has been interviewed for the second time on US TV after Brazilian police claimed he and three team mates lied about the incident. 
JK Rowling schools homophobes over Tom Daley hate 
But yesterday viewers had to jump on Google for some clarity after the 32-year-old apologised for his ‘immature tantics’ – what? 
No need to check, ‘tantics’ isn’t actually a word in the Oxford Dictionary or the Urban Dictionary for that matter. 
We can only guess that Lochte, who is clearly nervous during the interview, choked and forgot how to speak basic English. To view this video please enable JavaScript, and consider upgrading to a web browser that supports HTML5 video 
Who deserves credit for Night Tube, Sadiq Khan or Boris Johnson? 
He told NBC reporter Matt Lauer that he’d ‘overexaggerated’ the story and is ‘taking full responsibility’. 
But forget the apology, people were more interested in his new found word. Some even thought they heard him say ‘exspecially’. 
The interview was aired in the US and Rio in part on Saturday, the second half will air on Monday. New band name: The Immature Tantics #LochteGate 
</topic_text>
<spam_score>0.63</spam_score>
<post_num>1</post_num>
<post_id>post-1</post_id>
<post_url>https://reportuk.org/2016/08/21/ryan-lochte-made-up-a-new-word-while-talking-about-his-robbery-lies/</post_url>
<post_date>20160821</post_date>
<post_time></post_time>
<username></username>
<post>
40 Ryan Lochte is interviewed by NBC reporter Matt Lauer (Picture: Xposure) 
Shamed Olympic US swimmer Ryan Lochte has invented a new word to describe his actions in the Rio robbery claim. 
The Olympic champion has been interviewed for the second time on US TV after Brazilian police claimed he and three team mates lied about the incident. 
JK Rowling schools homophobes over Tom Daley hate 
But yesterday viewers had to jump on Google for some clarity after the 32-year-old apologised for his ‘immature tantics’ – what? 
No need to check, ‘tantics’ isn’t actually a word in the Oxford Dictionary or the Urban Dictionary for that matter. 
We can only guess that Lochte, who is clearly nervous during the interview, choked and forgot how to speak basic English. To view this video please enable JavaScript, and consider upgrading to a web browser that supports HTML5 video 
Who deserves credit for Night Tube, Sadiq Khan or Boris Johnson? 
He told NBC reporter Matt Lauer that he’d ‘overexaggerated’ the story and is ‘taking full responsibility’. 
But forget the apology, people were more interested in his new found word. Some even thought they heard him say ‘exspecially’. 
The interview was aired in the US and Rio in part on Saturday, the second half will air on Monday. New band name: The Immature Tantics #LochteGate 
</post>
<signature>

</signature>
<external_links>

</external_links>
<country>GB</country>
<main_image>http://i0.wp.com/metrouk2.files.wordpress.com/2016/08/night-tube-comp.jpg?crop=59px%2C0px%2C465px%2C348px&amp;amp;resize=150%2C113&amp;amp;quality=80&amp;amp;strip=all&amp;amp;ssl=1&amp;amp;w=100&amp;amp;h=75</main_image>
</document>
