<?xml version="1.0" encoding="UTF-8"?>
<document>
<type>mainstream</type>
<forum>http://ewallstreeter.com/rss.php?c=15</forum>
<forum_title>eWallstreeter</forum_title>
<discussion_title>Views: Taking a tour of all the great memorabilia inside The Star, the Dallas Cowboys&apos; new practice facility</discussion_title>
<language>english</language>
<gmt_offset></gmt_offset>
<topic_url>http://ewallstreeter.com/views-taking-a-tour-of-all-the-great-memorabilia-inside-the-star-the-dallas-cowboys-new-practice-facility-9921/</topic_url>
<topic_text>
Views: Taking a tour of all the great memorabilia inside The Star, the Dallas Cowboys&apos; new practice facility From NFL newsAugust 21, 2016 - 12:44pm Staff Photographer View from the press box at Frisco&apos;s multi-use event center at The Star, the new Dallas Cowboys headquarters facility in Frisco on Friday, August 19, 2016. The Star, a joint project with the City of Frisco and Frisco ISD is scheduled to open in August. (Vernon Bryant/The Dallas Morning News) Share this article »
</topic_text>
<spam_score>0.00</spam_score>
<post_num>1</post_num>
<post_id>post-1</post_id>
<post_url>http://ewallstreeter.com/views-taking-a-tour-of-all-the-great-memorabilia-inside-the-star-the-dallas-cowboys-new-practice-facility-9921/</post_url>
<post_date>20160821</post_date>
<post_time>1644</post_time>
<username></username>
<post>
Views: Taking a tour of all the great memorabilia inside The Star, the Dallas Cowboys&apos; new practice facility From NFL newsAugust 21, 2016 - 12:44pm Staff Photographer View from the press box at Frisco&apos;s multi-use event center at The Star, the new Dallas Cowboys headquarters facility in Frisco on Friday, August 19, 2016. The Star, a joint project with the City of Frisco and Frisco ISD is scheduled to open in August. (Vernon Bryant/The Dallas Morning News) Share this article »
</post>
<signature>

</signature>
<external_links>

</external_links>
<country>US</country>
<main_image></main_image>
</document>
