<?xml version="1.0" encoding="UTF-8"?>
<document>
<type>mainstream</type>
<forum></forum>
<forum_title></forum_title>
<discussion_title>Meeting Cl, Boccia (Confindustria): &quot;Sì al referendum. Produttività e investimenti privati siano ... - Nati per Lavorare</discussion_title>
<language>italian</language>
<gmt_offset></gmt_offset>
<topic_url>http://www.natiperlavorare.it/2016/08/21/meeting-cl-boccia-confindustria-si-al-referendum-produttivita-e-investimenti-privati-siano/</topic_url>
<topic_text>

Meeting Cl, Boccia (Confindustria): &quot;Sì al referendum. Produttività e investimenti privati siano … 
Il presidente dell&apos;associazione a Rimini spiega che il sostegno alla riforma costituzionale è determinato da una scelta &quot;economica, non politica &quot;. 
</topic_text>
<spam_score>0.06</spam_score>
<post_num>1</post_num>
<post_id>post-1</post_id>
<post_url>http://www.natiperlavorare.it/2016/08/21/meeting-cl-boccia-confindustria-si-al-referendum-produttivita-e-investimenti-privati-siano/</post_url>
<post_date>20160821</post_date>
<post_time></post_time>
<username></username>
<post>

Meeting Cl, Boccia (Confindustria): &quot;Sì al referendum. Produttività e investimenti privati siano … 
Il presidente dell&apos;associazione a Rimini spiega che il sostegno alla riforma costituzionale è determinato da una scelta &quot;economica, non politica &quot;. 
</post>
<signature>

</signature>
<external_links>

</external_links>
<country>IT</country>
<main_image></main_image>
</document>
