<?xml version="1.0" encoding="UTF-8"?>
<document>
<type>mainstream</type>
<forum>http://entretenimento.r7.com/mulher/feed.xml</forum>
<forum_title>R7 - Mulher</forum_title>
<discussion_title>Rio 2016: momentos Pais&amp;Filhos que marcaram a Olimpíada</discussion_title>
<language>portuguese</language>
<gmt_offset></gmt_offset>
<topic_url>http://www.paisefilhos.com.br/noticias/rio-2016-momentos-paisfilhos-que-marcaram-a-olimpiada/</topic_url>
<topic_text>
0 (Foto: Reprodução / Instagram) 
Vamos confessar? Está difícil dizer adeus para essa Olimpíada. O Brasil recebeu diversos países de braços abertos e foi o cenário de jogos que vão marcar as nossas vidas. Além de tudo isso, não podemos deixar de lado as imagens que mais marcaram esses dias. Momentos de família e crianças que fizeram a gente se emocionar e se divertir. 
Confira a galeria com os melhores momentos que a gente selecionou para você! 
Leia também:
</topic_text>
<spam_score>0.00</spam_score>
<post_num>1</post_num>
<post_id>post-1</post_id>
<post_url>http://www.paisefilhos.com.br/noticias/rio-2016-momentos-paisfilhos-que-marcaram-a-olimpiada/</post_url>
<post_date>20160821</post_date>
<post_time>2033</post_time>
<username></username>
<post>
0 (Foto: Reprodução / Instagram) 
Vamos confessar? Está difícil dizer adeus para essa Olimpíada. O Brasil recebeu diversos países de braços abertos e foi o cenário de jogos que vão marcar as nossas vidas. Além de tudo isso, não podemos deixar de lado as imagens que mais marcaram esses dias. Momentos de família e crianças que fizeram a gente se emocionar e se divertir. 
Confira a galeria com os melhores momentos que a gente selecionou para você! 
Leia também:
</post>
<signature>

</signature>
<external_links>

</external_links>
<country>US</country>
<main_image>http://www.paisefilhos.com.br/wp-content/uploads/2016/08/neymar1.jpg</main_image>
</document>
