<?xml version="1.0" encoding="UTF-8"?>
<document>
<type>mainstream</type>
<forum>http://ewallstreeter.com/rss.php?c=15</forum>
<forum_title>eWallstreeter</forum_title>
<discussion_title>Predicting The Baltimore Ravens 53 Man Roster</discussion_title>
<language>english</language>
<gmt_offset></gmt_offset>
<topic_url>http://ewallstreeter.com/predicting-the-baltimore-ravens-man-roster-4091/</topic_url>
<topic_text>
Predicting The Baltimore Ravens 53 Man Roster From NFL newsAugust 21, 2016 - 12:12pm The Baltimore Ravens have some brutally tough decisions to make. While roster cuts don’t begin until the 30th, I figured waiting until then would be cheating. That’s why after two preseason games I have a prediction for the 53 man roster: Share this article »
</topic_text>
<spam_score>0.00</spam_score>
<post_num>1</post_num>
<post_id>post-1</post_id>
<post_url>http://ewallstreeter.com/predicting-the-baltimore-ravens-man-roster-4091/</post_url>
<post_date>20160821</post_date>
<post_time>1612</post_time>
<username></username>
<post>
Predicting The Baltimore Ravens 53 Man Roster From NFL newsAugust 21, 2016 - 12:12pm The Baltimore Ravens have some brutally tough decisions to make. While roster cuts don’t begin until the 30th, I figured waiting until then would be cheating. That’s why after two preseason games I have a prediction for the 53 man roster: Share this article »
</post>
<signature>

</signature>
<external_links>

</external_links>
<country>US</country>
<main_image></main_image>
</document>
