<?xml version="1.0" encoding="UTF-8"?>
<document>
<type>mainstream</type>
<forum>http://www.boerse.sx/external.php?type=RSS2</forum>
<forum_title>Boerse.SX Boerse.BZ Alternative</forum_title>
<discussion_title>Rio Summer Olympics 2016 Womens Basketball Finals United States vs Spain 720p WEB h264 - OVERTiME</discussion_title>
<language>english</language>
<gmt_offset></gmt_offset>
<topic_url>http://www.boerse.sx/boerse/videoboerse/sonstiges/1178170-rio-summer-olympics-2016-womens-basketball-finals-united-states-vs-spain-720p-web-h264-overtime.html</topic_url>
<topic_text>
nfo: Code: OVERTiME.. presents.. Rio.Summer.Olympics.2016.Womens.Basketball.Finals.United.States.vs.Spain.720p.WEB.h264-OVERTiME RELEASE.DATE | 21/08/2016 GENRE | Sport SOURCE | WEB(BBC) RESOLUTION | 1280x720 SIZE | 61x100m FRAMERATE | 50.000fps SUBTITLES | N/A NOTES | Full coverage of the women&apos;s final between United States and Spain from the Carioca Arena. USA are targeting their sixth successive Olympic gold medal in this event. URL | ** NOW HIRING HDTV/PDTV/WEB/RETAIL CAPPERS FOR INDIE WRESTLING AND MMA ** ** THIS INCLUDE CZW/IWA-MS/IWA-DS/PWG/ICW/RPW AND ANY OTHER EVENTS! ** * We currently need.. * TV Cappers in United States/England/Scotland/Ireland/Canada/Australia/EUR. - Sport Cappers for UFC/WWE/ROH/TNA/MMA/BOXING/EPL/NHL/NBL/NBA/F1/NASCAR etc. - Can you capture FOX SPORT/NBC SPORT/CBS SPORT/EPSN/SKY SPORT/BT SPORT etc. * WEB/WEBRip/VOD cappers and untouched feeds. (tv network/foreign websites) * Do you have a collection of Wrestling, MMA or other Sports on DVD/BluRay? * Experienced X264 encoder with enough time! * Experienced programmer who can code custom tools and scripts. * Find us or send us a Email for a limited time! = electrifying[@]sigaint.org Uploaded.net Code: http://uploaded.net/file/ma0iwhac http://uploaded.net/file/32lcro3f http://uploaded.net/file/bqjmiwc9 http://uploaded.net/file/r03b5ogj http://uploaded.net/file/1vr5kp0d http://uploaded.net/file/w0pcv0ny http://uploaded.net/file/4i80g6kk http://uploaded.net/file/3t59i1sn http://uploaded.net/file/8cjza8sk http://uploaded.net/file/7m21s5g5 http://uploaded.net/file/vesh6pnj http://uploaded.net/file/2jkg17gc http://uploaded.net/file/446yam39 http://uploaded.net/file/xdt1z2ca http://uploaded.net/file/9oyr17nn http://uploaded.net/file/u4o9jauz http://uploaded.net/file/7hn0x3z3 http://uploaded.net/file/rwm4yn2v http://uploaded.net/file/mj1ofqun http://uploaded.net/file/ltfk5mmg http://uploaded.net/file/r68ec0fb http://uploaded.net/file/lp97qtva http://uploaded.net/file/72h392em http://uploaded.net/file/hb4eei0z http://uploaded.net/file/52gjncv0 http://uploaded.net/file/lfioi77r http://uploaded.net/file/snw9u40o http://uploaded.net/file/jsl32l4t http://uploaded.net/file/jzlsl5uh http://uploaded.net/file/0erv9kv1 http://uploaded.net/file/i67z8ve8 http://uploaded.net/file/mgjqj0wu http://uploaded.net/file/1gkkzbqq http://uploaded.net/file/ooxy6sab http://uploaded.net/file/brcshrya http://uploaded.net/file/cvb1epaf http://uploaded.net/file/fwzemga6 http://uploaded.net/file/gmq21wwn http://uploaded.net/file/bm2nsuci http://uploaded.net/file/882dpw68 http://uploaded.net/file/0udr8p8e Openload.co Code: https://openload.co/f/PWGFSuRqWgc/RSO21WBFUSS70WBh6VRE.part01.rar https://openload.co/f/KnIiuSt3gv4/RSO21WBFUSS70WBh6VRE.part02.rar https://openload.co/f/cY7dNiem8mc/RSO21WBFUSS70WBh6VRE.part03.rar https://openload.co/f/UxR_BvvcL0A/RSO21WBFUSS70WBh6VRE.part04.rar https://openload.co/f/ZzTzoKDzyMk/RSO21WBFUSS70WBh6VRE.part05.rar https://openload.co/f/t2W6bAOKbOo/RSO21WBFUSS70WBh6VRE.part06.rar https://openload.co/f/xdX3tHA_Fuo/RSO21WBFUSS70WBh6VRE.part07.rar https://openload.co/f/GJlbWWVDl6M/RSO21WBFUSS70WBh6VRE.part08.rar https://openload.co/f/EU2J2DrfaGI/RSO21WBFUSS70WBh6VRE.part09.rar https://openload.co/f/qCWCo92B82M/RSO21WBFUSS70WBh6VRE.part10.rar https://openload.co/f/Uoi0Oi5v4b4/RSO21WBFUSS70WBh6VRE.part11.rar https://openload.co/f/XeVdrI1GC0k/RSO21WBFUSS70WBh6VRE.part12.rar https://openload.co/f/i1Av1e-odHQ/RSO21WBFUSS70WBh6VRE.part13.rar https://openload.co/f/o01t7WmSf6k/RSO21WBFUSS70WBh6VRE.part14.rar https://openload.co/f/ZRzWIiA0AHw/RSO21WBFUSS70WBh6VRE.part15.rar https://openload.co/f/FyH2j93Bnkc/RSO21WBFUSS70WBh6VRE.part16.rar https://openload.co/f/wa9GCfCCE7o/RSO21WBFUSS70WBh6VRE.part17.rar https://openload.co/f/jV6YTwronDo/RSO21WBFUSS70WBh6VRE.part18.rar https://openload.co/f/pSWol60x8m8/RSO21WBFUSS70WBh6VRE.part19.rar https://openload.co/f/xf_5PmRVU8U/RSO21WBFUSS70WBh6VRE.part20.rar https://openload.co/f/EsZGuYDRh3M/RSO21WBFUSS70WBh6VRE.part21.rar https://openload.co/f/koamqMs3Ttk/RSO21WBFUSS70WBh6VRE.part22.rar https://openload.co/f/6_VJTvuhEYc/RSO21WBFUSS70WBh6VRE.part23.rar https://openload.co/f/q28m1li_01U/RSO21WBFUSS70WBh6VRE.part24.rar https://openload.co/f/kbeDMxapA0w/RSO21WBFUSS70WBh6VRE.part25.rar https://openload.co/f/6WWuVh8SmTU/RSO21WBFUSS70WBh6VRE.part26.rar https://openload.co/f/ig3t6uSgHCw/RSO21WBFUSS70WBh6VRE.part27.rar https://openload.co/f/0GXH5iKenxA/RSO21WBFUSS70WBh6VRE.part28.rar https://openload.co/f/T6QQHzDDoKA/RSO21WBFUSS70WBh6VRE.part29.rar https://openload.co/f/m33o2rRrIwI/RSO21WBFUSS70WBh6VRE.part30.rar https://openload.co/f/yuGlpyyBFtc/RSO21WBFUSS70WBh6VRE.part31.rar https://openload.co/f/4Grskg7AbS8/RSO21WBFUSS70WBh6VRE.part32.rar https://openload.co/f/g1mLF0Z1xT0/RSO21WBFUSS70WBh6VRE.part33.rar https://openload.co/f/ByYj1JhzvUY/RSO21WBFUSS70WBh6VRE.part34.rar https://openload.co/f/xkdUJEjhqf4/RSO21WBFUSS70WBh6VRE.part35.rar https://openload.co/f/khlqoOXT_QU/RSO21WBFUSS70WBh6VRE.part36.rar https://openload.co/f/VpZxE9bqP30/RSO21WBFUSS70WBh6VRE.part37.rar https://openload.co/f/jVGsbG98Dz8/RSO21WBFUSS70WBh6VRE.part38.rar https://openload.co/f/UkM_-TdaAZE/RSO21WBFUSS70WBh6VRE.part39.rar https://openload.co/f/DSevskUiV5E/RSO21WBFUSS70WBh6VRE.part40.rar https://openload.co/f/0jh_peQHutQ/RSO21WBFUSS70WBh6VRE.part41.rar .
</topic_text>
<spam_score>0.00</spam_score>
<post_num>1</post_num>
<post_id>post-1</post_id>
<post_url>http://www.boerse.sx/boerse/videoboerse/sonstiges/1178170-rio-summer-olympics-2016-womens-basketball-finals-united-states-vs-spain-720p-web-h264-overtime.html</post_url>
<post_date>20160821</post_date>
<post_time>1722</post_time>
<username>MarioAndretti83</username>
<post>
nfo: Code: OVERTiME.. presents.. Rio.Summer.Olympics.2016.Womens.Basketball.Finals.United.States.vs.Spain.720p.WEB.h264-OVERTiME RELEASE.DATE | 21/08/2016 GENRE | Sport SOURCE | WEB(BBC) RESOLUTION | 1280x720 SIZE | 61x100m FRAMERATE | 50.000fps SUBTITLES | N/A NOTES | Full coverage of the women&apos;s final between United States and Spain from the Carioca Arena. USA are targeting their sixth successive Olympic gold medal in this event. URL | ** NOW HIRING HDTV/PDTV/WEB/RETAIL CAPPERS FOR INDIE WRESTLING AND MMA ** ** THIS INCLUDE CZW/IWA-MS/IWA-DS/PWG/ICW/RPW AND ANY OTHER EVENTS! ** * We currently need.. * TV Cappers in United States/England/Scotland/Ireland/Canada/Australia/EUR. - Sport Cappers for UFC/WWE/ROH/TNA/MMA/BOXING/EPL/NHL/NBL/NBA/F1/NASCAR etc. - Can you capture FOX SPORT/NBC SPORT/CBS SPORT/EPSN/SKY SPORT/BT SPORT etc. * WEB/WEBRip/VOD cappers and untouched feeds. (tv network/foreign websites) * Do you have a collection of Wrestling, MMA or other Sports on DVD/BluRay? * Experienced X264 encoder with enough time! * Experienced programmer who can code custom tools and scripts. * Find us or send us a Email for a limited time! = electrifying[@]sigaint.org Uploaded.net Code: http://uploaded.net/file/ma0iwhac http://uploaded.net/file/32lcro3f http://uploaded.net/file/bqjmiwc9 http://uploaded.net/file/r03b5ogj http://uploaded.net/file/1vr5kp0d http://uploaded.net/file/w0pcv0ny http://uploaded.net/file/4i80g6kk http://uploaded.net/file/3t59i1sn http://uploaded.net/file/8cjza8sk http://uploaded.net/file/7m21s5g5 http://uploaded.net/file/vesh6pnj http://uploaded.net/file/2jkg17gc http://uploaded.net/file/446yam39 http://uploaded.net/file/xdt1z2ca http://uploaded.net/file/9oyr17nn http://uploaded.net/file/u4o9jauz http://uploaded.net/file/7hn0x3z3 http://uploaded.net/file/rwm4yn2v http://uploaded.net/file/mj1ofqun http://uploaded.net/file/ltfk5mmg http://uploaded.net/file/r68ec0fb http://uploaded.net/file/lp97qtva http://uploaded.net/file/72h392em http://uploaded.net/file/hb4eei0z http://uploaded.net/file/52gjncv0 http://uploaded.net/file/lfioi77r http://uploaded.net/file/snw9u40o http://uploaded.net/file/jsl32l4t http://uploaded.net/file/jzlsl5uh http://uploaded.net/file/0erv9kv1 http://uploaded.net/file/i67z8ve8 http://uploaded.net/file/mgjqj0wu http://uploaded.net/file/1gkkzbqq http://uploaded.net/file/ooxy6sab http://uploaded.net/file/brcshrya http://uploaded.net/file/cvb1epaf http://uploaded.net/file/fwzemga6 http://uploaded.net/file/gmq21wwn http://uploaded.net/file/bm2nsuci http://uploaded.net/file/882dpw68 http://uploaded.net/file/0udr8p8e Openload.co Code: https://openload.co/f/PWGFSuRqWgc/RSO21WBFUSS70WBh6VRE.part01.rar https://openload.co/f/KnIiuSt3gv4/RSO21WBFUSS70WBh6VRE.part02.rar https://openload.co/f/cY7dNiem8mc/RSO21WBFUSS70WBh6VRE.part03.rar https://openload.co/f/UxR_BvvcL0A/RSO21WBFUSS70WBh6VRE.part04.rar https://openload.co/f/ZzTzoKDzyMk/RSO21WBFUSS70WBh6VRE.part05.rar https://openload.co/f/t2W6bAOKbOo/RSO21WBFUSS70WBh6VRE.part06.rar https://openload.co/f/xdX3tHA_Fuo/RSO21WBFUSS70WBh6VRE.part07.rar https://openload.co/f/GJlbWWVDl6M/RSO21WBFUSS70WBh6VRE.part08.rar https://openload.co/f/EU2J2DrfaGI/RSO21WBFUSS70WBh6VRE.part09.rar https://openload.co/f/qCWCo92B82M/RSO21WBFUSS70WBh6VRE.part10.rar https://openload.co/f/Uoi0Oi5v4b4/RSO21WBFUSS70WBh6VRE.part11.rar https://openload.co/f/XeVdrI1GC0k/RSO21WBFUSS70WBh6VRE.part12.rar https://openload.co/f/i1Av1e-odHQ/RSO21WBFUSS70WBh6VRE.part13.rar https://openload.co/f/o01t7WmSf6k/RSO21WBFUSS70WBh6VRE.part14.rar https://openload.co/f/ZRzWIiA0AHw/RSO21WBFUSS70WBh6VRE.part15.rar https://openload.co/f/FyH2j93Bnkc/RSO21WBFUSS70WBh6VRE.part16.rar https://openload.co/f/wa9GCfCCE7o/RSO21WBFUSS70WBh6VRE.part17.rar https://openload.co/f/jV6YTwronDo/RSO21WBFUSS70WBh6VRE.part18.rar https://openload.co/f/pSWol60x8m8/RSO21WBFUSS70WBh6VRE.part19.rar https://openload.co/f/xf_5PmRVU8U/RSO21WBFUSS70WBh6VRE.part20.rar https://openload.co/f/EsZGuYDRh3M/RSO21WBFUSS70WBh6VRE.part21.rar https://openload.co/f/koamqMs3Ttk/RSO21WBFUSS70WBh6VRE.part22.rar https://openload.co/f/6_VJTvuhEYc/RSO21WBFUSS70WBh6VRE.part23.rar https://openload.co/f/q28m1li_01U/RSO21WBFUSS70WBh6VRE.part24.rar https://openload.co/f/kbeDMxapA0w/RSO21WBFUSS70WBh6VRE.part25.rar https://openload.co/f/6WWuVh8SmTU/RSO21WBFUSS70WBh6VRE.part26.rar https://openload.co/f/ig3t6uSgHCw/RSO21WBFUSS70WBh6VRE.part27.rar https://openload.co/f/0GXH5iKenxA/RSO21WBFUSS70WBh6VRE.part28.rar https://openload.co/f/T6QQHzDDoKA/RSO21WBFUSS70WBh6VRE.part29.rar https://openload.co/f/m33o2rRrIwI/RSO21WBFUSS70WBh6VRE.part30.rar https://openload.co/f/yuGlpyyBFtc/RSO21WBFUSS70WBh6VRE.part31.rar https://openload.co/f/4Grskg7AbS8/RSO21WBFUSS70WBh6VRE.part32.rar https://openload.co/f/g1mLF0Z1xT0/RSO21WBFUSS70WBh6VRE.part33.rar https://openload.co/f/ByYj1JhzvUY/RSO21WBFUSS70WBh6VRE.part34.rar https://openload.co/f/xkdUJEjhqf4/RSO21WBFUSS70WBh6VRE.part35.rar https://openload.co/f/khlqoOXT_QU/RSO21WBFUSS70WBh6VRE.part36.rar https://openload.co/f/VpZxE9bqP30/RSO21WBFUSS70WBh6VRE.part37.rar https://openload.co/f/jVGsbG98Dz8/RSO21WBFUSS70WBh6VRE.part38.rar https://openload.co/f/UkM_-TdaAZE/RSO21WBFUSS70WBh6VRE.part39.rar https://openload.co/f/DSevskUiV5E/RSO21WBFUSS70WBh6VRE.part40.rar https://openload.co/f/0jh_peQHutQ/RSO21WBFUSS70WBh6VRE.part41.rar .
</post>
<signature>

</signature>
<external_links>

</external_links>
<country>SX</country>
<main_image></main_image>
</document>
