<?xml version="1.0" encoding="UTF-8"?>
<document>
<type>mainstream</type>
<forum>http://www.sermonaudio.com/rss_source.rss</forum>
<forum_title>SermonAudio.com</forum_title>
<discussion_title>The Body, the Tabernacle, and the Gospel</discussion_title>
<language>english</language>
<gmt_offset></gmt_offset>
<topic_url>http://www.sermonaudio.com/sermoninfo.asp?m=t&amp;s=821161538154</topic_url>
<topic_text>
The Body, the Tabernacle, and the Gospel The Gospel.in the Body Video Uploaded: 8/21/2016 4:47:57 PM Status: Processing video.. Please wait.. Video is not yet available. If you enjoyed this sermon, there are lots of ways to share it! [ EMBED sermon in WEBSITE or BLOG: After making your selection, copy and paste the embed code above. The code changes based on your selection | PREVIEW Video Only. Make the embed footprint tiny. Minimal. Take up less real estate. Newest Sermons. Show newest sermon of type: TV Broadcast. By Speaker. Show newest sermon by: Mike Hoggard. SSL URL. Use this if embedding on a secure site. Favorites-To-Go! tag this sermon. listen on-the-go. Featuring a sermon puts it on the front page of the site and is the most effective way to bring this sermon to the attention of thousands including all mobile platforms + newsletter. Mike Hoggard Bethel Church Play! | MP4 | RSS Text-Featuring a sermon is a less expensive way to bring this sermon to the attention of thousands on the right bar with optional newsletter inclusion. As low as $30/day. Mike Hoggard Video! Play! | MP3 
PowerClips is an exclusive feature which enables you to convert a selected clip from one of your sermons into an animated video creatively styled with strong, visual elements in bold typography. (Click left for an example). If you were blessed by this message, please email the broadcaster | add a comment ... ( no comments yet posted on this sermon | be the first! ) More user comments by this speaker | this broadcaster  The Babel Conspiracy  10/9/2011 | 5 posts Mike Hoggard Michael W. Hoggard isÂ the author of âThe King James Codeâ and serves as senior pastor of Bethel Church located in Festus, Missouri. He is the founder and director of Prophetic Research Ministries. He has spent many years researching the Scriptures and has discovered several biblical... Listen to more sermons by this speaker | more 
</topic_text>
<spam_score>0.00</spam_score>
<post_num>1</post_num>
<post_id>post-1</post_id>
<post_url>http://www.sermonaudio.com/sermoninfo.asp?m=t&amp;s=821161538154</post_url>
<post_date>20160821</post_date>
<post_time>2147</post_time>
<username>Mike Hoggard</username>
<post>
The Body, the Tabernacle, and the Gospel The Gospel.in the Body Video Uploaded: 8/21/2016 4:47:57 PM Status: Processing video.. Please wait.. Video is not yet available. If you enjoyed this sermon, there are lots of ways to share it! [ EMBED sermon in WEBSITE or BLOG: After making your selection, copy and paste the embed code above. The code changes based on your selection | PREVIEW Video Only. Make the embed footprint tiny. Minimal. Take up less real estate. Newest Sermons. Show newest sermon of type: TV Broadcast. By Speaker. Show newest sermon by: Mike Hoggard. SSL URL. Use this if embedding on a secure site. Favorites-To-Go! tag this sermon. listen on-the-go. Featuring a sermon puts it on the front page of the site and is the most effective way to bring this sermon to the attention of thousands including all mobile platforms + newsletter. Mike Hoggard Bethel Church Play! | MP4 | RSS Text-Featuring a sermon is a less expensive way to bring this sermon to the attention of thousands on the right bar with optional newsletter inclusion. As low as $30/day. Mike Hoggard Video! Play! | MP3 
PowerClips is an exclusive feature which enables you to convert a selected clip from one of your sermons into an animated video creatively styled with strong, visual elements in bold typography. (Click left for an example). If you were blessed by this message, please email the broadcaster | add a comment ... ( no comments yet posted on this sermon | be the first! ) More user comments by this speaker | this broadcaster  The Babel Conspiracy  10/9/2011 | 5 posts Mike Hoggard Michael W. Hoggard isÂ the author of âThe King James Codeâ and serves as senior pastor of Bethel Church located in Festus, Missouri. He is the founder and director of Prophetic Research Ministries. He has spent many years researching the Scriptures and has discovered several biblical... Listen to more sermons by this speaker | more 
</post>
<signature>

</signature>
<external_links>

</external_links>
<country>US</country>
<main_image>https://media.sermonaudio.com/sermons115/821161538154.jpg</main_image>
</document>
