<?xml version="1.0" encoding="UTF-8"?>
<document>
<type>mainstream</type>
<forum>http://www.baltimoresun.com/news/obituaries/rss2.0.xml#</forum>
<forum_title>Obituaries - Baltimore Sun</forum_title>
<discussion_title>Joseph Burdis, who oversaw Toyota dealership operations in mid-Atlantic, dies</discussion_title>
<language>english</language>
<gmt_offset></gmt_offset>
<topic_url>http://www.baltimoresun.com/news/obituaries/bs-md-ob-joseph-burdis-20160821-story.html</topic_url>
<topic_text>
Joseph Burdis, who oversaw Toyota dealership operations in mid-Atlantic, dies Joseph Burdis Jr. 
Joseph Burdis Jr. oversaw the expansion of Toyota dealerships throughout the mid-Atlantic area 
Joseph Burdis Jr. oversaw the expansion of Toyota dealerships throughout the mid-Atlantic area (HANDOUT)
</topic_text>
<spam_score>0.00</spam_score>
<post_num>1</post_num>
<post_id>post-1</post_id>
<post_url>http://www.baltimoresun.com/news/obituaries/bs-md-ob-joseph-burdis-20160821-story.html</post_url>
<post_date>20160821</post_date>
<post_time>2037</post_time>
<username>Carrie Wells</username>
<post>
Joseph Burdis, who oversaw Toyota dealership operations in mid-Atlantic, dies Joseph Burdis Jr. 
Joseph Burdis Jr. oversaw the expansion of Toyota dealerships throughout the mid-Atlantic area 
Joseph Burdis Jr. oversaw the expansion of Toyota dealerships throughout the mid-Atlantic area (HANDOUT)
</post>
<signature>

</signature>
<external_links>

</external_links>
<country>US</country>
<main_image>http://www.trbimg.com/img-57ba144f/turbine/bs-md-ob-joseph-burdis-20160821</main_image>
</document>
