<?xml version="1.0" encoding="UTF-8"?>
<document>
<type>mainstream</type>
<forum>http://www.nbc29.com/category/85724/local-sports?clienttype=rss</forum>
<forum_title>NBC 29 News - Local Sports</forum_title>
<discussion_title>US romps to men&apos;s basketball gold, beats Serbia 96-66</discussion_title>
<language>english</language>
<gmt_offset></gmt_offset>
<topic_url>http://www.nbc29.com/story/32807627/us-romps-to-mens-basketball-gold-beats-serbia-96-66</topic_url>
<topic_text>
US romps to men&apos;s basketball gold, beats Serbia 96-66 - NBC29 WVIR Charlottesville, VA News, Sports and Weather Member Center: US romps to men&apos;s basketball gold, beats Serbia 96-66 Posted: Updated: (AP Photo/Matt York). United States&apos; Kevin Durant (5) celebrates with teammates United States&apos; Draymond Green (14) and others after a steal and dunk against Serbia during the men&apos;s gold medal basketball game at the 2016 Summer Olympics in Rio de Janeir... (AP Photo/Eric Gay). United States&apos; Kevin Durant (5) reacts after dunking against Serbia during the men&apos;s gold medal basketball game at the 2016 Summer Olympics in Rio de Janeiro, Brazil, Sunday, Aug. 21, 2016. (AP Photo/Eric Gay). United States&apos; DeAndre Jordan (6) dunks against Serbia during the men&apos;s gold medal basketball game at the 2016 Summer Olympics in Rio de Janeiro, Brazil, Sunday, Aug. 21, 2016. (AP Photo/Charlie Neibergall). United States&apos; DeAndre Jordan (6) dunks against Serbia during the men&apos;s gold medal basketball game at the 2016 Summer Olympics in Rio de Janeiro, Brazil, Sunday, Aug. 21, 2016. (AP Photo/Matt York). Serbia&apos;s Bogdan Bogdanovic (7) holds onto the ball against the United States during the men&apos;s gold medal basketball game at the 2016 Summer Olympics in Rio de Janeiro, Brazil, Sunday, Aug. 21, 2016.   By BRIAN MAHONEYAP Basketball Writer 
RIO DE JANEIRO (AP) - The U.S. Olympic men&apos;s basketball team won its third straight gold medal and did it easily, beating Serbia 96-66 on Sunday. 
After a few close calls earlier in the tournament, this was no contest. Kevin Durant scored 30 points and helped the Americans jump out to a huge lead by halftime. 
It was the final game with the national team for Mike Krzyzewski, who took the Americans back to the top and leaves with them there after becoming the first coach to win three Olympic gold medals. 
Carmelo Anthony also picked up his third gold to go with a bronze, becoming the most decorated male in Olympic basketball history. 
Serbia lost only 94-91 to the U.S. during pool play but was barely in the game again after a close first quarter. Copyright 2016 The Associated Press. All rights reserved. This material may not be published, broadcast, rewritten or redistributed. All content © Copyright 2000 - 2016 Frankly and WVIR. All Rights Reserved. For more information on this site, please read our Privacy Policy , and Terms of Service , and Ad Choices .
</topic_text>
<spam_score>0.00</spam_score>
<post_num>1</post_num>
<post_id>post-1</post_id>
<post_url>http://www.nbc29.com/story/32807627/us-romps-to-mens-basketball-gold-beats-serbia-96-66</post_url>
<post_date>20160821</post_date>
<post_time>2046</post_time>
<username></username>
<post>
US romps to men&apos;s basketball gold, beats Serbia 96-66 - NBC29 WVIR Charlottesville, VA News, Sports and Weather Member Center: US romps to men&apos;s basketball gold, beats Serbia 96-66 Posted: Updated: (AP Photo/Matt York). United States&apos; Kevin Durant (5) celebrates with teammates United States&apos; Draymond Green (14) and others after a steal and dunk against Serbia during the men&apos;s gold medal basketball game at the 2016 Summer Olympics in Rio de Janeir... (AP Photo/Eric Gay). United States&apos; Kevin Durant (5) reacts after dunking against Serbia during the men&apos;s gold medal basketball game at the 2016 Summer Olympics in Rio de Janeiro, Brazil, Sunday, Aug. 21, 2016. (AP Photo/Eric Gay). United States&apos; DeAndre Jordan (6) dunks against Serbia during the men&apos;s gold medal basketball game at the 2016 Summer Olympics in Rio de Janeiro, Brazil, Sunday, Aug. 21, 2016. (AP Photo/Charlie Neibergall). United States&apos; DeAndre Jordan (6) dunks against Serbia during the men&apos;s gold medal basketball game at the 2016 Summer Olympics in Rio de Janeiro, Brazil, Sunday, Aug. 21, 2016. (AP Photo/Matt York). Serbia&apos;s Bogdan Bogdanovic (7) holds onto the ball against the United States during the men&apos;s gold medal basketball game at the 2016 Summer Olympics in Rio de Janeiro, Brazil, Sunday, Aug. 21, 2016.   By BRIAN MAHONEYAP Basketball Writer 
RIO DE JANEIRO (AP) - The U.S. Olympic men&apos;s basketball team won its third straight gold medal and did it easily, beating Serbia 96-66 on Sunday. 
After a few close calls earlier in the tournament, this was no contest. Kevin Durant scored 30 points and helped the Americans jump out to a huge lead by halftime. 
It was the final game with the national team for Mike Krzyzewski, who took the Americans back to the top and leaves with them there after becoming the first coach to win three Olympic gold medals. 
Carmelo Anthony also picked up his third gold to go with a bronze, becoming the most decorated male in Olympic basketball history. 
Serbia lost only 94-91 to the U.S. during pool play but was barely in the game again after a close first quarter. Copyright 2016 The Associated Press. All rights reserved. This material may not be published, broadcast, rewritten or redistributed. All content © Copyright 2000 - 2016 Frankly and WVIR. All Rights Reserved. For more information on this site, please read our Privacy Policy , and Terms of Service , and Ad Choices .
</post>
<signature>

</signature>
<external_links>

</external_links>
<country>US</country>
<main_image>http://images.worldnow.com/AP/images/11455890_G.jpg</main_image>
</document>
