<?xml version="1.0" encoding="UTF-8"?>
<document>
<type>mainstream</type>
<forum>http://k.img.com.ua/rss/ru/sport.xml</forum>
<forum_title>Последние новости по разделу Новости спорта на сайте korrespondent.net</forum_title>
<discussion_title>Серия А. Интер проигрывает, Наполи спасается</discussion_title>
<language>russian</language>
<gmt_offset></gmt_offset>
<topic_url>http://korrespondent.net/sport/football/3734842-seryia-a-ynter-proyhryvaet-napoly-spasaetsia</topic_url>
<topic_text>
Серия А. Интер проигрывает, Наполи спасается iSport.ua, Сегодня, 23:55 Состоялась большая часть матчей первого тура чемпионата Италии. 
Болонья – Кротоне 1:0 
Гол: Дестро, 86 
Болонья: Миранте, Гастальделло, Масина, Крафт, Майетта (Иконому, 55), Надь (Джемаили, 79), Пульгар, Верди (Риццо, 56), Таидер, Крейчи, Дестро. 
Кротоне: Кордац, Чеккерини, дос Сантос, Феррари, Мартелла (Фацци, 84), Сальцано, Роден, Сампиризи, Палладино, Стоян (Де Джорджо, 81), Сими. 
Кьево – Интер 2:0 
Голы: Бирса, 49, Бирса, 81 
Кьево: Соррентино, Дайнелли, Гобби, Каччаторе, Цесар, Бирса (Париджини, 86), Радованович, Хетемай, Кастро (Ригони, 62), Меджорини (Пеллиссье, 77), Инглезе. 
Интер: Ханданович, Миранда, Нагатомо, Д`Амброзио, Раноккия, Кандрева (Перишич, 60), Кондогбиа, Медель, Банега (Брозович, 70), Эдер (Паласио, 75), Икарди. 
Эмполи – Сампдория 0:1 
Гол: Муриэль, 37 
Эмполи: Пелаготти, Чосич, Паскуаль, Лорини, Коста, Тельо (Крунич, 46), Майелло (Кроче, 60), Сапонара, Бюхель (Джилардино, 81), Маккароне, Пуччарелли. 
Сампдория: Вивиано, Реджини, Сильвестре, Павлович, Торрейра, Сала, Баррето (Эрамо, 86), Линетти, Альварес (Шик, 61), Муриэль (Будимир, 75), Куальярелла. 
Удаление: Маккароне, 84 
Дженоа – Кальяри 3:1 
Голы: Боррьелло, 66, Лаксальт, 79, Ригони, 88 – Нтчам, 78 
Дженоа: Ламанна, Иццо, Бурдиссо, Хентилетти, Ринкон, Лазович (Фьямоцци, 90), Велозу, Лаксальт, Окампос (Ригони, 83), Пандев (Нтчам, 62), Паволетти. 
Кальяри: Сторари, Алвеш, Капуано (Паяч, 82), Мурру, Чеппителли, Падоин, Исла, Ионицэ, Ди Дженнаро (Мунари, 69), Боррьелло, Сау (Джаннетти, 73). 
Пескара – Наполи 2:2 
Голы: Бенали, 8, Капрари, 35 – Мертенс, 60, 63 
Пескара: Бисарри, Дьомбер, Кода (Жупарич, 71), Бираги, Дзампано, Бругман (Крешенци, 86), Мемушай (Манай, 64), Верре, Кристанте, Бенали, Капрари. 
Наполи: Рейна, Альбиоль, Гулям, Хюсай, Кулибали, Габбьядини (Милик, 53), Аллан, Кальехон, Гамшик (Зелиньски, 71), Инсинье (Мертенс, 53), Вальдифьори. 
Палермо – Сассуоло 0:1 
Гол: Берарди, 31 (пен) 
Палермо : Посавец, Витиелло (Эмбало, 81), Райкович, Алеэсами, Чонек, Квайсон, Хильемарк, Бентивенья (Шаллаи, 69), Гацци, Рисполи, Балог (Несторовски, 56). 
Сассуоло : Консильи, Антей, Пелузо, Гаццола, Ачерби, Сенси, Маньянелли, Берарди, Маццителли (Бьондини, 72), Политано (Аджапонг, 85), Дефрель (Фальчинелли, 75). 
Удаление : Райкович, 90
</topic_text>
<spam_score>0.00</spam_score>
<post_num>1</post_num>
<post_id>post-1</post_id>
<post_url>http://korrespondent.net/sport/football/3734842-seryia-a-ynter-proyhryvaet-napoly-spasaetsia</post_url>
<post_date>20160821</post_date>
<post_time>2055</post_time>
<username>1524</username>
<post>
Серия А. Интер проигрывает, Наполи спасается iSport.ua, Сегодня, 23:55 Состоялась большая часть матчей первого тура чемпионата Италии. 
Болонья – Кротоне 1:0 
Гол: Дестро, 86 
Болонья: Миранте, Гастальделло, Масина, Крафт, Майетта (Иконому, 55), Надь (Джемаили, 79), Пульгар, Верди (Риццо, 56), Таидер, Крейчи, Дестро. 
Кротоне: Кордац, Чеккерини, дос Сантос, Феррари, Мартелла (Фацци, 84), Сальцано, Роден, Сампиризи, Палладино, Стоян (Де Джорджо, 81), Сими. 
Кьево – Интер 2:0 
Голы: Бирса, 49, Бирса, 81 
Кьево: Соррентино, Дайнелли, Гобби, Каччаторе, Цесар, Бирса (Париджини, 86), Радованович, Хетемай, Кастро (Ригони, 62), Меджорини (Пеллиссье, 77), Инглезе. 
Интер: Ханданович, Миранда, Нагатомо, Д`Амброзио, Раноккия, Кандрева (Перишич, 60), Кондогбиа, Медель, Банега (Брозович, 70), Эдер (Паласио, 75), Икарди. 
Эмполи – Сампдория 0:1 
Гол: Муриэль, 37 
Эмполи: Пелаготти, Чосич, Паскуаль, Лорини, Коста, Тельо (Крунич, 46), Майелло (Кроче, 60), Сапонара, Бюхель (Джилардино, 81), Маккароне, Пуччарелли. 
Сампдория: Вивиано, Реджини, Сильвестре, Павлович, Торрейра, Сала, Баррето (Эрамо, 86), Линетти, Альварес (Шик, 61), Муриэль (Будимир, 75), Куальярелла. 
Удаление: Маккароне, 84 
Дженоа – Кальяри 3:1 
Голы: Боррьелло, 66, Лаксальт, 79, Ригони, 88 – Нтчам, 78 
Дженоа: Ламанна, Иццо, Бурдиссо, Хентилетти, Ринкон, Лазович (Фьямоцци, 90), Велозу, Лаксальт, Окампос (Ригони, 83), Пандев (Нтчам, 62), Паволетти. 
Кальяри: Сторари, Алвеш, Капуано (Паяч, 82), Мурру, Чеппителли, Падоин, Исла, Ионицэ, Ди Дженнаро (Мунари, 69), Боррьелло, Сау (Джаннетти, 73). 
Пескара – Наполи 2:2 
Голы: Бенали, 8, Капрари, 35 – Мертенс, 60, 63 
Пескара: Бисарри, Дьомбер, Кода (Жупарич, 71), Бираги, Дзампано, Бругман (Крешенци, 86), Мемушай (Манай, 64), Верре, Кристанте, Бенали, Капрари. 
Наполи: Рейна, Альбиоль, Гулям, Хюсай, Кулибали, Габбьядини (Милик, 53), Аллан, Кальехон, Гамшик (Зелиньски, 71), Инсинье (Мертенс, 53), Вальдифьори. 
Палермо – Сассуоло 0:1 
Гол: Берарди, 31 (пен) 
Палермо : Посавец, Витиелло (Эмбало, 81), Райкович, Алеэсами, Чонек, Квайсон, Хильемарк, Бентивенья (Шаллаи, 69), Гацци, Рисполи, Балог (Несторовски, 56). 
Сассуоло : Консильи, Антей, Пелузо, Гаццола, Ачерби, Сенси, Маньянелли, Берарди, Маццителли (Бьондини, 72), Политано (Аджапонг, 85), Дефрель (Фальчинелли, 75). 
Удаление : Райкович, 90
</post>
<signature>

</signature>
<external_links>

</external_links>
<country>UA</country>
<main_image>http://kor.ill.in.ua/m/190x120/1867994.jpg</main_image>
</document>
