<?xml version="1.0" encoding="UTF-8"?>
<document>
<type>mainstream</type>
<forum>http://ewallstreeter.com/rss.php?c=15</forum>
<forum_title>eWallstreeter</forum_title>
<discussion_title>Giants snap count notes on Jerell Adams, Justin Currie, Orleans Darkwa</discussion_title>
<language>english</language>
<gmt_offset></gmt_offset>
<topic_url>http://ewallstreeter.com/giants-snap-count-notes-on-jerell-adams-justin-currie-orleans-darkwa-6456/</topic_url>
<topic_text>
Giants snap count notes on Jerell Adams, Justin Currie, Orleans Darkwa From NFL newsAugust 21, 2016 - 12:12pm ORCHARD PARK, N.Y. — Orleans Darkwa&apos;s tough odds to make the Giants&apos; 53-man roster in a few weeks appear to be getting even longer. Share this article »
</topic_text>
<spam_score>0.00</spam_score>
<post_num>1</post_num>
<post_id>post-1</post_id>
<post_url>http://ewallstreeter.com/giants-snap-count-notes-on-jerell-adams-justin-currie-orleans-darkwa-6456/</post_url>
<post_date>20160821</post_date>
<post_time>1612</post_time>
<username></username>
<post>
Giants snap count notes on Jerell Adams, Justin Currie, Orleans Darkwa From NFL newsAugust 21, 2016 - 12:12pm ORCHARD PARK, N.Y. — Orleans Darkwa&apos;s tough odds to make the Giants&apos; 53-man roster in a few weeks appear to be getting even longer. Share this article »
</post>
<signature>

</signature>
<external_links>

</external_links>
<country>US</country>
<main_image></main_image>
</document>
