<?xml version="1.0" encoding="UTF-8"?>
<document>
<type>mainstream</type>
<forum>http://economictimes.indiatimes.com/News/rssfeeds/1715249553.cms</forum>
<forum_title>News-The Economic Times</forum_title>
<discussion_title>Government plans to link Aadhaar with five big schemes focussed on children</discussion_title>
<language>english</language>
<gmt_offset></gmt_offset>
<topic_url>http://economictimes.indiatimes.com/news/economy/policy/government-plans-to-link-aadhaar-with-five-big-schemes-focussed-on-children/articleshow/53801621.cms</topic_url>
<topic_text>
NEW DELHI: children receiving midday meals, primary healthcare or elementary education under government schemes will undergo Aadhaar enrolment as the Narendra Modi government is making a pitch for the first time to make Aadhaar relevant for children. 

The Prime Minister&apos;s Office (PMO) has asked for five big schemes focussed on crores of children to be linked with Aadhaar enrolment of children, two officials familiar with the matter have told ET. 

These schemes are Mid-Day Meal Scheme, Sarv Shiksha Abhiyan , Rashtriya Madhyanmik Shiksha Abhiyan , Integrated Child Development Services and Integrated Child Protection Scheme. Children receiving benefits under these schemes, but without an Aadhaar, will now be enrolled for it. 

So far, Aadhaar usage has been focussed on adults - 98% of country&apos;s adults have an Aadhaar. But only 23% of children below five years of age and 65% of children aged between 5-18 have Aadhaar as parents saw little use of enrolling kids for it. Out of the 23.42 crore people without an Aadhaar till date, 21.71 crore are children. Over 11 crore children get mid-day meals at schools . 

&quot;The benefit will not be denied to any child if he does not have an Aadhaar...we will enroll the child for Aadhaar if he/she is without one,&quot; a senior official said. The Women And Child Development and Human Resource Development ministries and Unique Identification Authority of India have been asked by PMO to advise states that grants given to schools or anganwadis should be based on Aadhaar-based enrolment and children are to be enrolled for Aadhaar. This will avoid any inconvenience at the stage when the Aadhaar Act is fully notified, another official added.  
</topic_text>
<spam_score>0.00</spam_score>
<post_num>2</post_num>
<post_id>post-2</post_id>
<post_url>http://economictimes.indiatimes.com/news/economy/policy/government-plans-to-link-aadhaar-with-five-big-schemes-focussed-on-children/articleshow/53801621.cms</post_url>
<post_date>20160822</post_date>
<post_time>0135</post_time>
<username>Vikasz</username>
<post>
Numerology(NUMBERS) can change ur life numerology is modern worlds astrology which is used for successfull carrier and happier life Every planet is designated with a number, you cannot understand planets but you can uderstand numbers and use them. NAME IS EVERYTHING. cricketers sports person even celebrities changed their name spelling like suniel shetty, preity zinta, emraan hashmi ajay devgn etc and have been very very successfull, soo many tv serial names(kasautii zindagi kay, kkusum etc) and movie names(k&apos;&apos;r&apos;&apos;rish , hey&apos;&apos;y&apos;&apos; baby&apos;&apos;y&apos;&apos;) etc are altered numerologically and have been hit. U CAN ALSO MAKE UR NAME LUCKY. Keep a lucky name for ur child according to date of birth which will assure gud health and a bright future. Any business field people can get a lucky name and vastu tips for successfull business. Marriage being late, long term illness, unable to conceive, divorce , bf/gf ,carrier, business etc.any problem. whatsapp now 09506090702
</post>
<signature>

</signature>
<external_links>

</external_links>
<country>IN</country>
<main_image>http://economictimes.indiatimes.com/thumb/msid-53801644,width-600,resizemode-4,imglength-109173/news/economy/policy/government-plans-to-link-aadhaar-with-five-big-schemes-focussed-on-children.jpg</main_image>
</document>
