<?xml version="1.0" encoding="UTF-8"?>
<document>
<type>mainstream</type>
<forum>http://www.libex.ru/tools/rss20.rss</forum>
<forum_title>LibeX: Новые поступления</forum_title>
<discussion_title>Первая помощь. Дома, на отдыхе, в экстренных случаях</discussion_title>
<language>russian</language>
<gmt_offset></gmt_offset>
<topic_url>http://www.libex.ru/detail/book823250.html</topic_url>
<topic_text>
Аннотация 
Аннотация к книге &quot;Первая помощь. Дома, на отдыхе, в экстренных случаях&quot; В экстренных случаях от первой помощи зависит жизнь человека. Прибывшие врачи, конечно, сделают все возможное, чтобы спасти пострадавшего, но сразу же после происшествия очень многое зависит от тех, кто оказался рядом. Эта книга - справочник по оказанию первой помощи. В ней описаны различные критические ситуации и несчастные случаи. Книга позволяет быстро найти необходимые сведения о том, как действовать в конкретном случае. Такая энциклопедия должна быть в каждом доме, ее всегда следует держать под рукой, ведь несчастные случаи и критические ситуации всегда оказываются неожиданными. Перевод с английского Ульяны Сапциной Издание снабжено цветными иллюстрациями и фотографиями. Мелованная бумага. Отпечатано в Словении. Содержание: ПОЧЕМУ ТАК ВАЖНА ПЕРВАЯ ПОМОЩЬ ОСНОВНЫЕ ПРАВИЛА ПЕРВОЙ ПОМОЩИ
</topic_text>
<spam_score>0.00</spam_score>
<post_num>1</post_num>
<post_id>post-1</post_id>
<post_url>http://www.libex.ru/detail/book823250.html</post_url>
<post_date>20160821</post_date>
<post_time>2029</post_time>
<username></username>
<post>
Аннотация 
Аннотация к книге &quot;Первая помощь. Дома, на отдыхе, в экстренных случаях&quot; В экстренных случаях от первой помощи зависит жизнь человека. Прибывшие врачи, конечно, сделают все возможное, чтобы спасти пострадавшего, но сразу же после происшествия очень многое зависит от тех, кто оказался рядом. Эта книга - справочник по оказанию первой помощи. В ней описаны различные критические ситуации и несчастные случаи. Книга позволяет быстро найти необходимые сведения о том, как действовать в конкретном случае. Такая энциклопедия должна быть в каждом доме, ее всегда следует держать под рукой, ведь несчастные случаи и критические ситуации всегда оказываются неожиданными. Перевод с английского Ульяны Сапциной Издание снабжено цветными иллюстрациями и фотографиями. Мелованная бумага. Отпечатано в Словении. Содержание: ПОЧЕМУ ТАК ВАЖНА ПЕРВАЯ ПОМОЩЬ ОСНОВНЫЕ ПРАВИЛА ПЕРВОЙ ПОМОЩИ
</post>
<signature>

</signature>
<external_links>

</external_links>
<country>RU</country>
<main_image></main_image>
</document>
