<?xml version="1.0" encoding="UTF-8"?>
<document>
<type>mainstream</type>
<forum>http://www.sankeibiz.jp/rss/news/asset.xml</forum>
<forum_title>市況ニュース - SankeiBiz（サンケイビズ）：総合経済情報サイト</forum_title>
<discussion_title>【マーケット トレンド】長期金利 引き続きマイナス圏で推移</discussion_title>
<language>japanese</language>
<gmt_offset></gmt_offset>
<topic_url>http://www.sankeibiz.jp/macro/news/160822/eca1608220500001-n1.htm</topic_url>
<topic_text>
債券市場は、長期金利の指標となる新発１０年国債利回りが引き続きマイナス圏で推移しそうだ。前週は小動きにとどまった。米国で年内の利上げ観測が再燃した影響で、日本の長期金利もマイナス幅を縮小する場面があったが、一方的な動きにはならなかった。今週も積極的な売買は控えられそうだ。日銀が９月に行う金融政策の総括的検証をめぐり、思惑が交錯しており、様子見ムードが続くとみられる。需給面では２０年債入札が注目材料となる。 トレンドBiz PR
</topic_text>
<spam_score>0.00</spam_score>
<post_num>1</post_num>
<post_id>post-1</post_id>
<post_url>http://www.sankeibiz.jp/macro/news/160822/eca1608220500001-n1.htm</post_url>
<post_date>20160821</post_date>
<post_time>2000</post_time>
<username></username>
<post>
債券市場は、長期金利の指標となる新発１０年国債利回りが引き続きマイナス圏で推移しそうだ。前週は小動きにとどまった。米国で年内の利上げ観測が再燃した影響で、日本の長期金利もマイナス幅を縮小する場面があったが、一方的な動きにはならなかった。今週も積極的な売買は控えられそうだ。日銀が９月に行う金融政策の総括的検証をめぐり、思惑が交錯しており、様子見ムードが続くとみられる。需給面では２０年債入札が注目材料となる。 トレンドBiz PR
</post>
<signature>

</signature>
<external_links>

</external_links>
<country>JP</country>
<main_image>http://www.sankeibiz.jp/images/sns/sankeibiz.jpg</main_image>
</document>
