<?xml version="1.0" encoding="UTF-8"?>
<document>
<type>mainstream</type>
<forum></forum>
<forum_title></forum_title>
<discussion_title>¿Escáner 3D para detectar basura? | Panamá Punto Com</discussion_title>
<language>spanish</language>
<gmt_offset></gmt_offset>
<topic_url>http://panamapuntocom.com/escaner-3d-para-detectar-basura/</topic_url>
<topic_text>
18 July 2016 14:45  Facebook 0  Twitter 0 0 1 0 
No basta con la educación, con llenar de papeleras el recinto o con el recuerdo de la propia molestia que nos causa pisar un bote, un papel o cualquier residuo al andar por la playa. Tanto en las dunas como en las olas seguimos viendo bolsas de plástico y demás residuos que, además de ensuciar, en ocasiones son realmente peligrosos como vidrios, plásticos duros o metales. Es grave hasta tal punto que se plantean métodos de limpieza gracias a los avances en campos como la óptica, como el caso de un escáner 3D por láser. 
De la propuesta sabemos por The Atlantic, que recoge la experiencia de Zhijun Dai y sus colegas de la East China Normal University (Shangai) probando a detectar los residuos con la tecnología LIDAR (Light Detection and Ranging o Laser Imaging Detection and Ranging), una tecnología que permite determinar distancias entre la fuente y el objeto y que suele usarse en topografía, óptica adaptativa y geología entre otros campos. Si no puedes con el enemigo, usa la tecnología 
El fundamento de la tecnología LIDAR es determinar la distancia que hay desde la fuente al objeto o superficie en cuestión midiendo el tiempo de retraso entre la emisión del pulso del haz y su detección tras el reflejo. Al menos en el caso del equipo que utilizó Dai, con un láser de pulsos y no de medición de fase. 
Es posible saber más allá de lo que se ve a simple vista o removiendo la arena de manera superficial qué residuos hay, pudiendo distinguir de qué se trata 
¿Cómo ayuda todo esto a librarnos de la molesta basura costera? Los pulsos de láser hacen que pueda crearse una imagen tridimentsional de los objetos que escanea. De este modo es posible saber más allá de lo que se ve a simple vista o removiendo la arena de manera superficial qué residuos hay, pudiendo distinguir de qué se trata. 
El poder diferenciar un objeto de otro depende tanto de la forma como del hecho de que el haz de luz se refleja de una manera u otra según el material. En casos como los vidrios es difícil identificarlos porque químicamente la arena y éste son bastante similares, aunque pese a estas dificultades el escaneo obtuvo una eficacia del 75%. ¿Llega a ser práctico? 
Con el escáner lograron detectar los residuos en 20 minutos, de manera “manual” tardaron tres horas 
De momento es sólo un experimento y habría que idear un sistema complementario que recogiese el objeto en cuestión tras el reconocimiento del escáner (lo ideal sería un equivalente mecánico de nuestro brazo con el típico pincho o unos guantes). El ahorro de tiempo según la experiencia sí parece notorio, dado que Dai y los suyos tardaban unos 20 minutos en mapear la playa y los residuos, un tiempo muy inferior a las tres horas que costaba recorrer la playa detectando los objetos de manera tradicional. 
Eso sí, nadie nace sabiendo y el escáner de playa tampoco. El algoritmo que usan exige cierto entrenamiento para que pueda llegar a reconocer y clasificar los objetos, si bien esto no requiere tampoco una inversión de tiempo excesiva. Explican en The Atlantic que en unos 20 minutos lograron los datos suficientes para crear el modelo 3D detallado de los objetos. 
De momento sólo se trata de un ensayo y aunque según Dai faltaría mejorar la calibración, pero confía en que algún día pueda haber una especie de robot que escanee playas y ser de utilidad para entender el movimiento y el impacto de los residuos en las costas. Lo ideal sería que con nuestra conducta no diésemos un sustrato de trabajo a un invento así, pero mientras sigamos olvidando las papeleras cualquier idea que sirva para reducirla es bienvenida. 
FUENTE&gt; http://www.ecoportal.net/Ecovida/Escaner-3D-para-detectar-basura  Facebook 0  Twitter 0 0 1 0 Interesante ¿Por qué se retrasa la regla si no estás embarazada? 0 
Aunque sabemos que no estamos embarazadas, el que se nos retrase la reglanos pone nerviosas y preocupa a todas las mujeres. Estudios de Mayo Clinic revelan que cada vez es más [...] 
</topic_text>
<spam_score>0.04</spam_score>
<post_num>1</post_num>
<post_id>post-1</post_id>
<post_url>http://panamapuntocom.com/escaner-3d-para-detectar-basura/</post_url>
<post_date>20160718</post_date>
<post_time></post_time>
<username></username>
<post>
18 July 2016 14:45  Facebook 0  Twitter 0 0 1 0 
No basta con la educación, con llenar de papeleras el recinto o con el recuerdo de la propia molestia que nos causa pisar un bote, un papel o cualquier residuo al andar por la playa. Tanto en las dunas como en las olas seguimos viendo bolsas de plástico y demás residuos que, además de ensuciar, en ocasiones son realmente peligrosos como vidrios, plásticos duros o metales. Es grave hasta tal punto que se plantean métodos de limpieza gracias a los avances en campos como la óptica, como el caso de un escáner 3D por láser. 
De la propuesta sabemos por The Atlantic, que recoge la experiencia de Zhijun Dai y sus colegas de la East China Normal University (Shangai) probando a detectar los residuos con la tecnología LIDAR (Light Detection and Ranging o Laser Imaging Detection and Ranging), una tecnología que permite determinar distancias entre la fuente y el objeto y que suele usarse en topografía, óptica adaptativa y geología entre otros campos. Si no puedes con el enemigo, usa la tecnología 
El fundamento de la tecnología LIDAR es determinar la distancia que hay desde la fuente al objeto o superficie en cuestión midiendo el tiempo de retraso entre la emisión del pulso del haz y su detección tras el reflejo. Al menos en el caso del equipo que utilizó Dai, con un láser de pulsos y no de medición de fase. 
Es posible saber más allá de lo que se ve a simple vista o removiendo la arena de manera superficial qué residuos hay, pudiendo distinguir de qué se trata 
¿Cómo ayuda todo esto a librarnos de la molesta basura costera? Los pulsos de láser hacen que pueda crearse una imagen tridimentsional de los objetos que escanea. De este modo es posible saber más allá de lo que se ve a simple vista o removiendo la arena de manera superficial qué residuos hay, pudiendo distinguir de qué se trata. 
El poder diferenciar un objeto de otro depende tanto de la forma como del hecho de que el haz de luz se refleja de una manera u otra según el material. En casos como los vidrios es difícil identificarlos porque químicamente la arena y éste son bastante similares, aunque pese a estas dificultades el escaneo obtuvo una eficacia del 75%. ¿Llega a ser práctico? 
Con el escáner lograron detectar los residuos en 20 minutos, de manera “manual” tardaron tres horas 
De momento es sólo un experimento y habría que idear un sistema complementario que recogiese el objeto en cuestión tras el reconocimiento del escáner (lo ideal sería un equivalente mecánico de nuestro brazo con el típico pincho o unos guantes). El ahorro de tiempo según la experiencia sí parece notorio, dado que Dai y los suyos tardaban unos 20 minutos en mapear la playa y los residuos, un tiempo muy inferior a las tres horas que costaba recorrer la playa detectando los objetos de manera tradicional. 
Eso sí, nadie nace sabiendo y el escáner de playa tampoco. El algoritmo que usan exige cierto entrenamiento para que pueda llegar a reconocer y clasificar los objetos, si bien esto no requiere tampoco una inversión de tiempo excesiva. Explican en The Atlantic que en unos 20 minutos lograron los datos suficientes para crear el modelo 3D detallado de los objetos. 
De momento sólo se trata de un ensayo y aunque según Dai faltaría mejorar la calibración, pero confía en que algún día pueda haber una especie de robot que escanee playas y ser de utilidad para entender el movimiento y el impacto de los residuos en las costas. Lo ideal sería que con nuestra conducta no diésemos un sustrato de trabajo a un invento así, pero mientras sigamos olvidando las papeleras cualquier idea que sirva para reducirla es bienvenida. 
FUENTE&gt; http://www.ecoportal.net/Ecovida/Escaner-3D-para-detectar-basura  Facebook 0  Twitter 0 0 1 0 Interesante ¿Por qué se retrasa la regla si no estás embarazada? 0 
Aunque sabemos que no estamos embarazadas, el que se nos retrase la reglanos pone nerviosas y preocupa a todas las mujeres. Estudios de Mayo Clinic revelan que cada vez es más [...] 
</post>
<signature>

</signature>
<external_links>

</external_links>
<country>US</country>
<main_image>http://panamapuntocom.com/wp-content/uploads/2016/07/Escaner-3D-para-detectar-basura_large.jpg</main_image>
</document>
