<?xml version="1.0" encoding="UTF-8"?>
<document>
<type>mainstream</type>
<forum>http://www.theguardian.com/uk/rss</forum>
<forum_title>The Guardian</forum_title>
<discussion_title>Russia still the architect of destruction in Aleppo | Opinion</discussion_title>
<language>english</language>
<gmt_offset></gmt_offset>
<topic_url>https://www.theguardian.com/commentisfree/picture/2016/aug/21/russia-still-the-architect-of-destruction-in-aleppo</topic_url>
<topic_text>
Illustration: Chris Riddell Chris Riddell 
Sunday 21 August 2016 00.05 BST Last modified on Sunday 21 August 2016 01.48 BST 
Share on Facebook Share on Twitter Share via Email Share on Pinterest Share on Google+ Share on WhatsApp Share on Messenger
</topic_text>
<spam_score>0.00</spam_score>
<post_num>5</post_num>
<post_id>post-5</post_id>
<post_url>https://www.theguardian.com/commentisfree/picture/2016/aug/21/russia-still-the-architect-of-destruction-in-aleppo#comment-81593629</post_url>
<post_date>20160821</post_date>
<post_time>1837</post_time>
<username>SHappens</username>
<post>
The Assadists keeps claiming \&quot;Syrian popular support\&quot; but without outside intervention - the regime would collapse in a matter of days.
Back in 2011, the americans said that Assad would be ousted in a matter of days. Despite all the help of Western intervention backing up their Gulf allies and \&quot;moderate\&quot;, as well as very active on the matter in supplying weapons and Turkey granting border passage, Assad is still here thanks to \&quot;Syrian popular support\&quot; and will eventually regain Syria. Only recently Russia came along to help as there was a fatigue from Assad&apos;s army and more virulent help from the West to the jihadists. The scenario has now changed to the desperation of the virtuous West. The terrorists are hurt badly, including Daesh. Today, Sunday morning the Syrian and Russian air forces specifically targeted Jaysh Al-Fateh’s positions at the Hikmah School, Al-Ramouseh Roundabout, Aleppo Artillery Academy, Al-‘Amariyah District, and Al-Qarassi village. Al-Qarassi village was arguably the most prevalent target for the Syrian and Russian air forces, due to the ongoing battle between the Syrian Armed Forces and Jaysh Al-Fateh jihadists.
A workshop used by terrorists for making explosive devices and a car bomb were also destroyed in air strikes that hit ISIS positions in Deir Hafer in the eastern countryside of Aleppo.
Meanwhile, terrorist organizations acknowledged on their social media pages the death of many of their members, including the “field official Jabhat al-Nusra-linked al-Sheikh Ali Battalion” who is nicknamed Abu Fayssal al-Halabi.
Syrian Army also captured SyriaTel Hill in southern Aleppo.
Now read this carefully, from your favorite news source :
Recently, the rebel forces opposing Syrian President Bashar al-Assad made great gains in breaking the regime&apos;s siege of the strategically vital city of Aleppo. 
The problem remains, however, that the unquestionable success that the rebels have made in Aleppo is, to a large extent, partly down to the efforts of Jabhat Fatah al-Sham (formerly the Al-Qaeda-linked Al-Nusra Front -- essentially Al-Qaeda in Syria). The ostensible good guys, the Syrian rebels, who are battling an enemy that has barrel-bombed and butchered them ever since they started out as a peaceful movement merely asking for greater civil rights during the Arab Spring five years ago, are now in debt to jihadists. 
The rest of the article is as nauseating.
</post>
<signature>

</signature>
<external_links>

</external_links>
<country>US</country>
<main_image>https://i.guim.co.uk/img/media/63b904845694b70b01cd9cb1f823b2a88886e06e/66_55_4258_2556/4258.jpg?w=1200&amp;amp;h=630&amp;amp;q=55&amp;amp;auto=format&amp;amp;usm=12&amp;amp;fit=crop&amp;amp;bm=normal&amp;amp;ba=bottom%2Cleft&amp;amp;blend64=aHR0cHM6Ly91cGxvYWRzLmd1aW0uY28udWsvMjAxNi8wNS8yNS9vdmVybGF5LWxvZ28tMTIwMC05MF9vcHQucG5n&amp;amp;s=9252e8eab8cb746d374d9212236e6c59</main_image>
</document>
