<?xml version="1.0" encoding="UTF-8"?>
<document>
<type>mainstream</type>
<forum>http://palsawa.com/news/inter.html</forum>
<forum_title>عربي و دولي</forum_title>
<discussion_title>اليابان تتأهب لمواجهة إعصارين</discussion_title>
<language>arabic</language>
<gmt_offset></gmt_offset>
<topic_url>http://palsawa.com/news/2016/08/21/main/80050.html</topic_url>
<topic_text>
طوكيو/سوا/ تستعد السلطات اليابانية، الأحد، لمواجهة إعصارين يصلان البلاد خلال ساعات، ويتوقع أن يضربا شمالي اليابان ووسطها.
وتوقعت وكالة الأرصاد الجوية اليابانية أن يصاحب الإعصارين رياح عاتية وأمطار غزيرة يمكن أن تسبب انهيارات أرضية، وفق ما أرودت وكالة &quot;فرانس برس&quot;.
وذكرت الوكالة أن الاعصار &quot;كومباسو&quot; يفترض أن يضرب مساء الأحد جزيرة هوكايدو شمالي البلاد، ترافقه رياح سرعتها 126 كيلومترا في الساعة.
وكانت العاصفة تتركز الليلة الماضية فوق المحيط الهادي على بعد نحو 100 كيلومتر جنوب شرقي مدينة كامايشي، وقد بدأت جزيرة هوكايدو تشهد أمطارا غزيرة تؤدي إلى ارتفاع مستوى المياه في الأنهار.
والإعصار الثاني &quot;ميندولي&quot; كان في الوقت نفسه على بعد 170 كلم شمال غربي جزيرة سيشيجيما، وهو متوجه إلى جزيرة هونشو ترافقه رياح تبلغ سرعتها 123 كلم في الساعة.
ويتوقع أن يضرب الاعصار وسط اليابان، لا سيما منطقة طوكيو صباح الاثنين.
</topic_text>
<spam_score>0.20</spam_score>
<post_num>1</post_num>
<post_id>post-1</post_id>
<post_url>http://palsawa.com/news/2016/08/21/main/80050.html</post_url>
<post_date>20160821</post_date>
<post_time>0914</post_time>
<username>palsawa.com</username>
<post>
طوكيو/سوا/ تستعد السلطات اليابانية، الأحد، لمواجهة إعصارين يصلان البلاد خلال ساعات، ويتوقع أن يضربا شمالي اليابان ووسطها.
وتوقعت وكالة الأرصاد الجوية اليابانية أن يصاحب الإعصارين رياح عاتية وأمطار غزيرة يمكن أن تسبب انهيارات أرضية، وفق ما أرودت وكالة &quot;فرانس برس&quot;.
وذكرت الوكالة أن الاعصار &quot;كومباسو&quot; يفترض أن يضرب مساء الأحد جزيرة هوكايدو شمالي البلاد، ترافقه رياح سرعتها 126 كيلومترا في الساعة.
وكانت العاصفة تتركز الليلة الماضية فوق المحيط الهادي على بعد نحو 100 كيلومتر جنوب شرقي مدينة كامايشي، وقد بدأت جزيرة هوكايدو تشهد أمطارا غزيرة تؤدي إلى ارتفاع مستوى المياه في الأنهار.
والإعصار الثاني &quot;ميندولي&quot; كان في الوقت نفسه على بعد 170 كلم شمال غربي جزيرة سيشيجيما، وهو متوجه إلى جزيرة هونشو ترافقه رياح تبلغ سرعتها 123 كلم في الساعة.
ويتوقع أن يضرب الاعصار وسط اليابان، لا سيما منطقة طوكيو صباح الاثنين.
</post>
<signature>

</signature>
<external_links>

</external_links>
<country>PS</country>
<main_image>http://www.palsawa.com/uploads/images/3d02d25f7ff82211d08e808763dd7a77.jpg</main_image>
</document>
