<?xml version="1.0" encoding="UTF-8"?>
<document>
<type>mainstream</type>
<forum>http://www.sermonaudio.com/rss_source.rss</forum>
<forum_title>SermonAudio.com</forum_title>
<discussion_title>Christ&apos;s Love Considered Part 2</discussion_title>
<language>english</language>
<gmt_offset></gmt_offset>
<topic_url>http://www.sermonaudio.com/sermoninfo.asp?m=t&amp;s=821161640332</topic_url>
<topic_text>
Show newest sermon of type: Midweek Service. By Speaker. Show newest sermon by: Danny Carter. By Sermon Series. Show newest sermon in this sermon series. SSL URL. Use this if embedding on a secure site. Favorites-To-Go! tag this sermon. listen on-the-go.
</topic_text>
<spam_score>0.00</spam_score>
<post_num>1</post_num>
<post_id>post-1</post_id>
<post_url>http://www.sermonaudio.com/sermoninfo.asp?m=t&amp;s=821161640332</post_url>
<post_date>20160821</post_date>
<post_time>2145</post_time>
<username>Danny Carter</username>
<post>
Show newest sermon of type: Midweek Service. By Speaker. Show newest sermon by: Danny Carter. By Sermon Series. Show newest sermon in this sermon series. SSL URL. Use this if embedding on a secure site. Favorites-To-Go! tag this sermon. listen on-the-go.
</post>
<signature>

</signature>
<external_links>

</external_links>
<country>US</country>
<main_image>http://vps.sermonaudio.com/resize_image/speakers/podcast/300/300/generic.jpg</main_image>
</document>
