<?xml version="1.0" encoding="UTF-8"?>
<document>
<type>mainstream</type>
<forum>http://www.rtv.de/rss/jetzt.xml</forum>
<forum_title>rtv.de: Was läuft jetzt im Fernsehen</forum_title>
<discussion_title>Die Erbschaft - BR Fernsehen, 21.08., 22:45 Uhr</discussion_title>
<language>german</language>
<gmt_offset></gmt_offset>
<topic_url>http://www.rtv.de/sendungsdetails/11087308/die-erbschaft.html</topic_url>
<topic_text>
Merken Frederik zieht vor Gericht. Er will beweisen, dass das Not-Testament seiner Mutter nicht rechtskräftig ist. Er ist zuversichtlich, den Prozess zu gewinnen, da seine Beweisführung darauf basiert, dass zwischen John und Veronika in den letzten Monaten vor ihrem Tod regelmäßiger Kontakt bestand. Und er hat Kenntnis davon erhalten, dass John eine größere Summe Geld von Veronika annahm, mit der er - ohne Wissen der Tochter - das Finanzierungsdarlehen für Signes Haus getilgt hat. Um nicht zu riskieren, dass Signe den Prozess verliert, bittet John den Anwalt Ole Kaufmann, ihm einen Brief zu geben, den Veronika im Jahr 2011 an Ole geschrieben hat. John möchte den Brief bei Gericht vorlegen, da darin steht, dass Signe nach Veronikas Tod das Haus bekommen soll. Als Signe Frederik in der Verhandlung dann auch noch mit der vermeintlichen Wahrheit über seinen Vater konfrontiert, dass dieser homosexuell gewesen, mit einem Mann in die USA gegangen und an Aids erkrankt zurückgekehrt sein soll, zieht Frederik die Klage zurück. Signe bekommt Grønnegaard zugesprochen.
</topic_text>
<spam_score>0.00</spam_score>
<post_num>1</post_num>
<post_id>post-1</post_id>
<post_url>http://www.rtv.de/sendungsdetails/11087308/die-erbschaft.html</post_url>
<post_date>20160821</post_date>
<post_time>2052</post_time>
<username></username>
<post>
Merken Frederik zieht vor Gericht. Er will beweisen, dass das Not-Testament seiner Mutter nicht rechtskräftig ist. Er ist zuversichtlich, den Prozess zu gewinnen, da seine Beweisführung darauf basiert, dass zwischen John und Veronika in den letzten Monaten vor ihrem Tod regelmäßiger Kontakt bestand. Und er hat Kenntnis davon erhalten, dass John eine größere Summe Geld von Veronika annahm, mit der er - ohne Wissen der Tochter - das Finanzierungsdarlehen für Signes Haus getilgt hat. Um nicht zu riskieren, dass Signe den Prozess verliert, bittet John den Anwalt Ole Kaufmann, ihm einen Brief zu geben, den Veronika im Jahr 2011 an Ole geschrieben hat. John möchte den Brief bei Gericht vorlegen, da darin steht, dass Signe nach Veronikas Tod das Haus bekommen soll. Als Signe Frederik in der Verhandlung dann auch noch mit der vermeintlichen Wahrheit über seinen Vater konfrontiert, dass dieser homosexuell gewesen, mit einem Mann in die USA gegangen und an Aids erkrankt zurückgekehrt sein soll, zieht Frederik die Klage zurück. Signe bekommt Grønnegaard zugesprochen.
</post>
<signature>

</signature>
<external_links>

</external_links>
<country>DE</country>
<main_image>http://images.rtv.de/images/stories/EPG/large/f0cd08a1d916e6bf98c03834d2d042e42457310c.jpg</main_image>
</document>
