<?xml version="1.0" encoding="UTF-8"?>
<document>
<type>mainstream</type>
<forum>http://www.tribuneindia.com/news/chandigarh/</forum>
<forum_title>The Tribune, Chandigarh, Mohali, Panchkula news </forum_title>
<discussion_title>Helping youth keep lifestyle diseases at bay</discussion_title>
<language>english</language>
<gmt_offset></gmt_offset>
<topic_url>http://www.tribuneindia.com/news/chandigarh/community/helping-youth-keep-lifestyle-diseases-at-bay/283723.html</topic_url>
<topic_text>
Charu Chhibber
Tribune News Service
Chandigarh, August 21
The idea to reach out to youngsters in order to help them lead a healthy and happy life was probably planted at many years ago in Dr Ranjana W Minz as was the longing to promote the field of immunology. Today, as the head of the department of immunopathology, PGI, Dr Minz can lay claim to have made a good start to volunteer work towards the goal. This includes organising voluntary workshops and lectures for schoolchildren to promote the understanding and prevention of lifestyle-related diseases, to foster the importance of immunology and to encourage the youth to take up a career in immunopathology. Even the lack of funds could not stop her from following her desire. She pays for the activities from her own pocket. “As the wife of Dr Mukut Minz, former head of the transplant surgery at the PGI, I have studied ever-rising lifestyle-related diseases in the country. Trust me, it’s scary,” she says. Dr Minz has already conducted a few sessions at the PGI for over 450 schoolchildren from Classes X to XII about the importance of a healthy diet and regular physical activity in preventing chronic diseases, including heart disease, cancer, and stroke, the three leading causes of death among adults. Each session comprises special sessions on the body’s defence mechanism, allergies, cancer, tuberculosis and HIV.
</topic_text>
<spam_score>0.02</spam_score>
<post_num>1</post_num>
<post_id>post-1</post_id>
<post_url>http://www.tribuneindia.com/news/chandigarh/community/helping-youth-keep-lifestyle-diseases-at-bay/283723.html</post_url>
<post_date>20160822</post_date>
<post_time>0215</post_time>
<username>tribuneindia.com</username>
<post>
Charu Chhibber
Tribune News Service
Chandigarh, August 21
The idea to reach out to youngsters in order to help them lead a healthy and happy life was probably planted at many years ago in Dr Ranjana W Minz as was the longing to promote the field of immunology. Today, as the head of the department of immunopathology, PGI, Dr Minz can lay claim to have made a good start to volunteer work towards the goal. This includes organising voluntary workshops and lectures for schoolchildren to promote the understanding and prevention of lifestyle-related diseases, to foster the importance of immunology and to encourage the youth to take up a career in immunopathology. Even the lack of funds could not stop her from following her desire. She pays for the activities from her own pocket. “As the wife of Dr Mukut Minz, former head of the transplant surgery at the PGI, I have studied ever-rising lifestyle-related diseases in the country. Trust me, it’s scary,” she says. Dr Minz has already conducted a few sessions at the PGI for over 450 schoolchildren from Classes X to XII about the importance of a healthy diet and regular physical activity in preventing chronic diseases, including heart disease, cancer, and stroke, the three leading causes of death among adults. Each session comprises special sessions on the body’s defence mechanism, allergies, cancer, tuberculosis and HIV.
</post>
<signature>

</signature>
<external_links>

</external_links>
<country>SG</country>
<main_image>http://images.tribuneindia.com/cms/gall_content/2016/8/2016_8$largeimg22_Monday_2016_020407072.jpg</main_image>
</document>
