<?xml version="1.0" encoding="UTF-8"?>
<document>
<type>mainstream</type>
<forum>http://www.rtv.de/rss/jetzt.xml</forum>
<forum_title>rtv.de: Was läuft jetzt im Fernsehen</forum_title>
<discussion_title>Dings vom Dach - Die Rateshow um geheimnisvolle Gegenstände - Hessen, 21.08., 22:45 Uhr</discussion_title>
<language>german</language>
<gmt_offset></gmt_offset>
<topic_url>http://www.rtv.de/sendungsdetails/11087389/dings-vom-dach.html</topic_url>
<topic_text>
Merken Ungewöhnliche Utensilien, geheimnisvolle Gegenstände aus Großmutters Zeiten, Gerätschaften des täglichen Lebens oder eben einfach &quot;Dings vom Dach&quot;: Die Zuschauer haben die &quot;Dingse&quot; wieder entdeckt - versteckt auf dem Dachboden, getarnt in einer Kellerecke oder vergessen in einer Schublade. Wurde das Dings auf dem Feld verwendet - oder diente es gar der Befriedigung geheimer Lüste? Das prominente Rateteam um Moderator Sven Lorig rät, dass sich die Balken biegen, denkt sich aberwitzige und absurde Erklärungen aus, diskutiert und debattiert um die richtige Lösung.
</topic_text>
<spam_score>0.00</spam_score>
<post_num>1</post_num>
<post_id>post-1</post_id>
<post_url>http://www.rtv.de/sendungsdetails/11087389/dings-vom-dach.html</post_url>
<post_date>20160821</post_date>
<post_time>2052</post_time>
<username></username>
<post>
Merken Ungewöhnliche Utensilien, geheimnisvolle Gegenstände aus Großmutters Zeiten, Gerätschaften des täglichen Lebens oder eben einfach &quot;Dings vom Dach&quot;: Die Zuschauer haben die &quot;Dingse&quot; wieder entdeckt - versteckt auf dem Dachboden, getarnt in einer Kellerecke oder vergessen in einer Schublade. Wurde das Dings auf dem Feld verwendet - oder diente es gar der Befriedigung geheimer Lüste? Das prominente Rateteam um Moderator Sven Lorig rät, dass sich die Balken biegen, denkt sich aberwitzige und absurde Erklärungen aus, diskutiert und debattiert um die richtige Lösung.
</post>
<signature>

</signature>
<external_links>

</external_links>
<country>DE</country>
<main_image>http://images.rtv.de/images/stories/EPG/large/cf5c78e492971b5e388f2290073056bceec53930.jpg</main_image>
</document>
