<?xml version="1.0" encoding="UTF-8"?>
<document>
<type>mainstream</type>
<forum>http://www.diacaf.com/feed/rss/</forum>
<forum_title>Stirile de ultima ora -Stirile care contezeaza: Diacaf.com</forum_title>
<discussion_title>Masacru ĂŽn Liga I: campioana Astra a fost ĂŽnvinsÄƒ de CFR Cluj cu 5-1, dupÄƒ ce elevii lui ...</discussion_title>
<language>romanian</language>
<gmt_offset></gmt_offset>
<topic_url>http://www.diacaf.com/stiri/sport/masacru-in-liga-i-campioana-astra-a-fost-invinsa_47022657.html</topic_url>
<topic_text>
  Sport▼ Masacru în Liga I: campioana Astra a fost învinsă de CFR Cluj cu 5-1, după ce elevii lui Şumudică conduseseră cu 1-0 în Gruia adevarul.ro Acum 1 ore si 14 minute 21 aug. 2016 la ora 22:40 Sport Campioana en-titre Astra Giurgiu a fost învinsă, în deplasare, cu scorul de 5-1, de echipa CFR Cluj , într-un meci din etapa a cincea a Ligii I, în care gazdele au beneficiat de trei penalty-uri. Au marcat Cristian Lopez 12, 63 (ambele din penalty), Tiago Lopes 70 şi Petrucci 77, 90+3 (penalty) pentru CFR Cluj , respectiv Daniel Niculae 8 pentru Astra. În minutul 68, Săpunaru a executat un penalty acordat pentru un fault al lui Nascimento la Lovin , dar Mincă a apărat. CFR Cluj : Mincă - Peteleu , Larie , Mureşan, Lopes - Nascimento , Petrucci - Jakolis ( Nouvier 80), Juan Carlos (Bud 59), Păun - Lopez (Ene 76). Antrenor: Vasile Miriuţă. Astra Giurgiu : Lung - Vangjeli , Oros ( Balaur e 80), Fabricio , Morais - Seto , Lovin , Teixeira - Ioniţă, Niculae ( Alibec 60), Nicoară (Săpunaru 65). Antrenor: Cristian Petre . Arbitri: Lucian Rusandu - Aurel Oniţă, Sebastian Stoianov - Adrian Ilyeş În celălalt meci al serii, FC Voluntari a terminat la egalitate, duminică, scor 0-0, partida disputată pe teren propriu, în compania echipei Pandurii Târgu-Jiu. FC Voluntari : Bornescu - Filipov , I. Balaur , Maftei , Cazan (Căpăţână 66) - Moke , Novac ( Lungu 90+2) - Ivanovici , Marinescu , Popadiuc (Voduţ 75) - Fl. Cernat . Antenor: Florin Marin Pandurii Târgu-Jiu: D. Lazar - Pleaşcă, Buijs , Bunoza , Grecu - Obodo , Mrzljak - Trifu (Piţian 85), Herea ( Munteanu 63), Sânmărtean (Voiculeţ 63) - Ţucudean. Antrenor: Petre Grigoraş
</topic_text>
<spam_score>0.00</spam_score>
<post_num>1</post_num>
<post_id>post-1</post_id>
<post_url>http://www.diacaf.com/stiri/sport/masacru-in-liga-i-campioana-astra-a-fost-invinsa_47022657.html</post_url>
<post_date>20160821</post_date>
<post_time>2140</post_time>
<username>http://www.diacaf.com/</username>
<post>
  Sport▼ Masacru în Liga I: campioana Astra a fost învinsă de CFR Cluj cu 5-1, după ce elevii lui Şumudică conduseseră cu 1-0 în Gruia adevarul.ro Acum 1 ore si 14 minute 21 aug. 2016 la ora 22:40 Sport Campioana en-titre Astra Giurgiu a fost învinsă, în deplasare, cu scorul de 5-1, de echipa CFR Cluj , într-un meci din etapa a cincea a Ligii I, în care gazdele au beneficiat de trei penalty-uri. Au marcat Cristian Lopez 12, 63 (ambele din penalty), Tiago Lopes 70 şi Petrucci 77, 90+3 (penalty) pentru CFR Cluj , respectiv Daniel Niculae 8 pentru Astra. În minutul 68, Săpunaru a executat un penalty acordat pentru un fault al lui Nascimento la Lovin , dar Mincă a apărat. CFR Cluj : Mincă - Peteleu , Larie , Mureşan, Lopes - Nascimento , Petrucci - Jakolis ( Nouvier 80), Juan Carlos (Bud 59), Păun - Lopez (Ene 76). Antrenor: Vasile Miriuţă. Astra Giurgiu : Lung - Vangjeli , Oros ( Balaur e 80), Fabricio , Morais - Seto , Lovin , Teixeira - Ioniţă, Niculae ( Alibec 60), Nicoară (Săpunaru 65). Antrenor: Cristian Petre . Arbitri: Lucian Rusandu - Aurel Oniţă, Sebastian Stoianov - Adrian Ilyeş În celălalt meci al serii, FC Voluntari a terminat la egalitate, duminică, scor 0-0, partida disputată pe teren propriu, în compania echipei Pandurii Târgu-Jiu. FC Voluntari : Bornescu - Filipov , I. Balaur , Maftei , Cazan (Căpăţână 66) - Moke , Novac ( Lungu 90+2) - Ivanovici , Marinescu , Popadiuc (Voduţ 75) - Fl. Cernat . Antenor: Florin Marin Pandurii Târgu-Jiu: D. Lazar - Pleaşcă, Buijs , Bunoza , Grecu - Obodo , Mrzljak - Trifu (Piţian 85), Herea ( Munteanu 63), Sânmărtean (Voiculeţ 63) - Ţucudean. Antrenor: Petre Grigoraş
</post>
<signature>

</signature>
<external_links>

</external_links>
<country>CA</country>
<main_image>http://img.diacaf.com/images/20160821/47022657.jpg</main_image>
</document>
