<?xml version="1.0" encoding="UTF-8"?>
<document>
<type>mainstream</type>
<forum></forum>
<forum_title></forum_title>
<discussion_title>Brief Women&apos;s Slimming Unedged Black Denim Pants | RoseGal.com</discussion_title>
<language>english</language>
<gmt_offset></gmt_offset>
<topic_url>http://www.rosegal.com/jeans/brief-women-s-slimming-unedged-black-denim-pants-623029.html</topic_url>
<topic_text>
Pre-sales If you have any questions before making a purchase, chat with our online sales to get more information. Start Online Chat After Sales Contact customer service for order status and other after-sales issues. Submit a Request | $ USD $ USD € EUR £ GBP AU$ AUD CA$ CAD CH₣ CHF HK$ HKD ¥ CNY NZ$ NZD ¥ JPY руб RUB R$ BRL CL$ CLP Kr NOK DKKr DKK SEKr SEK ₩ KRW ₪ ILS $MXN MXN AR$ ARS | 
</topic_text>
<spam_score>0.73</spam_score>
<post_num>1</post_num>
<post_id>post-1</post_id>
<post_url>http://www.rosegal.com/jeans/brief-women-s-slimming-unedged-black-denim-pants-623029.html</post_url>
<post_date>20160802</post_date>
<post_time></post_time>
<username></username>
<post>
Pre-sales If you have any questions before making a purchase, chat with our online sales to get more information. Start Online Chat After Sales Contact customer service for order status and other after-sales issues. Submit a Request | $ USD $ USD € EUR £ GBP AU$ AUD CA$ CAD CH₣ CHF HK$ HKD ¥ CNY NZ$ NZD ¥ JPY руб RUB R$ BRL CL$ CLP Kr NOK DKKr DKK SEKr SEK ₩ KRW ₪ ILS $MXN MXN AR$ ARS | 
</post>
<signature>

</signature>
<external_links>

</external_links>
<country>US</country>
<main_image>http://gloimg.rosegal.com/rosegal/pdm-product-pic/Clothing/2016/08/02/thumb-img/1470093165055931854.jpg</main_image>
</document>
