<?xml version="1.0" encoding="UTF-8"?>
<document>
<type>mainstream</type>
<forum>http://www.chicagotribune.com/sports/basketball/bulls</forum>
<forum_title>Chicago Bulls News - Chicago Tribune</forum_title>
<discussion_title>Six Notre Dame football players arrested in separate incidents</discussion_title>
<language>english</language>
<gmt_offset></gmt_offset>
<topic_url>http://www.chicagotribune.com/sports/basketball/sports/college/ct-colleges-notre-dame-players-arrested-spt-20160820-story.html</topic_url>
<topic_text>
Two weeks before Notre Dame opens its 2016 football season, the Irish face the possibility of being without several key pieces after six players were arrested in separate incidents Friday night and early Saturday.
Five players — starting safety Max Redfield, linebacker Te&apos;Von Coney, wide receiver Kevin Stepherson, running back Dexter Williams and cornerback Ashton White — were charged with misdemeanor possession of marijuana after a traffic stop Friday, according to the Indiana State Police. Redfield, Stepherson and Williams face an additional misdemeanor charge of possession of a handgun without a license, police said.
A sixth player, cornerback Devin Butler, was arrested on preliminary charges of resisting law enforcement and battery to a police officer, both felonies, after an incident early Saturday at a South Bend, Ind., bar, according to South Bend police.
According to court documents obtained by the South Bend Tribune, the state will have until Wednesday to decide whether to file formal charges against Butler, who is accused in the documents of tackling and punching a police officer.
Notre Dame coach Brian Kelly did not publicly address either incident Saturday and isn&apos;t scheduled to speak with the media until Thursday. The Irish last practiced Friday and aren&apos;t scheduled to do so again until Monday.
Paul Browne, the university&apos;s vice president for public affairs and communications, released the following statement:
&quot;Any student arrested on a felony charge also faces dismissal from the university. The university will determine if additional sanctions should apply to any or all of the students charged.&quot;
Butler, a senior from Washington, D.C., was expected to be out until at least October after breaking his left foot in June for the second time in seven months. He missed the Fiesta Bowl against Ohio State on Jan. 1 after breaking the foot in practice.
The group arrested on the marijuana charges, however, included several players projected to play significant roles when the Irish open the season Sept. 4 at Texas.
Redfield, a senior and former five-star recruit from California, was entering his third season as a starter. He was sent home from the Fiesta Bowl for violating team rules.
Coney, a sophomore from Florida who had 13 tackles in eight games last year, was competing with Greer Martini and Asmar Bilal for a starting linebacker spot.
Stepherson, a freshman from Florida who enrolled in January, had an impressive spring camp and figured to be a factor in a young receiving corps.
Williams, a sophomore from Florida who rushed for 81 yards and a touchdown on 21 carries in six games last year, looked to be part of a three-player rotation at running back.
White, a redshirt freshman from Washington, D.C., didn&apos;t figure to receive much playing time this season.
The players were traveling in a 2007 Ford Focus through Fulton County, Ind., about 35 miles south of South Bend, when police stopped the car shortly after 10 p.m. for allegedly speeding. The car also had an improper headlight, according to police. A trooper allegedly smelled marijuana, and using a drug-sniffing dog, he found marijuana and a loaded handgun, police said.
A spokesperson at the Fulton County Jail confirmed the players posted bond Saturday. Redfield, Stepherson and Williams each had a $500 bond, and Coney and White had $300 bonds.
Butler was arrested after an altercation shortly after midnight near the Linebacker bar, according to South Bend police Lt. Joe Galea. A fight broke out between two women, Galea said. Police separated the women, and Butler walked toward one of them and shoved her, according to court documents.
As police approached him, Butler began &quot;using some profanities and swinging at officers there,&quot; Galea said. According to the court documents, Butler tackled an officer and punched him in the side and stomach &quot;several times.&quot;
Butler was subdued and an officer was treated for minor injuries, Galea said. Butler apologized while being transported to the St. Joseph County Jail and said he was &quot;incredibly emotional and intoxicated,&quot; according to the court documents.
Notre Dame&apos;s student paper, the Observer, first reported the Butler incident.
Kelly was expecting big things from Redfield this season after inconsistent play during his first three years. He was third on the team with 64 tackles last season.
&quot;I hate to throw cliches around, but he&apos;s been that guy that everybody was hoping for out of high school,&quot; Kelly said last week. &quot;He&apos;s playing at that level; he&apos;s at an elite level.&quot;
After his suspension from the Fiesta Bowl, Redfield posted an apology on Instagram for not being punctual.
&quot;Rules are instituted for a reason and not following them is unacceptable,&quot; Redfield wrote. &quot;I will continue to learn and grow from this.&quot;
Chicago Tribune&apos;s Paul Skrbina contributed.
lpope@post-trib.com
Twitter @lamondpope
 Crime Colleges and Universities Notre Dame Fighting Irish
</topic_text>
<spam_score>0.00</spam_score>
<post_num>1</post_num>
<post_id>post-1</post_id>
<post_url>http://www.chicagotribune.com/sports/basketball/sports/college/ct-colleges-notre-dame-players-arrested-spt-20160820-story.html</post_url>
<post_date>20160820</post_date>
<post_time>1741</post_time>
<username>LaMond Pope</username>
<post>
Two weeks before Notre Dame opens its 2016 football season, the Irish face the possibility of being without several key pieces after six players were arrested in separate incidents Friday night and early Saturday.
Five players — starting safety Max Redfield, linebacker Te&apos;Von Coney, wide receiver Kevin Stepherson, running back Dexter Williams and cornerback Ashton White — were charged with misdemeanor possession of marijuana after a traffic stop Friday, according to the Indiana State Police. Redfield, Stepherson and Williams face an additional misdemeanor charge of possession of a handgun without a license, police said.
A sixth player, cornerback Devin Butler, was arrested on preliminary charges of resisting law enforcement and battery to a police officer, both felonies, after an incident early Saturday at a South Bend, Ind., bar, according to South Bend police.
According to court documents obtained by the South Bend Tribune, the state will have until Wednesday to decide whether to file formal charges against Butler, who is accused in the documents of tackling and punching a police officer.
Notre Dame coach Brian Kelly did not publicly address either incident Saturday and isn&apos;t scheduled to speak with the media until Thursday. The Irish last practiced Friday and aren&apos;t scheduled to do so again until Monday.
Paul Browne, the university&apos;s vice president for public affairs and communications, released the following statement:
&quot;Any student arrested on a felony charge also faces dismissal from the university. The university will determine if additional sanctions should apply to any or all of the students charged.&quot;
Butler, a senior from Washington, D.C., was expected to be out until at least October after breaking his left foot in June for the second time in seven months. He missed the Fiesta Bowl against Ohio State on Jan. 1 after breaking the foot in practice.
The group arrested on the marijuana charges, however, included several players projected to play significant roles when the Irish open the season Sept. 4 at Texas.
Redfield, a senior and former five-star recruit from California, was entering his third season as a starter. He was sent home from the Fiesta Bowl for violating team rules.
Coney, a sophomore from Florida who had 13 tackles in eight games last year, was competing with Greer Martini and Asmar Bilal for a starting linebacker spot.
Stepherson, a freshman from Florida who enrolled in January, had an impressive spring camp and figured to be a factor in a young receiving corps.
Williams, a sophomore from Florida who rushed for 81 yards and a touchdown on 21 carries in six games last year, looked to be part of a three-player rotation at running back.
White, a redshirt freshman from Washington, D.C., didn&apos;t figure to receive much playing time this season.
The players were traveling in a 2007 Ford Focus through Fulton County, Ind., about 35 miles south of South Bend, when police stopped the car shortly after 10 p.m. for allegedly speeding. The car also had an improper headlight, according to police. A trooper allegedly smelled marijuana, and using a drug-sniffing dog, he found marijuana and a loaded handgun, police said.
A spokesperson at the Fulton County Jail confirmed the players posted bond Saturday. Redfield, Stepherson and Williams each had a $500 bond, and Coney and White had $300 bonds.
Butler was arrested after an altercation shortly after midnight near the Linebacker bar, according to South Bend police Lt. Joe Galea. A fight broke out between two women, Galea said. Police separated the women, and Butler walked toward one of them and shoved her, according to court documents.
As police approached him, Butler began &quot;using some profanities and swinging at officers there,&quot; Galea said. According to the court documents, Butler tackled an officer and punched him in the side and stomach &quot;several times.&quot;
Butler was subdued and an officer was treated for minor injuries, Galea said. Butler apologized while being transported to the St. Joseph County Jail and said he was &quot;incredibly emotional and intoxicated,&quot; according to the court documents.
Notre Dame&apos;s student paper, the Observer, first reported the Butler incident.
Kelly was expecting big things from Redfield this season after inconsistent play during his first three years. He was third on the team with 64 tackles last season.
&quot;I hate to throw cliches around, but he&apos;s been that guy that everybody was hoping for out of high school,&quot; Kelly said last week. &quot;He&apos;s playing at that level; he&apos;s at an elite level.&quot;
After his suspension from the Fiesta Bowl, Redfield posted an apology on Instagram for not being punctual.
&quot;Rules are instituted for a reason and not following them is unacceptable,&quot; Redfield wrote. &quot;I will continue to learn and grow from this.&quot;
Chicago Tribune&apos;s Paul Skrbina contributed.
lpope@post-trib.com
Twitter @lamondpope
 Crime Colleges and Universities Notre Dame Fighting Irish
</post>
<signature>

</signature>
<external_links>
<external_link>http://www.trbimg.com/img-57b86efa/turbine/ct-colleges-notre-dame-players-arrested-spt-20160820</external_link>
</external_links>
<country>US</country>
<main_image>http://www.trbimg.com/img-57b86efa/turbine/ct-colleges-notre-dame-players-arrested-spt-20160820</main_image>
</document>
