<?xml version="1.0" encoding="UTF-8"?>
<document>
<type>mainstream</type>
<forum>http://citizensvoice.com/cmlink/top-stories-from-citizensvoice-com-1.46602</forum>
<forum_title>Top Stories from citizensvoice.com</forum_title>
<discussion_title>IndyCar race at Pocono Raceway rained out to Monday</discussion_title>
<language>english</language>
<gmt_offset></gmt_offset>
<topic_url>http://citizensvoice.com/news/indycar-race-at-pocono-raceway-rained-out-to-monday-1.2081280</topic_url>
<topic_text>
IndyCar race at Pocono Raceway rained out to Monday loading... By Scott Walsh   People gather in the garage area to get out of the rain at Pocono Raceway before the Pocono IndyCar 500 auto race Sunday in Long Pond. The race was postponed due to inclement weather until Monday. (AP Photo/Mel Evans) 

LONG POND — Pocono Raceway simply cannot catch a break with the weather. 
Both of the track’s NASCAR Sprint Cup Series races this year were rained out and held the next day. Now, its Verizon IndyCar Series event has suffered the same fate. 
Sunday’s ABC Supply 500 was postponed by rain and rescheduled for Monday at noon. It will be televised by NBCSN. 
Precipitation started shortly after noon and gradually got heavier as the race’s 3 p.m. start time approached. Driver introductions took place at 2:27 p.m. 
With the radar showing no end to the rain until this evening, IndyCar officials called the race at 2:57 p.m. Pocono is a track that does not have lights. 
It is the second time this season rain has affected an IndyCar event. The race at Texas in June was halted after 71 laps. It is scheduled to resume Aug. 27. 
Prior to that, the last IndyCar race to be postponed was the first of the doubleheader races at Toronto on July 19, 2014. It was held the next day along with the second race of the twinbill. 
This is the first time in 23 IndyCar races at Pocono that a race was postponed and moved to Monday. The track hosted the series from 1971 to 1989. It returned after a 23-year absence in 2013. 
For more information on the race postponement and track policies, visit www.poconoraceway.com . 
swalsh@timesshamrock.com, @swalshTT  
</topic_text>
<spam_score>0.00</spam_score>
<post_num>1</post_num>
<post_id>post-1</post_id>
<post_url>http://citizensvoice.com/news/indycar-race-at-pocono-raceway-rained-out-to-monday-1.2081280</post_url>
<post_date>20160821</post_date>
<post_time>1954</post_time>
<username>Scott Walsh</username>
<post>
IndyCar race at Pocono Raceway rained out to Monday loading... By Scott Walsh   People gather in the garage area to get out of the rain at Pocono Raceway before the Pocono IndyCar 500 auto race Sunday in Long Pond. The race was postponed due to inclement weather until Monday. (AP Photo/Mel Evans) 

LONG POND — Pocono Raceway simply cannot catch a break with the weather. 
Both of the track’s NASCAR Sprint Cup Series races this year were rained out and held the next day. Now, its Verizon IndyCar Series event has suffered the same fate. 
Sunday’s ABC Supply 500 was postponed by rain and rescheduled for Monday at noon. It will be televised by NBCSN. 
Precipitation started shortly after noon and gradually got heavier as the race’s 3 p.m. start time approached. Driver introductions took place at 2:27 p.m. 
With the radar showing no end to the rain until this evening, IndyCar officials called the race at 2:57 p.m. Pocono is a track that does not have lights. 
It is the second time this season rain has affected an IndyCar event. The race at Texas in June was halted after 71 laps. It is scheduled to resume Aug. 27. 
Prior to that, the last IndyCar race to be postponed was the first of the doubleheader races at Toronto on July 19, 2014. It was held the next day along with the second race of the twinbill. 
This is the first time in 23 IndyCar races at Pocono that a race was postponed and moved to Monday. The track hosted the series from 1971 to 1989. It returned after a 23-year absence in 2013. 
For more information on the race postponement and track policies, visit www.poconoraceway.com . 
swalsh@timesshamrock.com, @swalshTT  
</post>
<signature>

</signature>
<external_links>

</external_links>
<country>US</country>
<main_image>http://www.citizensvoice.com/polopoly_fs/1.2081279.1471809273!/image/image.jpg_gen/derivatives/landscape_700/image.jpg</main_image>
</document>
