<?xml version="1.0" encoding="UTF-8"?>
<document>
<type>mainstream</type>
<forum>http://rss.wn.com/English/keyword/business</forum>
<forum_title>WN.com - Business News</forum_title>
<discussion_title>Find ways to get back Pakistan, China occupied Kashmir: RSS chief to PM Modi</discussion_title>
<language>english</language>
<gmt_offset></gmt_offset>
<topic_url>https://article.wn.com/view/2016/08/21/Find_ways_to_get_back_Pakistan_China_occupied_Kashmir_RSS_ch/</topic_url>
<topic_text>
AGRA : RSS chief Mohan Bhagwat on Sunday said that India should strive and find ways to get back parts of Kashmir that are under the occupation of Pakistan and China . 

Addressing a group of young married couples from Western UP at
</topic_text>
<spam_score>0.00</spam_score>
<post_num>1</post_num>
<post_id>post-1</post_id>
<post_url>https://article.wn.com/view/2016/08/21/Find_ways_to_get_back_Pakistan_China_occupied_Kashmir_RSS_ch/</post_url>
<post_date>20160821</post_date>
<post_time></post_time>
<username>wn.com</username>
<post>
AGRA : RSS chief Mohan Bhagwat on Sunday said that India should strive and find ways to get back parts of Kashmir that are under the occupation of Pakistan and China . 

Addressing a group of young married couples from Western UP at
</post>
<signature>

</signature>
<external_links>

</external_links>
<country>GB</country>
<main_image>https://i.ytimg.com/vi/NgiSXPcllwQ/0.jpg</main_image>
</document>
