<?xml version="1.0" encoding="UTF-8"?>
<document>
<type>mainstream</type>
<forum>http://www.sermonaudio.com/rss_source.rss</forum>
<forum_title>SermonAudio.com</forum_title>
<discussion_title>I am always with You</discussion_title>
<language>english</language>
<gmt_offset></gmt_offset>
<topic_url>http://www.sermonaudio.com/sermoninfo.asp?m=t&amp;s=821161643324</topic_url>
<topic_text>
I am always with You Series: Exodus · 23 of 23 If you enjoyed this sermon, there are lots of ways to share it! [ EMBED sermon in WEBSITE or BLOG: After making your selection, copy and paste the embed code above. The code changes based on your selection | PREVIEW Flash Player. Make the embed footprint tiny. Minimal. Take up less real estate. Newest Sermons. Show newest sermon of type: Sunday Service. By Speaker. Show newest sermon by: Jeff Sheely. By Sermon Series. Show newest sermon in this sermon series. SSL URL. Use this if embedding on a secure site. Favorites-To-Go! tag this sermon. listen on-the-go.
</topic_text>
<spam_score>0.00</spam_score>
<post_num>1</post_num>
<post_id>post-1</post_id>
<post_url>http://www.sermonaudio.com/sermoninfo.asp?m=t&amp;s=821161643324</post_url>
<post_date>20160821</post_date>
<post_time>2144</post_time>
<username>Jeff Sheely</username>
<post>
I am always with You Series: Exodus · 23 of 23 If you enjoyed this sermon, there are lots of ways to share it! [ EMBED sermon in WEBSITE or BLOG: After making your selection, copy and paste the embed code above. The code changes based on your selection | PREVIEW Flash Player. Make the embed footprint tiny. Minimal. Take up less real estate. Newest Sermons. Show newest sermon of type: Sunday Service. By Speaker. Show newest sermon by: Jeff Sheely. By Sermon Series. Show newest sermon in this sermon series. SSL URL. Use this if embedding on a secure site. Favorites-To-Go! tag this sermon. listen on-the-go.
</post>
<signature>

</signature>
<external_links>

</external_links>
<country>US</country>
<main_image>http://vps.sermonaudio.com/resize_image/speakers/podcast/300/300/SheelyJeff.jpg</main_image>
</document>
