<?xml version="1.0" encoding="UTF-8"?>
<document>
<type>mainstream</type>
<forum></forum>
<forum_title></forum_title>
<discussion_title>ワキ・二の腕などの黒ずみ・ブツブツに！【薬用アットベリー】 | フレッシュフルーツ青汁</discussion_title>
<language>ignore</language>
<gmt_offset></gmt_offset>
<topic_url>http://sbic.sub.jp/bbox/?p=2541</topic_url>
<topic_text>
&lt; 151111 ja a8 &lt;br&gt; b&lt;iframe src=&quot;https://track.affiliate-b.com/rb/rb.php?r=7860&amp;p=399238&quot; width=&quot;160&quot; height=&quot;600&quot; scrolling=&quot;no&quot; frameborder=&quot;no&quot; allowtransparency=&quot;true&quot; marginwidth=&quot;0&quot; marginheight=&quot;0&quot;&gt;&lt;script type=&quot;text/javascript&quot; src=&quot;https://track.affiliate-b.com/rb/7860/399238&quot; charset=&quot;utf-8&quot;&gt;&lt;/script&gt;&lt;noscript&gt;&lt;a href=&quot;https://track.affiliate-b.com/visit.php?a=h6921R-r231385R&amp;p=n399238j&quot; target=&quot;_blank&quot;&gt;&lt;img src=&quot;https://www.affiliate-b.com/upload_image/6921-1420283269-3.gif&quot; width=&quot;160&quot; height=&quot;600&quot; style=&quot;border:none;&quot;&gt;&lt;/a&gt;&lt;img src=&quot;http://track.affiliate-b.com/lead/h6921R/n399238j/r231385R&quot; width=&quot;1&quot; height=&quot;1&quot; style=&quot;border:none;&quot; /&gt;&lt;/noscript&gt; 2016年8月 
</topic_text>
<spam_score>0.00</spam_score>
<post_num>1</post_num>
<post_id>post-1</post_id>
<post_url>http://sbic.sub.jp/bbox/?p=2541</post_url>
<post_date>20160821</post_date>
<post_time></post_time>
<username></username>
<post>
&lt; 151111 ja a8 &lt;br&gt; b&lt;iframe src=&quot;https://track.affiliate-b.com/rb/rb.php?r=7860&amp;p=399238&quot; width=&quot;160&quot; height=&quot;600&quot; scrolling=&quot;no&quot; frameborder=&quot;no&quot; allowtransparency=&quot;true&quot; marginwidth=&quot;0&quot; marginheight=&quot;0&quot;&gt;&lt;script type=&quot;text/javascript&quot; src=&quot;https://track.affiliate-b.com/rb/7860/399238&quot; charset=&quot;utf-8&quot;&gt;&lt;/script&gt;&lt;noscript&gt;&lt;a href=&quot;https://track.affiliate-b.com/visit.php?a=h6921R-r231385R&amp;p=n399238j&quot; target=&quot;_blank&quot;&gt;&lt;img src=&quot;https://www.affiliate-b.com/upload_image/6921-1420283269-3.gif&quot; width=&quot;160&quot; height=&quot;600&quot; style=&quot;border:none;&quot;&gt;&lt;/a&gt;&lt;img src=&quot;http://track.affiliate-b.com/lead/h6921R/n399238j/r231385R&quot; width=&quot;1&quot; height=&quot;1&quot; style=&quot;border:none;&quot; /&gt;&lt;/noscript&gt; 2016年8月 
</post>
<signature>

</signature>
<external_links>

</external_links>
<country>JP</country>
<main_image>https://image.j-a-net.jp/83972/619723/</main_image>
</document>
