<?xml version="1.0" encoding="UTF-8"?>
<document>
<type>mainstream</type>
<forum>http://www.sankeibiz.jp/rss/news/asset.xml</forum>
<forum_title>市況ニュース - SankeiBiz（サンケイビズ）：総合経済情報サイト</forum_title>
<discussion_title>【マーケット トレンド】日経平均 １万６０００円台で一進一退</discussion_title>
<language>japanese</language>
<gmt_offset></gmt_offset>
<topic_url>http://www.sankeibiz.jp/macro/news/160822/eca1608220500003-n1.htm</topic_url>
<topic_text>
東京株式市場は日米の経済指標や円ドル相場が焦点だ。日経平均株価（２２５種）は１万６０００円台で一進一退の値動きとなりそうだ。前週は一時１ドル＝９９円台まで円高が進み、上場企業の業績悪化への懸念から平均株価は全体に軟調だった。今週は米連邦準備制度理事会（ＦＲＢ）のイエレン議長が２６日に講演する。円相場や株式相場の注目イベントを控え、週後半は様子見ムードが強まる可能性も。日本の消費者物価指数や米耐久財受注などが発表される。 トレンドBiz PR
</topic_text>
<spam_score>0.00</spam_score>
<post_num>1</post_num>
<post_id>post-1</post_id>
<post_url>http://www.sankeibiz.jp/macro/news/160822/eca1608220500003-n1.htm</post_url>
<post_date>20160821</post_date>
<post_time>2000</post_time>
<username></username>
<post>
東京株式市場は日米の経済指標や円ドル相場が焦点だ。日経平均株価（２２５種）は１万６０００円台で一進一退の値動きとなりそうだ。前週は一時１ドル＝９９円台まで円高が進み、上場企業の業績悪化への懸念から平均株価は全体に軟調だった。今週は米連邦準備制度理事会（ＦＲＢ）のイエレン議長が２６日に講演する。円相場や株式相場の注目イベントを控え、週後半は様子見ムードが強まる可能性も。日本の消費者物価指数や米耐久財受注などが発表される。 トレンドBiz PR
</post>
<signature>

</signature>
<external_links>

</external_links>
<country>JP</country>
<main_image>http://www.sankeibiz.jp/images/sns/sankeibiz.jpg</main_image>
</document>
