<?xml version="1.0" encoding="UTF-8"?>
<document>
<type>mainstream</type>
<forum>http://k.img.com.ua/rss/ru/sport.xml</forum>
<forum_title>Последние новости по разделу Новости спорта на сайте korrespondent.net</forum_title>
<discussion_title>Последняя из украинок покидает квалификацию американского турнира</discussion_title>
<language>russian</language>
<gmt_offset></gmt_offset>
<topic_url>http://korrespondent.net/sport/tenis/3734834-posledniaia-yz-ukraynok-pokydaet-kvalyfykatsyui-amerykanskoho-turnyra</topic_url>
<topic_text>
Последняя из украинок покидает квалификацию американского турнира iSport.ua, Сегодня, 23:33 Леся Цуренко Украинка Леся Цуренко не сумела закончить свой матч третьего круга квалификации против американки Луизы Чирико. 
К сожалению, попасть в основную сетку соревнований в Нью-Хэйвене украинке помешала травма. О характере повреждения информации нет, однако Леся уже пропускала длительное время и с момента восстановления провела лишь пять матче. 
Что касается самой игры, то Леся сперва вела в первом сете, однако подарив обратный брейк американке при счете 3:1, геймов больше не выигрывала. 
Во второй партии Цуренко снова дважды лидировала, но когда Чирико второй раз сравняла счет в партии, снялась с матча и прекратила свои выступления на турнире. 
Напомним,ранее свои выступления на турнире в Нью-Хэйвене завершила Катерина Козлова и Катерина Бондаренко. 
Леся Цуренко (Украина) – Луиза Чирико (США) – 3:6, 4:4 – отказ
</topic_text>
<spam_score>0.00</spam_score>
<post_num>1</post_num>
<post_id>post-1</post_id>
<post_url>http://korrespondent.net/sport/tenis/3734834-posledniaia-yz-ukraynok-pokydaet-kvalyfykatsyui-amerykanskoho-turnyra</post_url>
<post_date>20160821</post_date>
<post_time>2033</post_time>
<username>1524</username>
<post>
Последняя из украинок покидает квалификацию американского турнира iSport.ua, Сегодня, 23:33 Леся Цуренко Украинка Леся Цуренко не сумела закончить свой матч третьего круга квалификации против американки Луизы Чирико. 
К сожалению, попасть в основную сетку соревнований в Нью-Хэйвене украинке помешала травма. О характере повреждения информации нет, однако Леся уже пропускала длительное время и с момента восстановления провела лишь пять матче. 
Что касается самой игры, то Леся сперва вела в первом сете, однако подарив обратный брейк американке при счете 3:1, геймов больше не выигрывала. 
Во второй партии Цуренко снова дважды лидировала, но когда Чирико второй раз сравняла счет в партии, снялась с матча и прекратила свои выступления на турнире. 
Напомним,ранее свои выступления на турнире в Нью-Хэйвене завершила Катерина Козлова и Катерина Бондаренко. 
Леся Цуренко (Украина) – Луиза Чирико (США) – 3:6, 4:4 – отказ
</post>
<signature>

</signature>
<external_links>

</external_links>
<country>UA</country>
<main_image>http://kor.ill.in.ua/m/190x120/1867990.jpg</main_image>
</document>
