<?xml version="1.0" encoding="UTF-8"?>
<document>
<type>mainstream</type>
<forum>http://www.tetra-applications.com/26539/feed.rss</forum>
<forum_title>TETRA News messages</forum_title>
<discussion_title>Sepura Support Critical Communication Success in Rio</discussion_title>
<language>english</language>
<gmt_offset></gmt_offset>
<topic_url>http://www.tetra-applications.com/33195/news/sepura-support-critical-communication-success-in-rio.html</topic_url>
<topic_text>
Sepura Support Critical Communication Success in Rio 21-08-2016 Source: MCCResources Teltronic, part of the Sepura Group, is ensuring that critical communications run smoothly at the Summer Olympics and Paralympics, informally known as Rio 2016. 
A total of 30,000 users, making more than 300,000 calls per day, are being successfully supported by the company’s end-to-end solution, which comprises Nebula TETRA infrastructure, a CeCoCo control centre utilised by over 100 dispatch operators, four transportable high-traffic base stations – to reinforce coverage for key events – and thousands of fixed, mobile and portable terminals. 
A team of 20 systems engineers and technicians provide round-the-clock maintenance and operational support, including resource planning and real-time optimisation of coverage and traffic on an event-by-event basis. 
The agreement extended the existing Nebula network used by Rio police, originally provided for the Pan American Games in 2007, to cover four venues (Barra da Tijuca, Copacabana, Deodoro and Maracanã), two airports (Rio de Janeiro/Galeão - Antônio Carlos Jobim International and Santos Dumont) and several key transport routes in the Olympic area. 
Significant upgrades were made to meet the coverage and traffic requirements of the Olympic event, allowing the system to provide critical communications for Rio’s State Police and Emergency Services, as well as 14,000 members of the Olympics organisation work force. 
The prestigious contract positions Sepura as a major supplier of critical communications to the Games. 
Gordon Watling, CEO for Sepura, commented: 
&quot;We have a strong background in events of this scale, having supported communications for the FIFA World Cup 2014 and the Pan-American Games – both huge events in the sporting calendar of Brazil and, indeed, the world. 
“We are delighted that Rio de Janeiro&apos;s public safety agencies have, once again, placed their trust in Sepura.&quot; Next article : Airbus Defence and Space equips Brazilian Federal Police with Tetrapol during the 2016 Olympics » Newsletter 
Stay tuned on the latest developments within the TETRA and Critical Communications Industry. Sign up for our newsletter by registering your e-mail address. E-mail
</topic_text>
<spam_score>0.00</spam_score>
<post_num>1</post_num>
<post_id>post-1</post_id>
<post_url>http://www.tetra-applications.com/33195/news/sepura-support-critical-communication-success-in-rio.html</post_url>
<post_date>20160820</post_date>
<post_time>2200</post_time>
<username></username>
<post>
Sepura Support Critical Communication Success in Rio 21-08-2016 Source: MCCResources Teltronic, part of the Sepura Group, is ensuring that critical communications run smoothly at the Summer Olympics and Paralympics, informally known as Rio 2016. 
A total of 30,000 users, making more than 300,000 calls per day, are being successfully supported by the company’s end-to-end solution, which comprises Nebula TETRA infrastructure, a CeCoCo control centre utilised by over 100 dispatch operators, four transportable high-traffic base stations – to reinforce coverage for key events – and thousands of fixed, mobile and portable terminals. 
A team of 20 systems engineers and technicians provide round-the-clock maintenance and operational support, including resource planning and real-time optimisation of coverage and traffic on an event-by-event basis. 
The agreement extended the existing Nebula network used by Rio police, originally provided for the Pan American Games in 2007, to cover four venues (Barra da Tijuca, Copacabana, Deodoro and Maracanã), two airports (Rio de Janeiro/Galeão - Antônio Carlos Jobim International and Santos Dumont) and several key transport routes in the Olympic area. 
Significant upgrades were made to meet the coverage and traffic requirements of the Olympic event, allowing the system to provide critical communications for Rio’s State Police and Emergency Services, as well as 14,000 members of the Olympics organisation work force. 
The prestigious contract positions Sepura as a major supplier of critical communications to the Games. 
Gordon Watling, CEO for Sepura, commented: 
&quot;We have a strong background in events of this scale, having supported communications for the FIFA World Cup 2014 and the Pan-American Games – both huge events in the sporting calendar of Brazil and, indeed, the world. 
“We are delighted that Rio de Janeiro&apos;s public safety agencies have, once again, placed their trust in Sepura.&quot; Next article : Airbus Defence and Space equips Brazilian Federal Police with Tetrapol during the 2016 Olympics » Newsletter 
Stay tuned on the latest developments within the TETRA and Critical Communications Industry. Sign up for our newsletter by registering your e-mail address. E-mail
</post>
<signature>

</signature>
<external_links>

</external_links>
<country>NL</country>
<main_image></main_image>
</document>
