<?xml version="1.0" encoding="UTF-8"?>
<document>
<type>mainstream</type>
<forum>http://ewallstreeter.com/rss.php?c=15</forum>
<forum_title>eWallstreeter</forum_title>
<discussion_title>John Harbaugh ready to give Ravens rookie Matthew Judon a tougher test</discussion_title>
<language>english</language>
<gmt_offset></gmt_offset>
<topic_url>http://ewallstreeter.com/john-harbaugh-ready-to-give-ravens-rookie-matthew-judon-a-tougher-test-6565/</topic_url>
<topic_text>
John Harbaugh ready to give Ravens rookie Matthew Judon a tougher test From NFL newsAugust 21, 2016 - 12:12pm Baltimore Ravens linebacker Matt Judon (91) stops Carolina Panthers running back Brandon Wegher (32) for a loss of yardage to the 7-yard line during the first preseason game in Baltimore. (Karl Merton Ferron / Baltimore Sun) Share this article »
</topic_text>
<spam_score>0.00</spam_score>
<post_num>1</post_num>
<post_id>post-1</post_id>
<post_url>http://ewallstreeter.com/john-harbaugh-ready-to-give-ravens-rookie-matthew-judon-a-tougher-test-6565/</post_url>
<post_date>20160821</post_date>
<post_time>1612</post_time>
<username></username>
<post>
John Harbaugh ready to give Ravens rookie Matthew Judon a tougher test From NFL newsAugust 21, 2016 - 12:12pm Baltimore Ravens linebacker Matt Judon (91) stops Carolina Panthers running back Brandon Wegher (32) for a loss of yardage to the 7-yard line during the first preseason game in Baltimore. (Karl Merton Ferron / Baltimore Sun) Share this article »
</post>
<signature>

</signature>
<external_links>

</external_links>
<country>US</country>
<main_image></main_image>
</document>
