<?xml version="1.0" encoding="UTF-8"?>
<document>
<type>mainstream</type>
<forum></forum>
<forum_title></forum_title>
<discussion_title>Original | Illustration: “錫狐” by 砂々雨 [pixiv]</discussion_title>
<language>japanese</language>
<gmt_offset></gmt_offset>
<topic_url>http://www.pixiv.net/member_illust.php?mode=medium&amp;amp;illust_id=53870392</topic_url>
<topic_text>

&quot;錫狐&quot;, is tagged with 「こんこれかわいい」「オリジナル500users入り」 and others. 尻尾もっと成長しないかな 
</topic_text>
<spam_score>0.71</spam_score>
<post_num>1</post_num>
<post_id>post-1</post_id>
<post_url>http://www.pixiv.net/member_illust.php?mode=medium&amp;amp;illust_id=53870392</post_url>
<post_date>20151204</post_date>
<post_time></post_time>
<username></username>
<post>

&quot;錫狐&quot;, is tagged with 「こんこれかわいい」「オリジナル500users入り」 and others. 尻尾もっと成長しないかな 
</post>
<signature>

</signature>
<external_links>

</external_links>
<country>JP</country>
<main_image>http://embed.pixiv.net/decorate.php?illust_id=53870392</main_image>
</document>
