<?xml version="1.0" encoding="UTF-8"?>
<document>
<type>mainstream</type>
<forum>http://www.stuff.co.nz/feeds/sport.xml</forum>
<forum_title>Stuff.co.nz - Sport</forum_title>
<discussion_title>All White&apos;s English club manager in potty-mouthed rant</discussion_title>
<language>english</language>
<gmt_offset></gmt_offset>
<topic_url>http://www.stuff.co.nz/sport/football/83407823/all-whites-english-club-manager-in-pottymouthed-rant</topic_url>
<topic_text>
All White&apos;s English club manager in potty-mouthed rant Last updated 08:18, August 22 2016 Ed Sykes 
Ipswich Town manager Mick McCarthy has let rip with a post-match rant at fans, match officials and media. 
All White Tommy Smith&apos;s English club manager has threatened to pour a beer over the next fan who calls him a &quot;boring c***&quot;. 
Ipswich Town manager Mick McCarthy, a former Republic of Ireland captain and coach, launched a potty-mouthed tirade at Town fans after their 1-1 draw with neighbours Norwich City in the English Championship last weekend. 
&quot;I get sick to death,&quot; the 57-year-old said at his post-match press conference, widely reported in the Daily Mail and other English media outlets. Andrew Couldridge/Action Images 
Ipswich Town&apos;s All Whites defender Tommy Smith (L) in action against Fulham. . 
&quot;We play one bad half and we&apos;re all s*** and we can&apos;t play. The manager doesn&apos;t care. Get somebody who cares. 
READ MORE: * Leicester City upset, Manchester City survive 
&apos;I&apos;m a boring c***, somebody called me last week. I wish they would call it to my face on my own because his pint of lager he would have been wearing it. 
&quot;I heard the comments and let me tell you if that&apos;s what they think about me and my team then they are sadly mistaken. I&apos;m not having that. 
&quot;It really does hurt me. Up and down like a bloody fiddlers elbow. I&apos;m alright one week but I&apos;m not the next.&quot; 
His dander up, McCarthy also fired a broadside at match officials after television replays showed Ipswich should have been awarded an early goal after linesman Nigel Rugg ruled Jonathan Douglas was offside. 
McCarthy said Ipswich had also been denied a legitimate goal in a midweek 0-0 draw with Wolverhampton Wanderers and he planned to take the matter up with the Professional Game Match Officials (PGMOL) body. Ad Feedback 
&quot;I&apos;ve just been speaking to the lads at Sky and they said there was a &quot;suggestion&quot; from their pundits that it may be onside,&quot; McCarthy said. &quot;I said, &apos;Well make your f***ing mind up, it either is or it isn&apos;t&apos;.&quot; 
&quot;I live in a black and white world. They decided it was onside. 
&quot;If that is the case then I will be battering PGMOL&apos;s door down again on Monday morning with a tirade of, &apos;Hey, any chance of us getting a decision?&apos;. 
&quot;No I won&apos;t… I&apos;ll be doing that tonight on their answering machine.&quot; 
McCarthy then bemoaned that a TV interviewer asked him: &quot;Did you do enough to win the game?&quot; 
&quot;Well quite clearly we didn&apos;t win. What a stupid bloody question. 
&quot;No because we didn&apos;t score two goals. But I thought we played well enough but we didn&apos;t manage to get another goal.&quot; 
McCarthy, a former centreback, has been Ipswich Town manager since 2012. 
At least Smith, an All Whites defender who played at the 2010 World Cup finals, did not earn McCarthy&apos;s ire. The 26-year-old Kiwi, who has played more than 250 matches for Ipswich, was an unused substitute in the Norwich match.
</topic_text>
<spam_score>0.00</spam_score>
<post_num>1</post_num>
<post_id>post-1</post_id>
<post_url>http://www.stuff.co.nz/sport/football/83407823/all-whites-english-club-manager-in-pottymouthed-rant</post_url>
<post_date>20160821</post_date>
<post_time>2018</post_time>
<username></username>
<post>
All White&apos;s English club manager in potty-mouthed rant Last updated 08:18, August 22 2016 Ed Sykes 
Ipswich Town manager Mick McCarthy has let rip with a post-match rant at fans, match officials and media. 
All White Tommy Smith&apos;s English club manager has threatened to pour a beer over the next fan who calls him a &quot;boring c***&quot;. 
Ipswich Town manager Mick McCarthy, a former Republic of Ireland captain and coach, launched a potty-mouthed tirade at Town fans after their 1-1 draw with neighbours Norwich City in the English Championship last weekend. 
&quot;I get sick to death,&quot; the 57-year-old said at his post-match press conference, widely reported in the Daily Mail and other English media outlets. Andrew Couldridge/Action Images 
Ipswich Town&apos;s All Whites defender Tommy Smith (L) in action against Fulham. . 
&quot;We play one bad half and we&apos;re all s*** and we can&apos;t play. The manager doesn&apos;t care. Get somebody who cares. 
READ MORE: * Leicester City upset, Manchester City survive 
&apos;I&apos;m a boring c***, somebody called me last week. I wish they would call it to my face on my own because his pint of lager he would have been wearing it. 
&quot;I heard the comments and let me tell you if that&apos;s what they think about me and my team then they are sadly mistaken. I&apos;m not having that. 
&quot;It really does hurt me. Up and down like a bloody fiddlers elbow. I&apos;m alright one week but I&apos;m not the next.&quot; 
His dander up, McCarthy also fired a broadside at match officials after television replays showed Ipswich should have been awarded an early goal after linesman Nigel Rugg ruled Jonathan Douglas was offside. 
McCarthy said Ipswich had also been denied a legitimate goal in a midweek 0-0 draw with Wolverhampton Wanderers and he planned to take the matter up with the Professional Game Match Officials (PGMOL) body. Ad Feedback 
&quot;I&apos;ve just been speaking to the lads at Sky and they said there was a &quot;suggestion&quot; from their pundits that it may be onside,&quot; McCarthy said. &quot;I said, &apos;Well make your f***ing mind up, it either is or it isn&apos;t&apos;.&quot; 
&quot;I live in a black and white world. They decided it was onside. 
&quot;If that is the case then I will be battering PGMOL&apos;s door down again on Monday morning with a tirade of, &apos;Hey, any chance of us getting a decision?&apos;. 
&quot;No I won&apos;t… I&apos;ll be doing that tonight on their answering machine.&quot; 
McCarthy then bemoaned that a TV interviewer asked him: &quot;Did you do enough to win the game?&quot; 
&quot;Well quite clearly we didn&apos;t win. What a stupid bloody question. 
&quot;No because we didn&apos;t score two goals. But I thought we played well enough but we didn&apos;t manage to get another goal.&quot; 
McCarthy, a former centreback, has been Ipswich Town manager since 2012. 
At least Smith, an All Whites defender who played at the 2010 World Cup finals, did not earn McCarthy&apos;s ire. The 26-year-old Kiwi, who has played more than 250 matches for Ipswich, was an unused substitute in the Norwich match.
</post>
<signature>

</signature>
<external_links>

</external_links>
<country>NZ</country>
<main_image>http://www.stuff.co.nz/content/dam/images/1/d/n/q/7/x/image.related.StuffLandscapeSixteenByNine.620x349.1dnpvz.png/1471812837672.jpg</main_image>
</document>
