<?xml version="1.0" encoding="UTF-8"?>
<document>
<type>mainstream</type>
<forum>http://economictimes.indiatimes.com/News/rssfeeds/1715249553.cms</forum>
<forum_title>News-The Economic Times</forum_title>
<discussion_title>BSP chief Mayawati trains guns at BJP, plays Dalit-Muslim card</discussion_title>
<language>english</language>
<gmt_offset></gmt_offset>
<topic_url>http://economictimes.indiatimes.com/news/politics-and-nation/bsp-chief-mayawati-trains-guns-at-bjp-plays-dalit-muslim-card/articleshow/53801493.cms</topic_url>
<topic_text>
AGRA: BSP chief Mayawati on Sunday launched her party&apos;s campaign for the Uttar Pradesh assembly elections at a rally here, where her focus was more on attacking the BJP and playing the Dalit and minority cards. 

With an eye on stitching a Muslim-Dalit camaraderie, Mayawati raised the recent attacks on Dalits in Gujarat and elsewhere and also said communal forces were gaining ground under the BJP rule. &quot; Cow vigilantism , love jihad, nationalism and reconversion-related issues are raised to instill fear among minorities, especially Muslims,&quot; she alleged. 

Alleging that Prime Minister Narendra Modi &apos;s promise of &quot;Achchhe din&quot; (good days) has turned out to be &quot;bure din&apos; (had days) for the common man, Mayawati came down heavily against the &apos;nationalism&apos; sloganeering of the BJP suggesting it as a ploy to demoralise Muslims and cover up for the central government&apos;s alleged failure. 

&quot;Now, national functions are being politicised ... the claims of the PM&apos;s achievements are so far from reality on the ground that the BJP has been left far behind its dream to come to power in Lucknow ... they may now go to any extent to cover up for their failure. People are saying that they can even go to war on the pretext of terrorism or Kashmir. That&apos;s why this championing of nationalism and &apos;Tiranga Yatras&apos;,&quot; Mayawati alleged. 

Mayawati took a dig at RSS chief Mohan Bhagwat for his reported remarks over the number of children Hindus should produce. 

&quot;Now the RSS chief is appealing for giving birth to more Hindu children. Instead, he should suggest the Narendra Modi government about ensuring two square meals for every child,&quot; she said in response to Bhagwat&apos;s remarks, reportedly made here on Saturday. The BSP chief attacked BJP&apos;s Dalit outreach programme and sought to consolidate her party&apos;s traditional support base in the community. 

&quot;Making announcements of memorials for Babasaheb Ambedkar or having meals in Dalit households like what Congress tried in the past is not going to benefit (the BJP) ... Dalits do not need the sympathy of BJP or Narendra Modi but seek solid legal actions ..,&quot; Mayawati said. 

&apos;5th CM term for Behen&apos; slogan cheers crowd 
While Mayawati remains the sole crowd puller for the BSP, her first rally at Agra on Sunday revealed the one phrase that appeared potent to cheer up the crowd even as it awaited her. A reference to &quot;5th CM term for Behen Mayawati&quot; by BSP&apos;s newly elected Rajya Sabha member Ashok Siddharth evoked such a huge response from the crowd that all subsequent speakers started referring to it cheer up the crowd which otherwise appeared bored waiting for Mayawati. Her presence itself was sufficient to electrify BSP supporters that waited for her for hours in the humid and hot Agra weather.  
</topic_text>
<spam_score>0.00</spam_score>
<post_num>1</post_num>
<post_id>post-1</post_id>
<post_url>http://economictimes.indiatimes.com/news/politics-and-nation/bsp-chief-mayawati-trains-guns-at-bjp-plays-dalit-muslim-card/articleshow/53801493.cms</post_url>
<post_date>20160822</post_date>
<post_time>0022</post_time>
<username>Ravish Tiwari</username>
<post>
AGRA: BSP chief Mayawati on Sunday launched her party&apos;s campaign for the Uttar Pradesh assembly elections at a rally here, where her focus was more on attacking the BJP and playing the Dalit and minority cards. 

With an eye on stitching a Muslim-Dalit camaraderie, Mayawati raised the recent attacks on Dalits in Gujarat and elsewhere and also said communal forces were gaining ground under the BJP rule. &quot; Cow vigilantism , love jihad, nationalism and reconversion-related issues are raised to instill fear among minorities, especially Muslims,&quot; she alleged. 

Alleging that Prime Minister Narendra Modi &apos;s promise of &quot;Achchhe din&quot; (good days) has turned out to be &quot;bure din&apos; (had days) for the common man, Mayawati came down heavily against the &apos;nationalism&apos; sloganeering of the BJP suggesting it as a ploy to demoralise Muslims and cover up for the central government&apos;s alleged failure. 

&quot;Now, national functions are being politicised ... the claims of the PM&apos;s achievements are so far from reality on the ground that the BJP has been left far behind its dream to come to power in Lucknow ... they may now go to any extent to cover up for their failure. People are saying that they can even go to war on the pretext of terrorism or Kashmir. That&apos;s why this championing of nationalism and &apos;Tiranga Yatras&apos;,&quot; Mayawati alleged. 

Mayawati took a dig at RSS chief Mohan Bhagwat for his reported remarks over the number of children Hindus should produce. 

&quot;Now the RSS chief is appealing for giving birth to more Hindu children. Instead, he should suggest the Narendra Modi government about ensuring two square meals for every child,&quot; she said in response to Bhagwat&apos;s remarks, reportedly made here on Saturday. The BSP chief attacked BJP&apos;s Dalit outreach programme and sought to consolidate her party&apos;s traditional support base in the community. 

&quot;Making announcements of memorials for Babasaheb Ambedkar or having meals in Dalit households like what Congress tried in the past is not going to benefit (the BJP) ... Dalits do not need the sympathy of BJP or Narendra Modi but seek solid legal actions ..,&quot; Mayawati said. 

&apos;5th CM term for Behen&apos; slogan cheers crowd 
While Mayawati remains the sole crowd puller for the BSP, her first rally at Agra on Sunday revealed the one phrase that appeared potent to cheer up the crowd even as it awaited her. A reference to &quot;5th CM term for Behen Mayawati&quot; by BSP&apos;s newly elected Rajya Sabha member Ashok Siddharth evoked such a huge response from the crowd that all subsequent speakers started referring to it cheer up the crowd which otherwise appeared bored waiting for Mayawati. Her presence itself was sufficient to electrify BSP supporters that waited for her for hours in the humid and hot Agra weather.  
</post>
<signature>

</signature>
<external_links>

</external_links>
<country>IN</country>
<main_image>http://economictimes.indiatimes.com/thumb/msid-53801545,width-600,resizemode-4,imglength-60096/news/politics-and-nation/bsp-chief-mayawati-trains-guns-at-bjp-plays-dalit-muslim-card/mayawati.jpg</main_image>
</document>
