<?xml version="1.0" encoding="UTF-8"?>
<document>
<type>mainstream</type>
<forum>http://www.7sur7.be/rss.xml</forum>
<forum_title>7SUR7.be Info, sport et showbiz, 24/24, 7/7, plus de 350 mises à jour quotidiennes</forum_title>
<discussion_title>&quot;Merci mon fils!&quot;: l&apos;émotion du père de Tony Yoka, sacré en super-lourds</discussion_title>
<language>french</language>
<gmt_offset></gmt_offset>
<topic_url>http://www.7sur7.be/7s7/fr/1516/Omnisports/article/detail/2836364/2016/08/21/Merci-mon-fils-l-emotion-du-pere-de-Tony-Yoka-sacre-en-super-lourds.dhtml</topic_url>
<topic_text>
— CANAL+ Rio 2016 (@CanalRio2016) 21 août 2016 vidéo Le boxeur français Tony Yoka a été sacré champion olympique des super-lourds (+91 kg) en battant en finale le Britannique Joe Joyce, dimanche à Rio. 
Yoka, âgé de 24 ans, clôt ainsi l&apos;exceptionnelle moisson française à Rio avec six récompenses (2 or, 2 argent, 2 bronze). Il imite aussi sa compagne Estelle Mossely, titrée vendredi chez les -60 kg, 16 ans après le dernier or olympique français de Brahim Asloum à Sydney.Champion du monde en titre, Yoka a tenu son rang sur le ring du Rio Centro 6 face au Britannique de 30 ans, qu&apos;il avait d&apos;ailleurs battu sur la route de son sacre planétaire l&apos;an passé.Fils d&apos;un boxeur professionnel d&apos;origine congolaise, Yoka a quasiment toujours vécu gants aux poings et récolte la récompense d&apos;un parcours déjà exemplaire. Son père l&apos;a d&apos;ailleurs chaleureusement remercié dans les tribunes. &quot;Merci mon fils! Merci!&quot;, lui a-t-il lancé, en larmes. Des images belles à voir.
</topic_text>
<spam_score>0.00</spam_score>
<post_num>1</post_num>
<post_id>post-1</post_id>
<post_url>http://www.7sur7.be/7s7/fr/1516/Omnisports/article/detail/2836364/2016/08/21/Merci-mon-fils-l-emotion-du-pere-de-Tony-Yoka-sacre-en-super-lourds.dhtml</post_url>
<post_date>20160821</post_date>
<post_time>2038</post_time>
<username>rédaction</username>
<post>
— CANAL+ Rio 2016 (@CanalRio2016) 21 août 2016 vidéo Le boxeur français Tony Yoka a été sacré champion olympique des super-lourds (+91 kg) en battant en finale le Britannique Joe Joyce, dimanche à Rio. 
Yoka, âgé de 24 ans, clôt ainsi l&apos;exceptionnelle moisson française à Rio avec six récompenses (2 or, 2 argent, 2 bronze). Il imite aussi sa compagne Estelle Mossely, titrée vendredi chez les -60 kg, 16 ans après le dernier or olympique français de Brahim Asloum à Sydney.Champion du monde en titre, Yoka a tenu son rang sur le ring du Rio Centro 6 face au Britannique de 30 ans, qu&apos;il avait d&apos;ailleurs battu sur la route de son sacre planétaire l&apos;an passé.Fils d&apos;un boxeur professionnel d&apos;origine congolaise, Yoka a quasiment toujours vécu gants aux poings et récolte la récompense d&apos;un parcours déjà exemplaire. Son père l&apos;a d&apos;ailleurs chaleureusement remercié dans les tribunes. &quot;Merci mon fils! Merci!&quot;, lui a-t-il lancé, en larmes. Des images belles à voir.
</post>
<signature>

</signature>
<external_links>

</external_links>
<country>BE</country>
<main_image>http://static0.7sur7.be/static/photo/2016/18/8/2/20160821223313/media_xll_8989982.jpg</main_image>
</document>
