<?xml version="1.0" encoding="UTF-8"?>
<document>
<type>mainstream</type>
<forum>http://www.politico.com/rss/politicopicks.xml</forum>
<forum_title>POLITICO - TOP Stories</forum_title>
<discussion_title>Obama to visit flood-ravaged Louisiana next week</discussion_title>
<language>english</language>
<gmt_offset></gmt_offset>
<topic_url>http://www.politico.com/story/2016/08/obama-louisiana-flooding-visit-227209</topic_url>
<topic_text>
President Barack Obama will visit Louisiana next week, the White House announced Friday. Obama will travel to Baton Rouge on Tuesday, press secretary Josh Earnest said, noting that Obama’s team reached that date after coordinating with state officials.
Story Continued Below
“Additional details will be announced in the coming days. The President is mindful of the impact that his travel has on first responders and wants to ensure that his presence does not interfere with ongoing recovery efforts,” Earnest said. “He is also eager to get a first-hand look at the impact of the devastating floods, hear from more officials about the response, including how the federal government can assist and tell the people of Louisiana that the American people will be with them as they rebuild their community and come back stronger than ever.”
Republicans have urged Obama to cut short his summer vacation on Martha’s Vineyard to show solidarity with a state that’s been trying to deal with the worst natural disaster in the U.S. since Hurricane Sandy.
The Republican presidential ticket flew into Baton Rouge on Friday morning to visit those impacted by the severe flooding. During his visit with Indiana Gov. Mike Pence, Donald Trump told volunteers at a church in Greenwell Springs that Obama doesn’t want to visit the state, suggesting golf is more important to the president.
“The president says he doesn’t want to come, he is trying to get out of a golf game,” Trump said, according to ABC News . “He will never be under par.”
Hillary Clinton spoke with Louisiana Gov. John Bel Edwards by phone Friday. Clinton said the flood, which was much larger than anticipated, has damaged more than 40,000 homes, impacting more than 100,000 people.
“My heart breaks for Louisiana, and right now, the relief effort can&apos;t afford any distractions. The very best way this team can help is to make sure Louisianans have the resources they need,&quot; Clinton wrote in a Facebook post, which included links to the Red Cross and the Baton Rouge Area Foundation. 
Edwards’ office on Thursday warned against outside politicians visiting the state too soon — particularly Trump. “We welcome him to LA but not for a photo-op,” a spokesman for the governor’s office said in a statement. “Instead we hope he’ll consider volunteering or making a sizable donation to the LA Flood Relief Fund to help the victims of the storm.”
Edwards, a Democrat, himself praised the Obama administration’s response to the disaster and defended Obama from the broadside over his decision to remain on vacation.
“The president is welcome to visit whenever he wants to visit, and when he wants to visit we’re gonna receive him and we’re gonna do whatever’s necessary to make sure that that visit goes off without a hitch,” Edwards said Thursday.
But he also tried to nudge the White House to stay away for a while, noting that when Vice President Joe Biden visited Louisiana to attend police officers’ memorials, his visit closed down interstates and drew law enforcement officers away from their regular duties to provide additional security for Biden.
“Quite frankly, that is not something that I want to go through right now,” he said. “And so while the president is welcome to visit, I would just assume he give us another week or two, get back to a greater sense of normalcy here and then he can visit. Well, I’ll say that differently: He can visit whenever he wants to.”
</topic_text>
<spam_score>0.00</spam_score>
<post_num>181</post_num>
<post_id>post-181</post_id>
<post_url>http://www.politico.com/story/2016/08/obama-louisiana-flooding-visit-227209</post_url>
<post_date>20160820</post_date>
<post_time>0240</post_time>
<username>James Pete Sowders</username>
<post>
• The administration’s conscious effort to end policies that effectively enforce and deter illegal immigration. This includes the cessation of meaningful worksite enforcement against employers who hire illegal aliens and the removal of the illegal workers. It also includes ending effective partnership programs with state and local governments, such as the 287(g) program, that provide a structure through which state and local agencies may enforce immigration laws. • The administration’s intimidation of State and local governments determined to enforce federal immigration laws. President Obama has turned the Department of Justice into the administration’s attack dog, filing lawsuits against states that pass their own immigration enforcement laws. When lawsuits fail, the Department’s Civil Rights division launches meritless investigations designed to harass local governments and officials who attempt to enforce the law. FEDERATION FOR AMERICAN IMMIGRATION REFORM President Obama’s Record of Dismantling Immigration Enforcement Page 2 • The administration’s brazen efforts to grant amnesty to illegal aliens through executive fiat. First, ahead of his 2012 reelection bid, President Obama created Deferred Action for Childhood Arrivals (DACA), an amnesty program for so-called DREAMers that granted deferral from deportation and work authorization. Then, after winning reelection, President Obama teamed up with the Gang of Eight to ram a mass amnesty guest worker bill through Congress despite the overwhelming objections from the American people. After that effort failed, President Obama claimed he had even more executive power—despite saying 22 times he did not—and expanded DACA and created the Deferred Action for Parents of Americans (DAPA), an executive amnesty program for the illegal alien parents of citizen children. • The administration’s dependence on illegal alien advocates to make U.S. immigration policy for the Executive Branch. President Obama has placed strident amnesty advocates in key positions throughout his administration. These appointees have worked openly with advocacy groups to shape a series of policies that amount to backdoor amnesty. • Outright deception on the part of the administration designed to convince the American public that immigration laws are being vigorously enforced. The Obama administration repeatedly engages in efforts to inflate its record of deporting illegal aliens. These deceptive practices include the release of data that is later exposed to be inaccurate. The Departments of Justice and Homeland Security carefully select data to claim that our “borders are more secure than ever,” even as violence along the southern border escalates to alarming proportions.
</post>
<signature>

</signature>
<external_links>

</external_links>
<country>US</country>
<main_image>http://static.politico.com/c4/71/5d9a95d54cc581425b5b8633f319/gettyimages-585977756.jpg</main_image>
</document>
