<?xml version="1.0" encoding="UTF-8"?>
<document>
<type>mainstream</type>
<forum>http://www.tribuneindia.com/news/chandigarh/</forum>
<forum_title>The Tribune, Chandigarh, Mohali, Panchkula news </forum_title>
<discussion_title>Rly Colony primary school gasps for space</discussion_title>
<language>english</language>
<gmt_offset></gmt_offset>
<topic_url>http://www.tribuneindia.com/news/chandigarh/education/rly-colony-primary-school-gasps-for-space/283703.html</topic_url>
<topic_text>
Ishrat S Banwait
Tribune News Service
Chandigarh, August 21
Government Primary School in Railway Colony near Kalagram is another school that does not have enough space. Children are made to sit on the floor in classes. The school authorities inform that they will not be able to accommodate all students in case benches are placed in classes. Classrooms are very small and children are crammed into them. The school is being run from a small 45-year-old building. There is no proper playground on the school premises and children play in an adjacent piece of land belonging to the Railways. The unmaintained ground has tall grass at most places although the headmistress says that the gardener is doing a good job. The school is covered with cement sheets instead of proper roof due to which rooms get very hot. Most classes are located on the west side of the school, which receives the maximum sunlight. It is a pitiful condition as students already have to sit on the floor. The school that runs in two shifts has a boundary wall, but it does not have fence above. The land used as playground has only a grill and no boundary wall. Children of the school are mainly from Railway Colony. Some students belong to the nearby Mauli Jagran village. The school recently got a toilet block bringing relief for students as well as teachers. Students receive free education at the school under the Right to Education Act. It includes free textbooks, uniform and mid day meal, without paying any fee at all. What the school still needs is a bigger building, a proper roof, a proper playground and of course, benches for the little ones. Vital stats Area 0.09 acre Established 1971 Students enrolled 250 Sanctioned posts (teaching) 7 Vacant posts (teaching) - Sanctioned posts (non-teaching) 2 Vacant posts (non-teaching) - What ails Shortage of space No proper playground No proper roofs What is needed More rooms Own playground Reconstruction of old building
</topic_text>
<spam_score>0.17</spam_score>
<post_num>1</post_num>
<post_id>post-1</post_id>
<post_url>http://www.tribuneindia.com/news/chandigarh/education/rly-colony-primary-school-gasps-for-space/283703.html</post_url>
<post_date>20160822</post_date>
<post_time>0215</post_time>
<username>tribuneindia.com</username>
<post>
Ishrat S Banwait
Tribune News Service
Chandigarh, August 21
Government Primary School in Railway Colony near Kalagram is another school that does not have enough space. Children are made to sit on the floor in classes. The school authorities inform that they will not be able to accommodate all students in case benches are placed in classes. Classrooms are very small and children are crammed into them. The school is being run from a small 45-year-old building. There is no proper playground on the school premises and children play in an adjacent piece of land belonging to the Railways. The unmaintained ground has tall grass at most places although the headmistress says that the gardener is doing a good job. The school is covered with cement sheets instead of proper roof due to which rooms get very hot. Most classes are located on the west side of the school, which receives the maximum sunlight. It is a pitiful condition as students already have to sit on the floor. The school that runs in two shifts has a boundary wall, but it does not have fence above. The land used as playground has only a grill and no boundary wall. Children of the school are mainly from Railway Colony. Some students belong to the nearby Mauli Jagran village. The school recently got a toilet block bringing relief for students as well as teachers. Students receive free education at the school under the Right to Education Act. It includes free textbooks, uniform and mid day meal, without paying any fee at all. What the school still needs is a bigger building, a proper roof, a proper playground and of course, benches for the little ones. Vital stats Area 0.09 acre Established 1971 Students enrolled 250 Sanctioned posts (teaching) 7 Vacant posts (teaching) - Sanctioned posts (non-teaching) 2 Vacant posts (non-teaching) - What ails Shortage of space No proper playground No proper roofs What is needed More rooms Own playground Reconstruction of old building
</post>
<signature>

</signature>
<external_links>

</external_links>
<country>SG</country>
<main_image>http://images.tribuneindia.com/cms/gall_content/2016/8/2016_8$largeimg22_Monday_2016_020144770.jpg</main_image>
</document>
