<?xml version="1.0" encoding="UTF-8"?>
<document>
<type>mainstream</type>
<forum>http://www.ogloszenia.moja-ostroleka.pl/rss.php</forum>
<forum_title>Ogłoszenia - Moja Ostrołęka - Informator Miejski</forum_title>
<discussion_title>Maszyny rolnicze - Sprzedam slome z owsa 120x120 ...</discussion_title>
<language>polish</language>
<gmt_offset></gmt_offset>
<topic_url>http://www.ogloszenia.moja-ostroleka.pl/bele-slomy-120x120-owies,1525768.html</topic_url>
<topic_text>
Jeżeli zgłoszenie jest zasadne, administracja usunie ogłoszenie możliwie szybko. E-mail: Ważne do: 28.08.2016 Wyświetleń: 2 Numer GG: ID: #1525768
</topic_text>
<spam_score>0.00</spam_score>
<post_num>1</post_num>
<post_id>post-1</post_id>
<post_url>http://www.ogloszenia.moja-ostroleka.pl/bele-slomy-120x120-owies,1525768.html</post_url>
<post_date>20160821</post_date>
<post_time>2046</post_time>
<username>pol</username>
<post>
Jeżeli zgłoszenie jest zasadne, administracja usunie ogłoszenie możliwie szybko. E-mail: Ważne do: 28.08.2016 Wyświetleń: 2 Numer GG: ID: #1525768
</post>
<signature>

</signature>
<external_links>

</external_links>
<country>PL</country>
<main_image>http://www.ogloszenia.moja-ostroleka.pl/uploads/photos/</main_image>
</document>
