<?xml version="1.0" encoding="UTF-8"?>
<document>
<type>mainstream</type>
<forum>http://www.sudanile.com/index.php?format=feed&amp;type=rss</forum>
<forum_title>صحيفة سودانايل الإلكترونية - الصفحة الرئيسية</forum_title>
<discussion_title>الانكشاري احمد البلال من الخيانة والعمالة إلى الجهل .. بقلم: شوقي بدري</discussion_title>
<language>arabic</language>
<gmt_offset></gmt_offset>
<topic_url>http://www.sudanile.com/index.php?option=com_content&amp;view=article&amp;id=94153:2016-08-21-19-51-42&amp;catid=136&amp;Itemid=55</topic_url>
<topic_text>
الانكشاري احمد البلال من الخيانة والعمالة إلى الجهل .. بقلم: شوقي بدري   الزيارات: 12 عنوان البريد الإلكتروني هذا محمي من روبوتات السبام. يجب عليك تفعيل الجافاسكربت لرؤيته. يطالب احمد البلال وزير الاعلام الدول الغربية بدفع واحد في المئة من دخلها للدول المتخلفة ولا اقول النامية . هل معقول ان وزير الاعلام العالم بكل شئ لا يعرف ان هذه المساعدات والاستقلال قد نوقشت في بداية الاربعينات في مؤتمرنيو فاود لاند وفي مؤتمر يالطا بين تشيرشل استالين وروزفلت الامريكي 1944. وكل الدول الصناعية لاكثر من 60 سنة تدفع واحد في المية او اكثر من واحد في المية ، السويد مثلا . وهذا الزام دولي من الامم المتحدة للدول الصناعية وامال الفلوس الضربتوها دي كانت كشف بكا ولا نقطة حنة ؟ كل ما تجي الفيضانات والجراد والجفاف تضربوا الروري وتتهموا الامم المتحدة بالتقصير والاهمال. وتتهمون منظمة الفاو والصحة العالمية الخ بمعاداة السودان . وانتم تمنعون مرور المساعدات وتحصين الاطفال . طيب المحكمة الجنائية دي ما جزء من الامم المتحدة ؟ تاكلوا الراس يا احمد وتخافوا من العيون . في الستينات ايام حملة العطش في 68 و69 تبرعت السويد ب 50 مليون للحملة . وده في ايام الديمقراطية الثانية . الحكومة كانت مزنوقة في البند الاول. والبند الاول يا سادتي اقوي مصارع في جبال النوبة . بعد فوزه في مهرجان المصارعة طلبوا منه اختيار اسمه الجديد . طبعا كان في اسد هيبان ونمر الجبال والجاموس الخ. قال ليهم اسمي البند الاول ، لانه غلب الحكومة . الراجل سمع انه البند الاول غلب الحكومة . والبند الاول هو المر تبات . السويدي السلم الفلوس تعرض لحملة عنيفة وتشهير في السبعينات . لانه شرب القهوة وسلم القروش واطلب الله . ما عارف الحكومة مزنوقة في السودان. والهندي غير سياسة مامون بحيري التقليدية ... تقليص المنصرفات حتى يحافظ الجنيه السوداني علي قيمته 3 دولار ويحدث استقرار في الاقتصاد . ولم تكن الاسعار تغير لسنين عديدة الكبريت كانت بتعريفة لعشرات السنين قلم التروبن 35 قرش للأسود و45 للأبيض . ضراع الدمورية 4 قروش والبص بي قرش . وسياسة الهندي كانت مربوطة بالانتخابات ... تدوير القروش بسرعة والصرف لكي يحس الناس بالانتعاش وكان بند العطالة والبونص للعمال والموظفين .... وبعدين يحلها الله . واي مساعدات تتم قرقشتها بسرعة . سياسة الهندي المالية والتي وافق عليه الحزبان كانت سياسة عايرة وادوها سوط؟ كان هنالك 700 موظف بريطاني فقط . مع الاستقلال ظهر الوزراء والنواب والبدلات ومصاريف السفر والسكن ومصاريف الانتخابات وجيوش الموظفين . وظهرت الواسطة والقبلية والمحسوبية . البريطاني ما كان بيهمه اذا انت بطحاني تبوسا ولا منداري شهاداتك ومقدرتك . اتنين من الشباب الاداريين البريطانيين تلاعبا مع بعض التجار في مواد التموين في ايام الحرب وحكم عليهم بالسجن ومكثا في السجن. عمنا القاضي الدرديري حكم على بريطاني بالجلد ونفذ فيه حكم الجلد . ولم يتدخل السكرتير الاداري او الحاكم العام . والبشير رئيسك يا احمد عفى ان مربي قام بتخدير طالبة وقام هذا الحيوان بإغتصابها . قلت لى البريطانيين مالوم ؟ وانت ماشي بعيد ليه ؟ كرري دي ليها 118 سنة امشي طالب بي حلايب يا احمد وطالب بدية العساكر الكتلوهم المصريين وطالب بارجاع عربات ومعدات الدهابة السودانيين , وطالب بارجاع الفشقة ومحاسبة قاتلي المزارعين السودانيين . خلي الجبن والجعجعة افتح بلاخ في مجلس الامن وادينا رقم البلاغ ! تشوف لو ما صفقنا ليك ؟ قال شنو؟؟؟ عاوزين اعتذار !!! محن ,, محن ثم محن احمد البلال يطالب بريطانيا بالاعتذار على مقتل السودانيين في كرري ! ونحن نطالبكم يا احمد بالانتحار . لان ما قمتم به انتم ضد شعبكم لا يوصف . خليني اخاليك يا دكتور احمد . الاستعمار مرحلة حتمية في التطور اليشري مثل تقسيم العمل البدائي عمل للنسوان وعمل للرجال ... او الانتاج الطبيعي البدائي صيد وجمع ... الاقطاع ... الرأسمالية ...والاستعمار . .... دول متطورة بإنتاج بضاعي ضخم تبحث عن اسواق ومواد خام . وسيحدث الاستعمار في تلك الفترة رضينا ام ابينا . زالدزل التي لم تستعمر لا تزال تعاني من التأخر في التعليم والادارة .. مثل اليمن كمبوديا اثيوبيا الخ . نحن والحمد للله لم يكن عندنا استعمار استيطاني . والبريطانيون لم يمتلكوا شبرا واحدا في السودان علي عكس الجزائر وكينيا مثلا . والماوماو حاربو لاخراج البريطانيين من كينيا واسترجاع الارض . والآن اوهير ابن جومو كنياتا يمتلك 200 الف فدان من خيرة الاراضي في كينيا . ولم يمتلك اي بريطاني تلك الثروة من قبل . ايان اسميث مكمن البيض من الحكم في روديسيا . وانا شاهدت زمبابوي قبل اكثر من ثلاثة عقود عاصمتها هراري كانت تفوق بعض العواصم الاوربية والاقتصاد في ازدهار. الآن مع موقابي اهل زمبابوي يحلمون برجوع الاستعمار . والاستعمار حردان وما رضيان . نعم يا احمد حدث نهب لبعض الدول ولكن نحن في السودان لم نكن مستعمرة بل كنا تابعين لوزارة الخارجية البريطانية . وكانت بريطانيا تنتزع 20 % لميزانية حكومة السودان من الحكومة المصرية لتغطية العجز . الي ان صار للسودان اقتصاد قوي في الاربعينات . ولم تكن تذهب الي بريطانيا مليم واحدة من السودان . والبريطانيون لم يأتوا للانتقام لغردون ولكن لفتح اسواق لمنتجاتهم . وبعد 9 سنوات من كرري كان في الخرطوم كهرباء ومستشفيلت ومدارس علمية وورش للصيانة وبعض الصناعة . هل كان الخليف سيكهرب الخرطوم ؟ لقد فقد السودان 40% من سكانه بسب الحروب والمجاعة وسوء الادارة والسياسة في زمن الخليفة . لقد فرضت عقوبات اقتصادية علي المانيا بعد خسارة الحرب. استلمنا نحن منها 2 مليون جنيه وقد تساوي الآن 2 بليون دولار . ذهب مليون منها الي الجنوب لبناء مصتع النسيج في انزارا ومزارع القطن والبن والشاي الخ . ومصنع انزارا يا احمد هو الشرارة التي اشعلت فتيل الانتفاضة في اغسطس 1955 ؟ لأن الشماليين طردوا الموظفين والعمال الجنوبيين ووظفوا اهلهم ... ذي ما عاملين انتو دلوكت في السودان . واطلقوا الرصاص علي العمال الجنوبين العزل في المظاهرة بواسطة الجيش وبعض التجار منهم محمد علي وعباس حسون ببنادق صيد الفيل . وهذه الاسماء عالقة بذهني دائما ؟ وهذا لم يحدث في المظاهرات ضد الانجليز ؟ هل سألت يا احمد نفسك لماذا نهضت المانيا واليابان بعد ان كبلتا بعقوبات ضخمة وتعرضت بلادهم الي تخريب كامل وضربت اليابان بالقنابل الذرية ،وتفوقتا علي كل العالم ؟ انه عدم وجود الفساد مثل ما تمارسونه انتم اليوم في كل مرفق في دولتكم . ان فكرة الشمال الغني والجنوب الفقير ، من الافكار المضحكة اليوم . ليس هنالك شئ مطلق . نيوزيلندة واستراليا وسنقافورا من الدول التي تعتبر قدوة في التقدم والحضارة . ويكاد لايوجد فيها فساد . والبرازيل من عمالقة الاقتصاد اليوم والارجنتين وبعض دول لاتين امريكا متطورة اكثر من بعض الدول الاوربية . وهذه الدول في الجنوب . ولجنوب افريقيا اقتصاد قوي وتعليم راقي . وديمقراطية قوية . وهي في الجنوب . هل تعرف يا احمد ان الاسرة في رومانيا اليوم تعيش على 4 الف يورو في السنة وهذا يعني 400 الف دولار في السنة وهذا المبلغ يصرفه الكوز في يوم . ولا ما كدي ؟ وان الرومانيين ينامون في العراء في السويد ودول اسكندنافية ويتسولون وامام كل متجر متسول روماني ؟ ورومانيا في الشمال . والسويديون ليس عندهم قانون يمنع التسول ويريد البرلمان ان يسن قانونا ولكن الشعب يرفض لانه يتعارض مع حقوق الانسان والاخلاق التي لا يعرفها نظامك يا احمد. وبلغاريا ورومانيا وبعض الدول الاوربية تعاني اقتصاديا . ولكن اسكندنافية والمانيا وبعض الدول التي تنعدم فيها الرشوة والفساد وتعمها المعقولية والنظام يوظفون العمال وتشاهد المباني والمنشئات الجديدة في كل مكان واقتصادهن منطلق . وهذه الدول التي تريد ان تحملها انت يا احمد ذنب فشلكم لم تعرف الاستعمار ولم تسمع به . ما ذنبهم في خيبتكم . لقد قال رئيس الوزراء كارل بيلد ان السويد كانت متخلفة في الستينات وان الاجور في الستينات كانت اقل من كثير من الدول عددها ... كان السودان احدها . لقد طورا بلادهم بالعمل والامانة والصدق الذي لا تعرفونه يا احمد . اليونان واسابانيا يعانيان من انظمة تعاني من الفساد النسبي والكسل . وهم في شمال الكرة الارضية يا احمد . صدق العم ابراهيم مادبو عندما اخبرة صديقه البريطاني بيلفور بانهم سيرحلون ويتركونهم لحكم انفسهم . رد العم مادبو كان ... نان ما ركبتونا لوري لا نور لا فرامل لا بوري. ولقد صدق مادبو والدليل هو وجودك انت وامثالك في هذه الحكومة التي قتلت الملاين في الجنوب ومئات الآلاف في دارفور والشرق وكجبار والآن تقصف المدنيين بالطائرات في جبال النوبة وجنوب النيل الازرق . وتقتل الاطفال بالتجويع والحصار ... وتتكلمون عن الحصار الاحادي بتاع الدولارات يا مفترين . انت يا احمد لطخ ولا جلدك تخين؟ ما يتخجل ياخي على كلامك الكريه ده ؟ نسيت بيوت الاشباح واغتصاب الرجال والفساد الفاح ودفق . صحيح قالوا المكري اوالمحرش بيكتل ابوه . اقتباس ...من موضوغبينة الانقاذ مع الدنمارك عند اهلنا التبوسا اقتناع بان كل البقر في العالم حقهم . ومفروض يلموه عليهم . ولقد كتبت قديما ان من حظ الهولنديين انه ماعندهم حدود مع التبوسا . الكوز بيفتكر انه كل الفلوس في العالم حقته. وكل حاجة عندهم تقاس بالمصلحة والمنفعة . والمجاني اكان علاج او تعليم بيعمل ليهم بقاق .وعنما اطلق الدنماركيون مشروعهم بتزويد اهل الجزيرة بمياه نظيفة ، كثفوا عملهم ووضعوا ميزانية ضخمة وكوادر متدربة . بعضهم تزوج سودانيات وبعضهم تعلم اللغة السودانية. والاخ توم الذي يحلف علي الاكل بالهجة السودانية . عزم سودانيين علي عشاء , وعندما تلفت السودانيون للشوك والسكاكين . قال لهم انحنا في السودان بناكل بي شوك ؟؟لقد اجهض مشروع مياه صحية للجزيرة . كما اجهض مشروع محاربة الدرن ,,, السل ,, في شرق السودان في ايام نميري بواسطة السفير عبد اللطيف وود المجذوب رجل الامن والقنصل . لان الشرق حسب رايهم منطقة امنية لايسمحون للدنماركيين بالتواجد فيها . وبدات المهزلة بان طلبوا برسوم للفيزة . وخوفا من الفضيحة طلب مني الاخصائي في الصدرية عبد الرحمن عبد الحميد عثمان بأن لا اخبر الدنماركيين . وعبد الرحمن لم يكن عنده فرصة مرافقتهم لاكثر من شهر لارتباطه بالعمل في المستشفي سانت جوزيف في كوبنهاجن . وعبد الرحمن كان مهتما لانه في فترة سجنه في الدكتاتورية الاولي اصيب بذالك الداء. ولم تكن المبادرة منه بل من الدنماركيين . ودفعت حوالي 160 دولار كرسوم للفيزة ، ارجعت الي بعد الرفض . وكان هذا بداية حملة واسعة تشمل كل الشرق . والممرضات والاطباء كانوا متطوعين . ويمولون وجودهم لخمسة اشهر بفلوسهم . وفي حالة نجاح الحملة ، وعدتهم الحكومة الدنماركية بحملة شاملة . كان هذا في 1977 . محن ... محن سودانية .هذا الموضوع نشر ايام مقاطعة الدنمارك بسب الرسومات .اقتباس غبينة الانقاذ مع الدنماركسمعنا قديما ان جماعه مشوا لى عزاء . وكان معهم صديق يجعر طيله الوقت وكلما يأتى معزى جديد يبكى بحرقه . وبعد ترك منزل العزاء سأله زملائه مستغربين لان علاقته لم تكن عميقه مع المرحوم . فوضح ان صفقه ربطته مع المرحوم . الا انها لم تكتمل بسبب الوفاة . وكان يقول كلما اتذكر القريشات اتحرق واقعد اجعر .فى بدايه السبعينات اتخذ قرار بواسطه الامم المتحده ان الدول الصناعيه تعطى واحد فى المئه من دخلها القومى كمساعدات للعالم الثالث . واحد فى المئه لا يبدو كشئ كثير . ولكن الآن لان العالم تجاوز مرحله البليون وصار الكلام بالترليونات . وتعنى الف بليون . فامريكا تدفع خمس الواحد فى المئه الا انها ثروه كبيره . وحتي في الستينات وبالرغم من هجوم ناصر علي امريكا كانت مصر تتلقي قمحا ومساعدات تصل الي 200 مليون دولار سنويا . وتعادل الآن البلايين . والغرض ان تتواصل الصلة بالشعب المصري . السويد وبعض الدول الاسكندنافيه يدفعون اكثر من الواحد فى المئه . وقسمت دول اسكندنافيه افريقيا الى اربعه اقسام . وصرنا نحن تحت المظله الدنماركيه والمنظمه الدنماركيه للمساعده اسمها دنيداوالسويديه اسمها سيدا .نحن فى الخرطوم قد لا نحس بهذه المساعدات . فعلى سبيل المثال اعطت الدنمارك سفن اوتوماتيكيه لاول مره لحكومه السودان . لمساعده السودان فى نقل بضائعه . كما حفروا الحفائر واقاموا السدود وحفروا الآبار ومدو انابيب الماء فى شرق السودان وكان لهم مركز ضخم فى الجزيره . وبنوا مستشفيات .والغرض كان تزويد اهل الجزيره الذين هم القوه العامله والمنتجه فى البلد , بمياه شرب نقيه بعيدا عن البلهارسيا والقارضيا .مشكله الاوربيين انهم يأخذون الامور بشكل عقائدى . خاصه الشباب اللذين عندهم ايمان انه من الواجب مساعده افريقيا . وتحرير الشعوب الافريقيه ودفع الدين الاوربى نسبه لما حاق بافريقيا من استغلال واستعباد بواسطه الدول الاوربيه . والدنمارك لعده سنين اختيرت كالدوله الاولى الاقل فسادا فى العالم . وبما ان السودان مساحته ستين مره اكثر من الدنمارك . الا ان الدنماركيين اقتصاد متطور . ومنتجاتهم الزراعيه موجوده فى كل العالم . كما انهم متطورين جدا فى المدخلات الزراعيه والمنتجات الصيدلانيه . ويكفى ان العرب عندما فكروا فى مقاطعه الدنمارك اكتشفوا ان خمسه وسبعين فى المئه من الانسلين المستخدم فى الدول العربيه يأتى من الدنمارك .عندما اتت الانقاذ صاروا يبيعون كل شئ . من الاشياء التى باعوها الخطوط البحريه السودانيه . ثم قرروا ان يبيعوا الماء الذى تعب وشقى الدنماركيين فى حفره وتنقيته وضخه فى مواسير . ولم يفهم الدنماركيون كيف يتعبون ويشقون ويتعرضون لامراض من ملاريا ويرقان وقارضيا وكلزار لسنين طويله وهم مؤمنون بانهم يأدون رساله انسانيه . وبالرغم من الضغط والتهديد بقفل مكاتبهم رفض الدنماركيون الانصياع فقامت الحكومه بمضايقتهم فتركوا العمل فى السودان .من اللذين احبوا السودان وقادوا العمل الدنماركى فى السودان هو الدنماركى توم الذى تزوج من الاخت نجوى السودانيه وكان المهندس المسؤول من التيم الدنماركى . وعمله انحصر فى... تعليه صهاريج
</topic_text>
<spam_score>0.00</spam_score>
<post_num>1</post_num>
<post_id>post-1</post_id>
<post_url>http://www.sudanile.com/index.php?option=com_content&amp;view=article&amp;id=94153:2016-08-21-19-51-42&amp;catid=136&amp;Itemid=55</post_url>
<post_date>20160821</post_date>
<post_time>1951</post_time>
<username>tarig@sudanile.com (Tarig Algazoli)</username>
<post>
الانكشاري احمد البلال من الخيانة والعمالة إلى الجهل .. بقلم: شوقي بدري   الزيارات: 12 عنوان البريد الإلكتروني هذا محمي من روبوتات السبام. يجب عليك تفعيل الجافاسكربت لرؤيته. يطالب احمد البلال وزير الاعلام الدول الغربية بدفع واحد في المئة من دخلها للدول المتخلفة ولا اقول النامية . هل معقول ان وزير الاعلام العالم بكل شئ لا يعرف ان هذه المساعدات والاستقلال قد نوقشت في بداية الاربعينات في مؤتمرنيو فاود لاند وفي مؤتمر يالطا بين تشيرشل استالين وروزفلت الامريكي 1944. وكل الدول الصناعية لاكثر من 60 سنة تدفع واحد في المية او اكثر من واحد في المية ، السويد مثلا . وهذا الزام دولي من الامم المتحدة للدول الصناعية وامال الفلوس الضربتوها دي كانت كشف بكا ولا نقطة حنة ؟ كل ما تجي الفيضانات والجراد والجفاف تضربوا الروري وتتهموا الامم المتحدة بالتقصير والاهمال. وتتهمون منظمة الفاو والصحة العالمية الخ بمعاداة السودان . وانتم تمنعون مرور المساعدات وتحصين الاطفال . طيب المحكمة الجنائية دي ما جزء من الامم المتحدة ؟ تاكلوا الراس يا احمد وتخافوا من العيون . في الستينات ايام حملة العطش في 68 و69 تبرعت السويد ب 50 مليون للحملة . وده في ايام الديمقراطية الثانية . الحكومة كانت مزنوقة في البند الاول. والبند الاول يا سادتي اقوي مصارع في جبال النوبة . بعد فوزه في مهرجان المصارعة طلبوا منه اختيار اسمه الجديد . طبعا كان في اسد هيبان ونمر الجبال والجاموس الخ. قال ليهم اسمي البند الاول ، لانه غلب الحكومة . الراجل سمع انه البند الاول غلب الحكومة . والبند الاول هو المر تبات . السويدي السلم الفلوس تعرض لحملة عنيفة وتشهير في السبعينات . لانه شرب القهوة وسلم القروش واطلب الله . ما عارف الحكومة مزنوقة في السودان. والهندي غير سياسة مامون بحيري التقليدية ... تقليص المنصرفات حتى يحافظ الجنيه السوداني علي قيمته 3 دولار ويحدث استقرار في الاقتصاد . ولم تكن الاسعار تغير لسنين عديدة الكبريت كانت بتعريفة لعشرات السنين قلم التروبن 35 قرش للأسود و45 للأبيض . ضراع الدمورية 4 قروش والبص بي قرش . وسياسة الهندي كانت مربوطة بالانتخابات ... تدوير القروش بسرعة والصرف لكي يحس الناس بالانتعاش وكان بند العطالة والبونص للعمال والموظفين .... وبعدين يحلها الله . واي مساعدات تتم قرقشتها بسرعة . سياسة الهندي المالية والتي وافق عليه الحزبان كانت سياسة عايرة وادوها سوط؟ كان هنالك 700 موظف بريطاني فقط . مع الاستقلال ظهر الوزراء والنواب والبدلات ومصاريف السفر والسكن ومصاريف الانتخابات وجيوش الموظفين . وظهرت الواسطة والقبلية والمحسوبية . البريطاني ما كان بيهمه اذا انت بطحاني تبوسا ولا منداري شهاداتك ومقدرتك . اتنين من الشباب الاداريين البريطانيين تلاعبا مع بعض التجار في مواد التموين في ايام الحرب وحكم عليهم بالسجن ومكثا في السجن. عمنا القاضي الدرديري حكم على بريطاني بالجلد ونفذ فيه حكم الجلد . ولم يتدخل السكرتير الاداري او الحاكم العام . والبشير رئيسك يا احمد عفى ان مربي قام بتخدير طالبة وقام هذا الحيوان بإغتصابها . قلت لى البريطانيين مالوم ؟ وانت ماشي بعيد ليه ؟ كرري دي ليها 118 سنة امشي طالب بي حلايب يا احمد وطالب بدية العساكر الكتلوهم المصريين وطالب بارجاع عربات ومعدات الدهابة السودانيين , وطالب بارجاع الفشقة ومحاسبة قاتلي المزارعين السودانيين . خلي الجبن والجعجعة افتح بلاخ في مجلس الامن وادينا رقم البلاغ ! تشوف لو ما صفقنا ليك ؟ قال شنو؟؟؟ عاوزين اعتذار !!! محن ,, محن ثم محن احمد البلال يطالب بريطانيا بالاعتذار على مقتل السودانيين في كرري ! ونحن نطالبكم يا احمد بالانتحار . لان ما قمتم به انتم ضد شعبكم لا يوصف . خليني اخاليك يا دكتور احمد . الاستعمار مرحلة حتمية في التطور اليشري مثل تقسيم العمل البدائي عمل للنسوان وعمل للرجال ... او الانتاج الطبيعي البدائي صيد وجمع ... الاقطاع ... الرأسمالية ...والاستعمار . .... دول متطورة بإنتاج بضاعي ضخم تبحث عن اسواق ومواد خام . وسيحدث الاستعمار في تلك الفترة رضينا ام ابينا . زالدزل التي لم تستعمر لا تزال تعاني من التأخر في التعليم والادارة .. مثل اليمن كمبوديا اثيوبيا الخ . نحن والحمد للله لم يكن عندنا استعمار استيطاني . والبريطانيون لم يمتلكوا شبرا واحدا في السودان علي عكس الجزائر وكينيا مثلا . والماوماو حاربو لاخراج البريطانيين من كينيا واسترجاع الارض . والآن اوهير ابن جومو كنياتا يمتلك 200 الف فدان من خيرة الاراضي في كينيا . ولم يمتلك اي بريطاني تلك الثروة من قبل . ايان اسميث مكمن البيض من الحكم في روديسيا . وانا شاهدت زمبابوي قبل اكثر من ثلاثة عقود عاصمتها هراري كانت تفوق بعض العواصم الاوربية والاقتصاد في ازدهار. الآن مع موقابي اهل زمبابوي يحلمون برجوع الاستعمار . والاستعمار حردان وما رضيان . نعم يا احمد حدث نهب لبعض الدول ولكن نحن في السودان لم نكن مستعمرة بل كنا تابعين لوزارة الخارجية البريطانية . وكانت بريطانيا تنتزع 20 % لميزانية حكومة السودان من الحكومة المصرية لتغطية العجز . الي ان صار للسودان اقتصاد قوي في الاربعينات . ولم تكن تذهب الي بريطانيا مليم واحدة من السودان . والبريطانيون لم يأتوا للانتقام لغردون ولكن لفتح اسواق لمنتجاتهم . وبعد 9 سنوات من كرري كان في الخرطوم كهرباء ومستشفيلت ومدارس علمية وورش للصيانة وبعض الصناعة . هل كان الخليف سيكهرب الخرطوم ؟ لقد فقد السودان 40% من سكانه بسب الحروب والمجاعة وسوء الادارة والسياسة في زمن الخليفة . لقد فرضت عقوبات اقتصادية علي المانيا بعد خسارة الحرب. استلمنا نحن منها 2 مليون جنيه وقد تساوي الآن 2 بليون دولار . ذهب مليون منها الي الجنوب لبناء مصتع النسيج في انزارا ومزارع القطن والبن والشاي الخ . ومصنع انزارا يا احمد هو الشرارة التي اشعلت فتيل الانتفاضة في اغسطس 1955 ؟ لأن الشماليين طردوا الموظفين والعمال الجنوبيين ووظفوا اهلهم ... ذي ما عاملين انتو دلوكت في السودان . واطلقوا الرصاص علي العمال الجنوبين العزل في المظاهرة بواسطة الجيش وبعض التجار منهم محمد علي وعباس حسون ببنادق صيد الفيل . وهذه الاسماء عالقة بذهني دائما ؟ وهذا لم يحدث في المظاهرات ضد الانجليز ؟ هل سألت يا احمد نفسك لماذا نهضت المانيا واليابان بعد ان كبلتا بعقوبات ضخمة وتعرضت بلادهم الي تخريب كامل وضربت اليابان بالقنابل الذرية ،وتفوقتا علي كل العالم ؟ انه عدم وجود الفساد مثل ما تمارسونه انتم اليوم في كل مرفق في دولتكم . ان فكرة الشمال الغني والجنوب الفقير ، من الافكار المضحكة اليوم . ليس هنالك شئ مطلق . نيوزيلندة واستراليا وسنقافورا من الدول التي تعتبر قدوة في التقدم والحضارة . ويكاد لايوجد فيها فساد . والبرازيل من عمالقة الاقتصاد اليوم والارجنتين وبعض دول لاتين امريكا متطورة اكثر من بعض الدول الاوربية . وهذه الدول في الجنوب . ولجنوب افريقيا اقتصاد قوي وتعليم راقي . وديمقراطية قوية . وهي في الجنوب . هل تعرف يا احمد ان الاسرة في رومانيا اليوم تعيش على 4 الف يورو في السنة وهذا يعني 400 الف دولار في السنة وهذا المبلغ يصرفه الكوز في يوم . ولا ما كدي ؟ وان الرومانيين ينامون في العراء في السويد ودول اسكندنافية ويتسولون وامام كل متجر متسول روماني ؟ ورومانيا في الشمال . والسويديون ليس عندهم قانون يمنع التسول ويريد البرلمان ان يسن قانونا ولكن الشعب يرفض لانه يتعارض مع حقوق الانسان والاخلاق التي لا يعرفها نظامك يا احمد. وبلغاريا ورومانيا وبعض الدول الاوربية تعاني اقتصاديا . ولكن اسكندنافية والمانيا وبعض الدول التي تنعدم فيها الرشوة والفساد وتعمها المعقولية والنظام يوظفون العمال وتشاهد المباني والمنشئات الجديدة في كل مكان واقتصادهن منطلق . وهذه الدول التي تريد ان تحملها انت يا احمد ذنب فشلكم لم تعرف الاستعمار ولم تسمع به . ما ذنبهم في خيبتكم . لقد قال رئيس الوزراء كارل بيلد ان السويد كانت متخلفة في الستينات وان الاجور في الستينات كانت اقل من كثير من الدول عددها ... كان السودان احدها . لقد طورا بلادهم بالعمل والامانة والصدق الذي لا تعرفونه يا احمد . اليونان واسابانيا يعانيان من انظمة تعاني من الفساد النسبي والكسل . وهم في شمال الكرة الارضية يا احمد . صدق العم ابراهيم مادبو عندما اخبرة صديقه البريطاني بيلفور بانهم سيرحلون ويتركونهم لحكم انفسهم . رد العم مادبو كان ... نان ما ركبتونا لوري لا نور لا فرامل لا بوري. ولقد صدق مادبو والدليل هو وجودك انت وامثالك في هذه الحكومة التي قتلت الملاين في الجنوب ومئات الآلاف في دارفور والشرق وكجبار والآن تقصف المدنيين بالطائرات في جبال النوبة وجنوب النيل الازرق . وتقتل الاطفال بالتجويع والحصار ... وتتكلمون عن الحصار الاحادي بتاع الدولارات يا مفترين . انت يا احمد لطخ ولا جلدك تخين؟ ما يتخجل ياخي على كلامك الكريه ده ؟ نسيت بيوت الاشباح واغتصاب الرجال والفساد الفاح ودفق . صحيح قالوا المكري اوالمحرش بيكتل ابوه . اقتباس ...من موضوغبينة الانقاذ مع الدنمارك عند اهلنا التبوسا اقتناع بان كل البقر في العالم حقهم . ومفروض يلموه عليهم . ولقد كتبت قديما ان من حظ الهولنديين انه ماعندهم حدود مع التبوسا . الكوز بيفتكر انه كل الفلوس في العالم حقته. وكل حاجة عندهم تقاس بالمصلحة والمنفعة . والمجاني اكان علاج او تعليم بيعمل ليهم بقاق .وعنما اطلق الدنماركيون مشروعهم بتزويد اهل الجزيرة بمياه نظيفة ، كثفوا عملهم ووضعوا ميزانية ضخمة وكوادر متدربة . بعضهم تزوج سودانيات وبعضهم تعلم اللغة السودانية. والاخ توم الذي يحلف علي الاكل بالهجة السودانية . عزم سودانيين علي عشاء , وعندما تلفت السودانيون للشوك والسكاكين . قال لهم انحنا في السودان بناكل بي شوك ؟؟لقد اجهض مشروع مياه صحية للجزيرة . كما اجهض مشروع محاربة الدرن ,,, السل ,, في شرق السودان في ايام نميري بواسطة السفير عبد اللطيف وود المجذوب رجل الامن والقنصل . لان الشرق حسب رايهم منطقة امنية لايسمحون للدنماركيين بالتواجد فيها . وبدات المهزلة بان طلبوا برسوم للفيزة . وخوفا من الفضيحة طلب مني الاخصائي في الصدرية عبد الرحمن عبد الحميد عثمان بأن لا اخبر الدنماركيين . وعبد الرحمن لم يكن عنده فرصة مرافقتهم لاكثر من شهر لارتباطه بالعمل في المستشفي سانت جوزيف في كوبنهاجن . وعبد الرحمن كان مهتما لانه في فترة سجنه في الدكتاتورية الاولي اصيب بذالك الداء. ولم تكن المبادرة منه بل من الدنماركيين . ودفعت حوالي 160 دولار كرسوم للفيزة ، ارجعت الي بعد الرفض . وكان هذا بداية حملة واسعة تشمل كل الشرق . والممرضات والاطباء كانوا متطوعين . ويمولون وجودهم لخمسة اشهر بفلوسهم . وفي حالة نجاح الحملة ، وعدتهم الحكومة الدنماركية بحملة شاملة . كان هذا في 1977 . محن ... محن سودانية .هذا الموضوع نشر ايام مقاطعة الدنمارك بسب الرسومات .اقتباس غبينة الانقاذ مع الدنماركسمعنا قديما ان جماعه مشوا لى عزاء . وكان معهم صديق يجعر طيله الوقت وكلما يأتى معزى جديد يبكى بحرقه . وبعد ترك منزل العزاء سأله زملائه مستغربين لان علاقته لم تكن عميقه مع المرحوم . فوضح ان صفقه ربطته مع المرحوم . الا انها لم تكتمل بسبب الوفاة . وكان يقول كلما اتذكر القريشات اتحرق واقعد اجعر .فى بدايه السبعينات اتخذ قرار بواسطه الامم المتحده ان الدول الصناعيه تعطى واحد فى المئه من دخلها القومى كمساعدات للعالم الثالث . واحد فى المئه لا يبدو كشئ كثير . ولكن الآن لان العالم تجاوز مرحله البليون وصار الكلام بالترليونات . وتعنى الف بليون . فامريكا تدفع خمس الواحد فى المئه الا انها ثروه كبيره . وحتي في الستينات وبالرغم من هجوم ناصر علي امريكا كانت مصر تتلقي قمحا ومساعدات تصل الي 200 مليون دولار سنويا . وتعادل الآن البلايين . والغرض ان تتواصل الصلة بالشعب المصري . السويد وبعض الدول الاسكندنافيه يدفعون اكثر من الواحد فى المئه . وقسمت دول اسكندنافيه افريقيا الى اربعه اقسام . وصرنا نحن تحت المظله الدنماركيه والمنظمه الدنماركيه للمساعده اسمها دنيداوالسويديه اسمها سيدا .نحن فى الخرطوم قد لا نحس بهذه المساعدات . فعلى سبيل المثال اعطت الدنمارك سفن اوتوماتيكيه لاول مره لحكومه السودان . لمساعده السودان فى نقل بضائعه . كما حفروا الحفائر واقاموا السدود وحفروا الآبار ومدو انابيب الماء فى شرق السودان وكان لهم مركز ضخم فى الجزيره . وبنوا مستشفيات .والغرض كان تزويد اهل الجزيره الذين هم القوه العامله والمنتجه فى البلد , بمياه شرب نقيه بعيدا عن البلهارسيا والقارضيا .مشكله الاوربيين انهم يأخذون الامور بشكل عقائدى . خاصه الشباب اللذين عندهم ايمان انه من الواجب مساعده افريقيا . وتحرير الشعوب الافريقيه ودفع الدين الاوربى نسبه لما حاق بافريقيا من استغلال واستعباد بواسطه الدول الاوربيه . والدنمارك لعده سنين اختيرت كالدوله الاولى الاقل فسادا فى العالم . وبما ان السودان مساحته ستين مره اكثر من الدنمارك . الا ان الدنماركيين اقتصاد متطور . ومنتجاتهم الزراعيه موجوده فى كل العالم . كما انهم متطورين جدا فى المدخلات الزراعيه والمنتجات الصيدلانيه . ويكفى ان العرب عندما فكروا فى مقاطعه الدنمارك اكتشفوا ان خمسه وسبعين فى المئه من الانسلين المستخدم فى الدول العربيه يأتى من الدنمارك .عندما اتت الانقاذ صاروا يبيعون كل شئ . من الاشياء التى باعوها الخطوط البحريه السودانيه . ثم قرروا ان يبيعوا الماء الذى تعب وشقى الدنماركيين فى حفره وتنقيته وضخه فى مواسير . ولم يفهم الدنماركيون كيف يتعبون ويشقون ويتعرضون لامراض من ملاريا ويرقان وقارضيا وكلزار لسنين طويله وهم مؤمنون بانهم يأدون رساله انسانيه . وبالرغم من الضغط والتهديد بقفل مكاتبهم رفض الدنماركيون الانصياع فقامت الحكومه بمضايقتهم فتركوا العمل فى السودان .من اللذين احبوا السودان وقادوا العمل الدنماركى فى السودان هو الدنماركى توم الذى تزوج من الاخت نجوى السودانيه وكان المهندس المسؤول من التيم الدنماركى . وعمله انحصر فى... تعليه صهاريج
</post>
<signature>

</signature>
<external_links>

</external_links>
<country>CA</country>
<main_image></main_image>
</document>
