<?xml version="1.0" encoding="UTF-8"?>
<document>
<type>mainstream</type>
<forum>http://floridagators.com/rss.aspx</forum>
<forum_title>Florida Gators</forum_title>
<discussion_title>Preseason No. 7 Florida Soccer Defeats Florida Atlantic 3-0</discussion_title>
<language>english</language>
<gmt_offset></gmt_offset>
<topic_url>http://floridagators.com/news/2016/8/21/preseason-no-7-florida-soccer-defeats-florida-atlantic-3-0.aspx</topic_url>
<topic_text>
received the ball off a throw-in and her touch popped the ball to open space just above the six-yard box. Monteagudo pounced on the free ball and placed it in from eight yards in the 24 th minute. The Gators were awarded their first penalty kick of the season when Monteagudo was upended by FAU&apos;s Alex Mason. Senior successfully converted the penalty kick in the 29 th minute. Florida&apos;s final goal came with just a second left in the opening half. Jordan received the ball after making a run down the right side and she moved toward goal. FAU goalkeeper Sydney Drinkwater came out to make the stop and the two collided in the box. Drinkwater was given a red card and Jennifer Ocampo replaced her in goal. She deflected Jordan&apos;s penalty kick attempt, but Jordan put in the rebound to give UF a 3-0 halftime lead. Worth Noting After this weekend&apos;s action, Jordan has moved into sole possession of third on Florida&apos;s Career Goals chart at 67. Her goal on Friday moved her into a tie for third with Gator Great Danielle Fotopoulos. Jordan&apos;s three points today (1 goal, 1 assist) now moves her into a tie with Fotopoulos for fourth on the Gators Career Points list at 156 (Jordan: 67g, 22a = 156 pts). All three Gator goal scorers today – Monteagudo, Dougherty Howard and Jordan - also turned in a goal in Friday&apos;s 5-2 win over Iowa State. Jordan&apos;s score with just one second remaining is the latest opening half goal in the program&apos;s history. The previous latest goal came at 44:58 off Nicky Kit&apos;s free kick goal at South Carolina on Oct. 29, 2010. That 1-0 win gave the Gators the 2010 Southeastern Conference title. For the second consecutive match, 21 players appeared in the game for Florida. Florida Head Coach has led the Gator program since its debut match on Sept. 2, 1995 (4-0 home win over Florida State). The Gator program is now 375-98-31 in the program&apos;s 22-year history. Records: Florida Atlantics: 1-1-0, 0-0 C-USA What the Gators Said: On her overall thoughts on today&apos;s win… &quot;The thing that was the best for us was the second half. We wanted to have no looks from them whatsoever, no offensive presence from them. And I think we accomplished that. That&apos;s a real positive for us because it was a goal we set at halftime.&quot; - head coach On pressing being a part of the game plan today… &quot;I&apos;d like to press a little bit more, but it&apos;s tough on Sunday afternoons. This weather is tough. We used quite a few players today, but Sunday&apos;s are tough to press. That might be more of a nighttime activity.&quot; - head coach On Florida&apos;s set pieces today… &quot;I thought FAU did a good job of keeping us out of the net a few times. The keeper came up with some good saves. Some of the posts and crossbars came up with some good saves too. But that&apos;s part of the game. Overall, it was a good opening weekend for us.&quot; – head coach On the upcoming six matches away from home… &quot;It&apos;s a tough travel schedule because we really only have two days of practice. We&apos;ll be off tomorrow, train Tuesday in the morning; we travel Wednesday, which is going to be a tough day. It&apos;s about recovering our bodies from the weekend, getting a couple things ironed out, then playing on Friday.&quot; – head coach On the new-look backline… &quot;We&apos;ve had a lot of people step up and definitely fill that void. Give Claire (Falknor) and Christen (Westphal) a lot of credit. They held it down for a long time. But we&apos;ve definitely had a lot of freshmen and transfers come in and even players that didn&apos;t see that much time last year - they&apos;ve really come in, stepped up at that position and helped us out. We have a lot of options.&quot; – sophomore goalkeeper On the upcoming six-match road trip… &quot;We&apos;re just going to take it one game at a time, day by day. We&apos;re going to focus on those teams, regroup when we come back. But we just really want to take it one game at a time, give each team their respect.&quot; – sophomore goalkeeper On the win, her lone goal, and some of the unfortunate misses she had today… &quot;Hopefully I&apos;m getting it all out this weekend so later in the year we can finish some more. I was a bit unlucky, but it&apos;s great I&apos;m getting those opportunities. My teammates are doing a great job of setting me up. Two wins for the weekend. That&apos;s the biggest thing for us.&quot; – senior forward On whether the team left some goals out there today… &quot;Yeah. We&apos;re creating so many opportunities. My teammates are doing a great job setting me up, setting other teammates up, and I think our chances will come. This is only our second game of the season, we&apos;re getting to know each other, and I think more will come as we continue.&quot; – senior forward On already scoring two goals this year… &quot;There&apos;s really no explanation. I feel like I have a different mindset coming out. Really just doing it for my team, and that&apos;s what I&apos;m thinking about when I go in.&quot; – sophomore forward Preseason Conference Votes: Florida swept the 2015 SEC regular-season titles. Florida Atlantic was third in the 2015 Conference USA standings. Florida – The Gators are picked to win the 2016 Southeastern Conference title. FAU – The Owls are picked to finish third in the C-USA. North Texas is the C-USA preseason pick to win the league. Rankings: Next up: Florida begins a six-match road stretch with a trip to the Golden State. The Gators face preseason No. 5 Stanford on Friday, Aug. 26 at 11 p.m. ET. Then Florida will meet UCLA on Sunday, Aug. 28 at 6 p.m. ET. Both matches will air on the Pac-12 Network. Listen to Adam Schick call of both matches on ESPN Gainesville 850AM/95.3FM or via the FloridaGators.com stream.
</topic_text>
<spam_score>0.00</spam_score>
<post_num>1</post_num>
<post_id>post-1</post_id>
<post_url>http://floridagators.com/news/2016/8/21/preseason-no-7-florida-soccer-defeats-florida-atlantic-3-0.aspx</post_url>
<post_date>20160821</post_date>
<post_time>1628</post_time>
<username></username>
<post>
received the ball off a throw-in and her touch popped the ball to open space just above the six-yard box. Monteagudo pounced on the free ball and placed it in from eight yards in the 24 th minute. The Gators were awarded their first penalty kick of the season when Monteagudo was upended by FAU&apos;s Alex Mason. Senior successfully converted the penalty kick in the 29 th minute. Florida&apos;s final goal came with just a second left in the opening half. Jordan received the ball after making a run down the right side and she moved toward goal. FAU goalkeeper Sydney Drinkwater came out to make the stop and the two collided in the box. Drinkwater was given a red card and Jennifer Ocampo replaced her in goal. She deflected Jordan&apos;s penalty kick attempt, but Jordan put in the rebound to give UF a 3-0 halftime lead. Worth Noting After this weekend&apos;s action, Jordan has moved into sole possession of third on Florida&apos;s Career Goals chart at 67. Her goal on Friday moved her into a tie for third with Gator Great Danielle Fotopoulos. Jordan&apos;s three points today (1 goal, 1 assist) now moves her into a tie with Fotopoulos for fourth on the Gators Career Points list at 156 (Jordan: 67g, 22a = 156 pts). All three Gator goal scorers today – Monteagudo, Dougherty Howard and Jordan - also turned in a goal in Friday&apos;s 5-2 win over Iowa State. Jordan&apos;s score with just one second remaining is the latest opening half goal in the program&apos;s history. The previous latest goal came at 44:58 off Nicky Kit&apos;s free kick goal at South Carolina on Oct. 29, 2010. That 1-0 win gave the Gators the 2010 Southeastern Conference title. For the second consecutive match, 21 players appeared in the game for Florida. Florida Head Coach has led the Gator program since its debut match on Sept. 2, 1995 (4-0 home win over Florida State). The Gator program is now 375-98-31 in the program&apos;s 22-year history. Records: Florida Atlantics: 1-1-0, 0-0 C-USA What the Gators Said: On her overall thoughts on today&apos;s win… &quot;The thing that was the best for us was the second half. We wanted to have no looks from them whatsoever, no offensive presence from them. And I think we accomplished that. That&apos;s a real positive for us because it was a goal we set at halftime.&quot; - head coach On pressing being a part of the game plan today… &quot;I&apos;d like to press a little bit more, but it&apos;s tough on Sunday afternoons. This weather is tough. We used quite a few players today, but Sunday&apos;s are tough to press. That might be more of a nighttime activity.&quot; - head coach On Florida&apos;s set pieces today… &quot;I thought FAU did a good job of keeping us out of the net a few times. The keeper came up with some good saves. Some of the posts and crossbars came up with some good saves too. But that&apos;s part of the game. Overall, it was a good opening weekend for us.&quot; – head coach On the upcoming six matches away from home… &quot;It&apos;s a tough travel schedule because we really only have two days of practice. We&apos;ll be off tomorrow, train Tuesday in the morning; we travel Wednesday, which is going to be a tough day. It&apos;s about recovering our bodies from the weekend, getting a couple things ironed out, then playing on Friday.&quot; – head coach On the new-look backline… &quot;We&apos;ve had a lot of people step up and definitely fill that void. Give Claire (Falknor) and Christen (Westphal) a lot of credit. They held it down for a long time. But we&apos;ve definitely had a lot of freshmen and transfers come in and even players that didn&apos;t see that much time last year - they&apos;ve really come in, stepped up at that position and helped us out. We have a lot of options.&quot; – sophomore goalkeeper On the upcoming six-match road trip… &quot;We&apos;re just going to take it one game at a time, day by day. We&apos;re going to focus on those teams, regroup when we come back. But we just really want to take it one game at a time, give each team their respect.&quot; – sophomore goalkeeper On the win, her lone goal, and some of the unfortunate misses she had today… &quot;Hopefully I&apos;m getting it all out this weekend so later in the year we can finish some more. I was a bit unlucky, but it&apos;s great I&apos;m getting those opportunities. My teammates are doing a great job of setting me up. Two wins for the weekend. That&apos;s the biggest thing for us.&quot; – senior forward On whether the team left some goals out there today… &quot;Yeah. We&apos;re creating so many opportunities. My teammates are doing a great job setting me up, setting other teammates up, and I think our chances will come. This is only our second game of the season, we&apos;re getting to know each other, and I think more will come as we continue.&quot; – senior forward On already scoring two goals this year… &quot;There&apos;s really no explanation. I feel like I have a different mindset coming out. Really just doing it for my team, and that&apos;s what I&apos;m thinking about when I go in.&quot; – sophomore forward Preseason Conference Votes: Florida swept the 2015 SEC regular-season titles. Florida Atlantic was third in the 2015 Conference USA standings. Florida – The Gators are picked to win the 2016 Southeastern Conference title. FAU – The Owls are picked to finish third in the C-USA. North Texas is the C-USA preseason pick to win the league. Rankings: Next up: Florida begins a six-match road stretch with a trip to the Golden State. The Gators face preseason No. 5 Stanford on Friday, Aug. 26 at 11 p.m. ET. Then Florida will meet UCLA on Sunday, Aug. 28 at 6 p.m. ET. Both matches will air on the Pac-12 Network. Listen to Adam Schick call of both matches on ESPN Gainesville 850AM/95.3FM or via the FloridaGators.com stream.
</post>
<signature>

</signature>
<external_links>

</external_links>
<country>US</country>
<main_image>http://wac.b63f.edgecastcdn.net/80B63F/images/sidearm.sites/gatorzone.com/images/2016/8/21/MonteagudoMelanieHappyGators_SOC_jb1503_160821.jpg</main_image>
</document>
