<?xml version="1.0" encoding="UTF-8"?>
<document>
<type>mainstream</type>
<forum></forum>
<forum_title></forum_title>
<discussion_title>1937 D Lincoln Wheat Cent Brilliant Uncirculated Penny MS66 NGC RD</discussion_title>
<language>english</language>
<gmt_offset></gmt_offset>
<topic_url>https://www.bittopper.com/item/1937-d-lincoln-wheat-cent-brilliant-uncirculated-penny-ms66/</topic_url>
<topic_text>
Select an image for your listing You are not currently signed in. This post can&apos;t be edited or deleted. Sign in Submit from a website 
</topic_text>
<spam_score>0.00</spam_score>
<post_num>1</post_num>
<post_id>post-1</post_id>
<post_url>https://www.bittopper.com/item/1937-d-lincoln-wheat-cent-brilliant-uncirculated-penny-ms66/</post_url>
<post_date>20160821</post_date>
<post_time></post_time>
<username></username>
<post>
Select an image for your listing You are not currently signed in. This post can&apos;t be edited or deleted. Sign in Submit from a website 
</post>
<signature>

</signature>
<external_links>

</external_links>
<country>US</country>
<main_image>https://www.bittopper.com/c/a4/ff/79/bittopper_a4ff79f307d04ec9c4335f5181a3311a-1937-d-lincoln-wheat-cent-brilliant-uncirculated-penny-ms66.jpg</main_image>
</document>
