<?xml version="1.0" encoding="UTF-8"?>
<document>
<type>mainstream</type>
<forum>http://newsfenster.de/rssfeed.xml</forum>
<forum_title>Presse/News Portal - newsfenster.de - Newsfeed</forum_title>
<discussion_title>Ziele setzten, delegieren &amp; motivieren</discussion_title>
<language>english</language>
<gmt_offset></gmt_offset>
<topic_url>http://newsfenster.de/internet-ecommerce/pm236882-ziele-setzten-delegieren-motivieren.html</topic_url>
<topic_text>
21.08.2016 | Internet &amp; Ecommerce | geschrieben von Herr Achim Schulz¹   Ziele setzten, delegieren &amp; motivieren Unser Seminar schult Sie u.a. in den Bereichen Kommunikationstechniken, Zeitmanagement sowie Zielvereinbarung. &gt; Ziele sicher erreichen und Mitarbeiter erfolgreich einbinden. &gt; Wie führe ich verbindliche Zielvereinbarungsgespräche? &gt; Oft fehlt die nötige Zeit für optimale Führung. Wie können Freiräume im Führungsalltag geschaffen werden? &gt; Wie besiegen Sie Zeitfresser schnell und effektiv? &gt; Gesprächs- und Kommunikationstechniken für erfolgreiche Führung Unsere aktuellen Termine zum Seminar: 17.08.2016 Leipzig &gt; 4 Schritte zum erfolgreichen Zielvereinbarungsgespräch &gt; Richtig delegieren, Zeit gewinnen und Prioritäten setzen &gt; Schluss mit Low-Performance + Führungstool: Die ABC-Analyse - Prioritäten richtig setzen + Führungstool: Richtig Delegieren - testen Sie Ihre Delegationsstärke ! + S&amp;P Checkliste: Identifizieren Sie Ihre Zeitdiebe und Zeitfresser + S&amp;P Test: Mitarbeiterführung Das S&amp;P Unternehmerforum ist zertifiziert nach AZAV, Ö-Cert sowie DIN 9001:2008. Eine Förderung vom europäischen ESF sowie von den regionalen Förderstellen ist möglich. Gerne informieren wir Sie zu den Fördervoraussetzungen. Sie haben Interesse am Seminar? Schreiben Sie uns eine E-Mail oder melden Sie sich direkt mit dem Anmeldeformular per Fax zum Seminar an. Weitere Informationen sowie Ansprechpartner erhalten Sie im Bereich Weiterbildungsförderung. Büro München Tel. +49 89 452 429 70 - 100 E-Mail: service@sp-unternehmerforum.de Diese Pressemitteilung wurde über Connektar publiziert. ¹ Für den Inhalt der Pressemeldung/News ist allein der Verfasser verantwortlich. S&amp;P Unternehmerforum GmbH
</topic_text>
<spam_score>0.00</spam_score>
<post_num>1</post_num>
<post_id>post-1</post_id>
<post_url>http://newsfenster.de/internet-ecommerce/pm236882-ziele-setzten-delegieren-motivieren.html</post_url>
<post_date>20160821</post_date>
<post_time>0730</post_time>
<username></username>
<post>
21.08.2016 | Internet &amp; Ecommerce | geschrieben von Herr Achim Schulz¹   Ziele setzten, delegieren &amp; motivieren Unser Seminar schult Sie u.a. in den Bereichen Kommunikationstechniken, Zeitmanagement sowie Zielvereinbarung. &gt; Ziele sicher erreichen und Mitarbeiter erfolgreich einbinden. &gt; Wie führe ich verbindliche Zielvereinbarungsgespräche? &gt; Oft fehlt die nötige Zeit für optimale Führung. Wie können Freiräume im Führungsalltag geschaffen werden? &gt; Wie besiegen Sie Zeitfresser schnell und effektiv? &gt; Gesprächs- und Kommunikationstechniken für erfolgreiche Führung Unsere aktuellen Termine zum Seminar: 17.08.2016 Leipzig &gt; 4 Schritte zum erfolgreichen Zielvereinbarungsgespräch &gt; Richtig delegieren, Zeit gewinnen und Prioritäten setzen &gt; Schluss mit Low-Performance + Führungstool: Die ABC-Analyse - Prioritäten richtig setzen + Führungstool: Richtig Delegieren - testen Sie Ihre Delegationsstärke ! + S&amp;P Checkliste: Identifizieren Sie Ihre Zeitdiebe und Zeitfresser + S&amp;P Test: Mitarbeiterführung Das S&amp;P Unternehmerforum ist zertifiziert nach AZAV, Ö-Cert sowie DIN 9001:2008. Eine Förderung vom europäischen ESF sowie von den regionalen Förderstellen ist möglich. Gerne informieren wir Sie zu den Fördervoraussetzungen. Sie haben Interesse am Seminar? Schreiben Sie uns eine E-Mail oder melden Sie sich direkt mit dem Anmeldeformular per Fax zum Seminar an. Weitere Informationen sowie Ansprechpartner erhalten Sie im Bereich Weiterbildungsförderung. Büro München Tel. +49 89 452 429 70 - 100 E-Mail: service@sp-unternehmerforum.de Diese Pressemitteilung wurde über Connektar publiziert. ¹ Für den Inhalt der Pressemeldung/News ist allein der Verfasser verantwortlich. S&amp;P Unternehmerforum GmbH
</post>
<signature>

</signature>
<external_links>

</external_links>
<country>DE</country>
<main_image>http://newsfenster.de/style/default/img/fb-logo-mini.gif</main_image>
</document>
