<?xml version="1.0" encoding="UTF-8"?>
<document>
<type>mainstream</type>
<forum>https://public.govdelivery.com/accounts/ORTRIMET/feed.rss?code=ORTRIMET</forum>
<forum_title>TriMet News and Service Alerts</forum_title>
<discussion_title>Service Alert Update: MAX Blue and Green lines - service restored between Lloyd Center and Gateway</discussion_title>
<language>english</language>
<gmt_offset></gmt_offset>
<topic_url>https://content.govdelivery.com/accounts/ORTRIMET/bulletins/15e8295</topic_url>
<topic_text>
Service Alert Update: MAX Blue and Green lines - service restored between Lloyd Center and Gateway   11:21 AM PDT 
MAX Blue and Green Line service restored between Lloyd Center and Gateway. Expect up to 15 minute delays through 12:15 p.m. as regular service returns.
</topic_text>
<spam_score>0.00</spam_score>
<post_num>1</post_num>
<post_id>post-1</post_id>
<post_url>https://content.govdelivery.com/accounts/ORTRIMET/bulletins/15e8295</post_url>
<post_date>20160821</post_date>
<post_time>1821</post_time>
<username></username>
<post>
Service Alert Update: MAX Blue and Green lines - service restored between Lloyd Center and Gateway   11:21 AM PDT 
MAX Blue and Green Line service restored between Lloyd Center and Gateway. Expect up to 15 minute delays through 12:15 p.m. as regular service returns.
</post>
<signature>

</signature>
<external_links>

</external_links>
<country>US</country>
<main_image>https://public.govdelivery.com/assets/transparent-88f14d8977847e3c87b58124930101861b80940fdfef5ef3e42f63fef9b3cb22.gif</main_image>
</document>
