<?xml version="1.0" encoding="UTF-8"?>
<document>
<type>mainstream</type>
<forum>http://www.keski-uusimaa.fi/rss.xml</forum>
<forum_title>Etusivun syöte</forum_title>
<discussion_title>Tie Tokioon ei näytä Rioa paremmalta – &quot;Yritämme ratkaista liian isoa kakkua&quot;</discussion_title>
<language>finnish</language>
<gmt_offset></gmt_offset>
<topic_url>http://www.keski-uusimaa.fi/artikkeli/424996-tie-tokioon-ei-nayta-rioa-paremmalta-yritamme-ratkaista-liian-isoa-kakkua</topic_url>
<topic_text>
Tie Tokioon ei näytä Rioa paremmalta – &quot;Yritämme ratkaista liian isoa kakkua&quot; 
Suomen Olympiakomitean huippu-urheiluyksikön ja olympiajoukkueen johtaja Mika Kojonkoski on myöntänyt, että suomalaisten tulos Riossa oli pettymys. Martti Kainulainen Kojonkoski myöntää, että Suomi paras Pohjoismaa vuonna 2020 on visio, mutta ei realistinen tavoite. 
Rio de Janeiro | Suomella ei ollut virallista mitalitavoitetta Rion kesäkisoihin. Sen sijaan Suomen Olympiakomitean huippu-urheiluyksikössä on rummutettu pitkäjänteisestä työstä, jonka tavoitteena on, että Suomi on paras Pohjoismaa 2020. Siihen on niin valtava matka, että huippu-urheiluyksikön ja Suomen joukkueen johtaja Mika Kojonkoski myöntää, ettei se ole realistista. 
– Se on visio, jolla yritetään näyttää, että suomalaisella urheilulla on yhtenäinen suunta. Nyt kun verrataan Tanskaan, olemme ihan polvillamme mitalien määrässä, mutta talviolympialaisissa ollaan toisin päin. Tässä mitalien valossa se ei näytä realistiselta. 
Tanska saalisti Riosta 14 mitalia, Ruotsi 11 ja Norja neljä. Nyt on paras paikka analysoida, minkä tasoista meidän työ on. 
Isoin syy menestyksen puutteeseen löytyy resursseista. Kojonkosken mukaan resurssit ovat laskeneet huippu-urheilustrategiassa suunnitelluista 21 miljoonasta eurosta kymmeneen miljoonaan neljässä vuodessa. 
– Ne ovat urheilijoita, valmentajia, asiantuntijoita auttavaa rahaa. Jos Ruotsilla on viisi psykologia matkassa, me olemme saaneet ensimmäisen. 
Hän kuvailee Tanskan ja Norjan malleja valtiojohtoisiksi huippu-urheilujärjestelmiksi, joissa resursseja suunnataan valittuihin asioihin. Ruotsissa seuratyö ja urheilulukiot yhdistyvät huippu-urheiluprojekteja tukevaan Suomea varakkaampaan valtioon. Suomessa näyttää olevan aika rajata joko lajeja tai toimenpiteitä. 
– Analyysit tehdään, kun on rauhoituttu (Rion jälkeen). Tällä hetkellä minulla on sellainen tunne, että yritämme ratkaista liian isoa kakkua liian pienillä resursseilla. 
Hän viittaa kakulla urheilijan koko polkuun, niin akatemioihin, nykyisten huippujen tukemiseen kuin lasten urheiluun. Kaikkia vaiheita on pyritty kehittämään. 
– Pitäisikö kaventaa lajeja? Kuitenkin meidän menestyjät tulevat aika yllättävistä suunnista, Kojonkoski pallottelee. 
Tie kohti Tokiota ei näytä yhtään helpommalta. Riossa syntyi pari Suomen ennätystä, muutama henkilökohtainen ennätys ja pari suomalaista epäonnistui pahasti. Totuus on, että monet Suomen urheilijoista suorittivat omalla tasollaan. Realistisia mitalitoivoja oli erittäin vähän. 
– Meidän pitää pystyä saamaan kesälajeissa noin 40 uskottavaa projektia, joissa urheilijat ja valmentajat tuntevat että tehdään oikeasti maailman parasta työtä joka päivä. Silloin voidaan odottaa, että Tokiossa meillä on 20 realistista mahdollista menestyjää. Se voi tarkoittaa, että on enemmän kuin viisi mitalia. Siihen pystyvät meidän kilpailumaat. Meidän nykyisillä resursseilla ei tulla pääsemään siihen, se on ihan selvä asia, Kojonkoski sanoo. 
Kaikki lähtee valmentautumisesta ja valmentamisesta, huippu-urheiluyksikön johtaja korostaa. Silti suora tuki ”uskottaville projekteille” on ollut tähän mennessä pisara meressä. Huippu-urheilun muutospuheiden perusteella urheilijan pitäisi olla nyt keskiöön nostettuna. Riosta ainoan mitalin tuonut Mira Potkonen saa vuodessa 10 000 euron urheilija-apurahan. Hänen valmentajansa Maarit Teuronen käy palkkatyössä ja ottaa palkatonta vapaata päästäkseen mukaan leireille. 
Kojonkoski otti vastuun suomalaisesta huippu-urheilusta Lontoon jälkeen. Hän teki Suomen Olympiakomitean kanssa kesäkuussa jatkosopimuksen, mutta ei kommentoinut Riossa jatkoaan, ei edes sopimuksensa pituutta. 
– En sitä keskustelua aukaise. Rauhoitutaan tämän jälkeen. On tärkeää, että suomalaisen urheilun luottamusmiesjohto katsoo, mikä on parasta suomalaiselle urheilulle. 
Työn pitkäjänteisyydestä ja olympiakisojen välisen matkan merkityksestä huolimatta Kojonkoski myöntää, että nyt on oikea aika arvioinnille. 
– Nyt on paras paikka analysoida, minkä tasoista meidän työ on, miten olemme pystyneet auttamaan valmentautumisen prosesseja. Johtopäätös on, että se ei ole läheskään sen tasoista mitä toiveet ovat. Suomen mitalit 2000-luvulla kesäkisoissa 
2000 Sydney 4 mitalia: kulta Arsi Harju, yleisurheilu, kulta Thomas Johanson ja Jyrki Järvi, purjehdus, hopea Juha Hirvi, ammunta, pronssi Marko Yli-Hannuksela, paini. 
2004 Ateena 2 mitalia: hopea Marko Kemppainen, ammunta, hopea Marko Yli-Hannuksela, paini. 
2008 Peking 4 mitalia: kulta Satu Mäkelä-Nummela, ammunta, hopea Sanna Stén ja Minna Nieminen, soutu, pronssi Henri Häkkinen, ammunta, pronssi Tero Pitkämäki, yleisurheilu. 
2012 Lontoo 3 mitalia: hopea Tuuli Petäjä, purjehdus, hopea Antti Ruuskanen, yleisurheilu, pronssi Silja Lehtinen, Silja Kanerva ja Mikaela Wulff, purjehdus. 
2016 Rio 1 mitali: pronssi Mira Potkonen nyrkkeily.
</topic_text>
<spam_score>0.00</spam_score>
<post_num>1</post_num>
<post_id>post-1</post_id>
<post_url>http://www.keski-uusimaa.fi/artikkeli/424996-tie-tokioon-ei-nayta-rioa-paremmalta-yritamme-ratkaista-liian-isoa-kakkua</post_url>
<post_date>20160821</post_date>
<post_time>1727</post_time>
<username></username>
<post>
Tie Tokioon ei näytä Rioa paremmalta – &quot;Yritämme ratkaista liian isoa kakkua&quot; 
Suomen Olympiakomitean huippu-urheiluyksikön ja olympiajoukkueen johtaja Mika Kojonkoski on myöntänyt, että suomalaisten tulos Riossa oli pettymys. Martti Kainulainen Kojonkoski myöntää, että Suomi paras Pohjoismaa vuonna 2020 on visio, mutta ei realistinen tavoite. 
Rio de Janeiro | Suomella ei ollut virallista mitalitavoitetta Rion kesäkisoihin. Sen sijaan Suomen Olympiakomitean huippu-urheiluyksikössä on rummutettu pitkäjänteisestä työstä, jonka tavoitteena on, että Suomi on paras Pohjoismaa 2020. Siihen on niin valtava matka, että huippu-urheiluyksikön ja Suomen joukkueen johtaja Mika Kojonkoski myöntää, ettei se ole realistista. 
– Se on visio, jolla yritetään näyttää, että suomalaisella urheilulla on yhtenäinen suunta. Nyt kun verrataan Tanskaan, olemme ihan polvillamme mitalien määrässä, mutta talviolympialaisissa ollaan toisin päin. Tässä mitalien valossa se ei näytä realistiselta. 
Tanska saalisti Riosta 14 mitalia, Ruotsi 11 ja Norja neljä. Nyt on paras paikka analysoida, minkä tasoista meidän työ on. 
Isoin syy menestyksen puutteeseen löytyy resursseista. Kojonkosken mukaan resurssit ovat laskeneet huippu-urheilustrategiassa suunnitelluista 21 miljoonasta eurosta kymmeneen miljoonaan neljässä vuodessa. 
– Ne ovat urheilijoita, valmentajia, asiantuntijoita auttavaa rahaa. Jos Ruotsilla on viisi psykologia matkassa, me olemme saaneet ensimmäisen. 
Hän kuvailee Tanskan ja Norjan malleja valtiojohtoisiksi huippu-urheilujärjestelmiksi, joissa resursseja suunnataan valittuihin asioihin. Ruotsissa seuratyö ja urheilulukiot yhdistyvät huippu-urheiluprojekteja tukevaan Suomea varakkaampaan valtioon. Suomessa näyttää olevan aika rajata joko lajeja tai toimenpiteitä. 
– Analyysit tehdään, kun on rauhoituttu (Rion jälkeen). Tällä hetkellä minulla on sellainen tunne, että yritämme ratkaista liian isoa kakkua liian pienillä resursseilla. 
Hän viittaa kakulla urheilijan koko polkuun, niin akatemioihin, nykyisten huippujen tukemiseen kuin lasten urheiluun. Kaikkia vaiheita on pyritty kehittämään. 
– Pitäisikö kaventaa lajeja? Kuitenkin meidän menestyjät tulevat aika yllättävistä suunnista, Kojonkoski pallottelee. 
Tie kohti Tokiota ei näytä yhtään helpommalta. Riossa syntyi pari Suomen ennätystä, muutama henkilökohtainen ennätys ja pari suomalaista epäonnistui pahasti. Totuus on, että monet Suomen urheilijoista suorittivat omalla tasollaan. Realistisia mitalitoivoja oli erittäin vähän. 
– Meidän pitää pystyä saamaan kesälajeissa noin 40 uskottavaa projektia, joissa urheilijat ja valmentajat tuntevat että tehdään oikeasti maailman parasta työtä joka päivä. Silloin voidaan odottaa, että Tokiossa meillä on 20 realistista mahdollista menestyjää. Se voi tarkoittaa, että on enemmän kuin viisi mitalia. Siihen pystyvät meidän kilpailumaat. Meidän nykyisillä resursseilla ei tulla pääsemään siihen, se on ihan selvä asia, Kojonkoski sanoo. 
Kaikki lähtee valmentautumisesta ja valmentamisesta, huippu-urheiluyksikön johtaja korostaa. Silti suora tuki ”uskottaville projekteille” on ollut tähän mennessä pisara meressä. Huippu-urheilun muutospuheiden perusteella urheilijan pitäisi olla nyt keskiöön nostettuna. Riosta ainoan mitalin tuonut Mira Potkonen saa vuodessa 10 000 euron urheilija-apurahan. Hänen valmentajansa Maarit Teuronen käy palkkatyössä ja ottaa palkatonta vapaata päästäkseen mukaan leireille. 
Kojonkoski otti vastuun suomalaisesta huippu-urheilusta Lontoon jälkeen. Hän teki Suomen Olympiakomitean kanssa kesäkuussa jatkosopimuksen, mutta ei kommentoinut Riossa jatkoaan, ei edes sopimuksensa pituutta. 
– En sitä keskustelua aukaise. Rauhoitutaan tämän jälkeen. On tärkeää, että suomalaisen urheilun luottamusmiesjohto katsoo, mikä on parasta suomalaiselle urheilulle. 
Työn pitkäjänteisyydestä ja olympiakisojen välisen matkan merkityksestä huolimatta Kojonkoski myöntää, että nyt on oikea aika arvioinnille. 
– Nyt on paras paikka analysoida, minkä tasoista meidän työ on, miten olemme pystyneet auttamaan valmentautumisen prosesseja. Johtopäätös on, että se ei ole läheskään sen tasoista mitä toiveet ovat. Suomen mitalit 2000-luvulla kesäkisoissa 
2000 Sydney 4 mitalia: kulta Arsi Harju, yleisurheilu, kulta Thomas Johanson ja Jyrki Järvi, purjehdus, hopea Juha Hirvi, ammunta, pronssi Marko Yli-Hannuksela, paini. 
2004 Ateena 2 mitalia: hopea Marko Kemppainen, ammunta, hopea Marko Yli-Hannuksela, paini. 
2008 Peking 4 mitalia: kulta Satu Mäkelä-Nummela, ammunta, hopea Sanna Stén ja Minna Nieminen, soutu, pronssi Henri Häkkinen, ammunta, pronssi Tero Pitkämäki, yleisurheilu. 
2012 Lontoo 3 mitalia: hopea Tuuli Petäjä, purjehdus, hopea Antti Ruuskanen, yleisurheilu, pronssi Silja Lehtinen, Silja Kanerva ja Mikaela Wulff, purjehdus. 
2016 Rio 1 mitali: pronssi Mira Potkonen nyrkkeily.
</post>
<signature>

</signature>
<external_links>

</external_links>
<country>FI</country>
<main_image>http://www.keski-uusimaa.fi/sites/default/files/styles/article/public/neo/files/1098227.jpg?itok=hL74QxS-</main_image>
</document>
