<?xml version="1.0" encoding="UTF-8"?>
<document>
<type>mainstream</type>
<forum></forum>
<forum_title></forum_title>
<discussion_title>Lucas el Flaco será juzgado en los tribunales de Vargas | Últimas Noticias</discussion_title>
<language>spanish</language>
<gmt_offset></gmt_offset>
<topic_url>http://www.ultimasnoticias.com.ve/noticias/sucesos/lucas-flaco-sera-juzgado-los-tribunales-vargas/</topic_url>
<topic_text>
Inicio » Sucesos » Lucas el Flaco será juzgado en los tribunales de Vargas Lucas el Flaco será juzgado en los tribunales de Vargas Cuatro integrantes de la organización fueron detenidos en Caraballeda &quot;Lucas el Flaco&quot; Compartir 
Eligio Rojas.- Carlos Lucambio Moreno (32), alias Lucas el Flaco , será procesado en los tribunales de Vargas por orden de la Sala Penal del Tribunal Supremo de Justicia. 
Fuentes del sistema judicial dijeron que el presidente de la Sala, magistrado Maikel Moreno, ordenó trasladar el expediente de Lucas el Flaco desde Valencia (Car) hasta el Circuito Judicial Penal de Vargas, que preside Jaime Velásquez. En Vargas hay otro expediente relacionado con la captura de otros cuatro integrantes del narcogrupo. Ambas causas serán acumuladas en una sola. 
Lucambio Moreno fue detenido el 6 de agosto en una mansión de la urbanización Safari, en Valencia (Car). La Fiscalía lo señala como cabecilla de una organización dedicada al envío de drogas hacia Europa desde los aeropuertos de Valencia y Caracas. 
Junto con él fueron detenidos su esposa y cinco personas más en allanamientos realizados en Caraballeda (Var). Lucas el Flaco trabajaba en el aeropuerto Simón Bolívar en septiembre de 2013 cuando mandaron 1.328 kilos de cocaína a París en un vuelo de Air France , hecho por lo cual ya fueron condenadas 10 personas, entre ellos, tres guardias nacionales. 
La casota de Carayaca 
Una propiedad del capo fue allanada la semana pasada en Carayaca (Var). En ese procedimiento se presentó José Gregorio Hernández Nerea, subdirector de la Dirección Técnico-Científica de la Fiscalía , quien vive al lado de la quinta allanada. Le pidió a los funcionarios de la Polinacional que le entregaran la orden de allanamiento, situación que originó un altercado entre Hernández Nerea y los polinacionales. 
Al día siguiente, el fiscal que acompañó a los policía en el allanamiento, Carwil Ortas, fue removido y los uniformados imputados. 
Una página del expediente 
El día en que fueron presentados ante el Tribunal 5° de Control de Vargas los 10 polinacionales imputados por supuestamente golpear al subdirector de la Dirección Técnico-Científico del Ministerio Público, el oficial Elio José García Aponte habló en nombre de sus compañeros. Eso ocurrió el jueves en el Palacio de Justicia de Vargas. 
“Hernández Nerea no dejaba de gritar que los policías no podían estar metiéndose en esa casa; a lo que mi persona le ratificó que están cumpliendo una orden de allanamiento; a lo que me respondió que a él no le importaba, que él sabía que esa casa era de un narcotraficante porque él se la había vendido; que ese terreno era de su propiedad”, narró García Aponte según el expediente WP02-P-2016-004253 . Noticias relacionadas 16 agosto, 2016 6:20 am 12,645 Visitas 13 agosto, 2016 2:34 pm 10,303 Visitas 11 agosto, 2016 10:06 pm 9,026 Visitas 10 agosto, 2016 11:25 am 8,387 Visitas 
</topic_text>
<spam_score>0.20</spam_score>
<post_num>1</post_num>
<post_id>post-1</post_id>
<post_url>http://www.ultimasnoticias.com.ve/noticias/sucesos/lucas-flaco-sera-juzgado-los-tribunales-vargas/</post_url>
<post_date>20160821</post_date>
<post_time></post_time>
<username></username>
<post>
Inicio » Sucesos » Lucas el Flaco será juzgado en los tribunales de Vargas Lucas el Flaco será juzgado en los tribunales de Vargas Cuatro integrantes de la organización fueron detenidos en Caraballeda &quot;Lucas el Flaco&quot; Compartir 
Eligio Rojas.- Carlos Lucambio Moreno (32), alias Lucas el Flaco , será procesado en los tribunales de Vargas por orden de la Sala Penal del Tribunal Supremo de Justicia. 
Fuentes del sistema judicial dijeron que el presidente de la Sala, magistrado Maikel Moreno, ordenó trasladar el expediente de Lucas el Flaco desde Valencia (Car) hasta el Circuito Judicial Penal de Vargas, que preside Jaime Velásquez. En Vargas hay otro expediente relacionado con la captura de otros cuatro integrantes del narcogrupo. Ambas causas serán acumuladas en una sola. 
Lucambio Moreno fue detenido el 6 de agosto en una mansión de la urbanización Safari, en Valencia (Car). La Fiscalía lo señala como cabecilla de una organización dedicada al envío de drogas hacia Europa desde los aeropuertos de Valencia y Caracas. 
Junto con él fueron detenidos su esposa y cinco personas más en allanamientos realizados en Caraballeda (Var). Lucas el Flaco trabajaba en el aeropuerto Simón Bolívar en septiembre de 2013 cuando mandaron 1.328 kilos de cocaína a París en un vuelo de Air France , hecho por lo cual ya fueron condenadas 10 personas, entre ellos, tres guardias nacionales. 
La casota de Carayaca 
Una propiedad del capo fue allanada la semana pasada en Carayaca (Var). En ese procedimiento se presentó José Gregorio Hernández Nerea, subdirector de la Dirección Técnico-Científica de la Fiscalía , quien vive al lado de la quinta allanada. Le pidió a los funcionarios de la Polinacional que le entregaran la orden de allanamiento, situación que originó un altercado entre Hernández Nerea y los polinacionales. 
Al día siguiente, el fiscal que acompañó a los policía en el allanamiento, Carwil Ortas, fue removido y los uniformados imputados. 
Una página del expediente 
El día en que fueron presentados ante el Tribunal 5° de Control de Vargas los 10 polinacionales imputados por supuestamente golpear al subdirector de la Dirección Técnico-Científico del Ministerio Público, el oficial Elio José García Aponte habló en nombre de sus compañeros. Eso ocurrió el jueves en el Palacio de Justicia de Vargas. 
“Hernández Nerea no dejaba de gritar que los policías no podían estar metiéndose en esa casa; a lo que mi persona le ratificó que están cumpliendo una orden de allanamiento; a lo que me respondió que a él no le importaba, que él sabía que esa casa era de un narcotraficante porque él se la había vendido; que ese terreno era de su propiedad”, narró García Aponte según el expediente WP02-P-2016-004253 . Noticias relacionadas 16 agosto, 2016 6:20 am 12,645 Visitas 13 agosto, 2016 2:34 pm 10,303 Visitas 11 agosto, 2016 10:06 pm 9,026 Visitas 10 agosto, 2016 11:25 am 8,387 Visitas 
</post>
<signature>

</signature>
<external_links>

</external_links>
<country>VE</country>
<main_image>http://www.ultimasnoticias.com.ve/wp-content/uploads/2016/07/ninos-detenidos.jpg</main_image>
</document>
