<?xml version="1.0" encoding="UTF-8"?>
<document>
<type>mainstream</type>
<forum>http://www.onenewspage.com/rss/latest/Asia-Pacific.rss</forum>
<forum_title>Latest Asia-Pacific News on One News Page</forum_title>
<discussion_title>UCLA edges out USC in the first Associated Press top 25 rankings</discussion_title>
<language>english</language>
<gmt_offset></gmt_offset>
<topic_url>http://www.onenewspage.com/n/Asia-Pacific/759s5xqqk/UCLA-edges-out-USC-in-the-first-Associated.htm</topic_url>
<topic_text>
UCLA edges out USC in the first Associated Press top 25 rankings Sunday, 21 August 2016 ( 29 minutes ago ) Almost every other day, as if on a schedule, an out-of-towner walks into USC’s training camp with variations on the same questions. USC Coach Clay Helton has practiced the answers by rote. No, he says, USC isn’t worried about its punishing slate of games. Yes, he says, the Trojans believe it’s...
</topic_text>
<spam_score>0.00</spam_score>
<post_num>1</post_num>
<post_id>post-1</post_id>
<post_url>http://www.onenewspage.com/n/Asia-Pacific/759s5xqqk/UCLA-edges-out-USC-in-the-first-Associated.htm</post_url>
<post_date>20160821</post_date>
<post_time>2054</post_time>
<username></username>
<post>
UCLA edges out USC in the first Associated Press top 25 rankings Sunday, 21 August 2016 ( 29 minutes ago ) Almost every other day, as if on a schedule, an out-of-towner walks into USC’s training camp with variations on the same questions. USC Coach Clay Helton has practiced the answers by rote. No, he says, USC isn’t worried about its punishing slate of games. Yes, he says, the Trojans believe it’s...
</post>
<signature>

</signature>
<external_links>

</external_links>
<country>US</country>
<main_image>http://cdn.newsserve.net/ONPglobe128.png</main_image>
</document>
