<?xml version="1.0" encoding="UTF-8"?>
<document>
<type>mainstream</type>
<forum>http://www.aa.com.tr/rss/ajansgunceleng.xml</forum>
<forum_title>Anadolu Ajansı Güncel Haberler</forum_title>
<discussion_title>Antalya&apos;da gol sesi çıkmadı</discussion_title>
<language>turkish</language>
<gmt_offset></gmt_offset>
<topic_url>http://aa.com.tr/tr/futbol/antalyada-gol-sesi-cikmadi/632789</topic_url>
<topic_text>
Real Madrid lige galibiyetle başladı &apos;Hiçbir zaman parayı dinimin, kitabımın önüne geçirmedim&apos; Gençlerbirliği sezona 3 puanla başladı Akhisar Belediyespor deplasmanda galip Burak Yılmaz 3. golünü attı 
ANTALYA 
Spor Toto Süper Lig &apos;de 2016-2017 sezonunun ilk haftasında Antalyaspor , sahasında Osmanlıspor ile golsüz berabere kaldı. 
Maçın 21. dakikasında Diego&apos;nun kendi yarı sahasından defansın arkasına gönderdiği uzun pasta, topla buluşan Danilo&apos;nun şutunda meşin yuvarlak kaleci Karcemarskas&apos;ın müdahalesiyle oyun alanına döndü. 
41. dakikada ceza sahasının sağ çaprazından Pinto&apos;nun kullandığı serbest vuruşta, meşin yuvarlak az farkla üstten auta çıktı. 
45+2. dakikada sağ kanattan Yekta&apos;nın yaptığı ortada, topla buluşan Zeki Yıldırım&apos;ın şutunda meşin yuvarlağı kaleci Karcemarskas çizgi üzerinden çıkardı. 
45+5. dakikada Antalyaspor Teknik Direktörü Jose Morais, yaptığı itirazlar nedeniyle hakem Alper Ulusoy tarafından tribüne gönderildi. İkinci yarı 
Maçın 49. dakikasında Webo&apos;nun pasıyla ceza sahası içerisinde topla buluşan Ndiaye&apos;nin şutunda meşin yuvarlak kaleci Ozan Evrim Özenç&apos;in müdahalesiyle Delarge&apos;ın önünde kaldı. Delarge&apos;ın yakın mesafeden vuruşunda, kaleci Ozan Evrim Özenç yatarak topu kornere çelmeyi başardı. 
67. dakikada Charles&apos;ın ceza sahası ön çizgisi önünden şutunda, kaleci Karcemarskas meşin yuvarlağı son anda kornere çeldi. 
73. dakikada sağ kanattan Vrsajevic&apos;in ceza sahasına ortasında, Webo&apos;nun kafa vuruşunda top az farkla yandan auta gitti. 
80. dakikada Rennie&apos;nin ceza sahasının dışından şutunda, meşin yuvarlak kaleci Karcemarskas&apos;ta kaldı. 
88. dakikada ani gelişen Osmanlıspor atağında ceza sahası sol çaprazında topla buluşan Ndiaye, topu ceza sahası çizgisi üzerindeki Diabate&apos;ye çıkardı. Diabate&apos;nin gelişine vuruşunda üst direğe çarpan meşin yuvarlak auta çıktı. 
89. dakikada Emre Güral&apos;ın ceza sahası dışından şutunda, meşin yuvarlak kaleci Karcemarskas&apos;ın müdahalesiyle kornere gitti. 
Müsabaka 0-0 sona erdi. 
Muhabir: Sinan Özmüş
</topic_text>
<spam_score>0.00</spam_score>
<post_num>1</post_num>
<post_id>post-1</post_id>
<post_url>http://aa.com.tr/tr/futbol/antalyada-gol-sesi-cikmadi/632789</post_url>
<post_date>20160821</post_date>
<post_time>1955</post_time>
<username></username>
<post>
Real Madrid lige galibiyetle başladı &apos;Hiçbir zaman parayı dinimin, kitabımın önüne geçirmedim&apos; Gençlerbirliği sezona 3 puanla başladı Akhisar Belediyespor deplasmanda galip Burak Yılmaz 3. golünü attı 
ANTALYA 
Spor Toto Süper Lig &apos;de 2016-2017 sezonunun ilk haftasında Antalyaspor , sahasında Osmanlıspor ile golsüz berabere kaldı. 
Maçın 21. dakikasında Diego&apos;nun kendi yarı sahasından defansın arkasına gönderdiği uzun pasta, topla buluşan Danilo&apos;nun şutunda meşin yuvarlak kaleci Karcemarskas&apos;ın müdahalesiyle oyun alanına döndü. 
41. dakikada ceza sahasının sağ çaprazından Pinto&apos;nun kullandığı serbest vuruşta, meşin yuvarlak az farkla üstten auta çıktı. 
45+2. dakikada sağ kanattan Yekta&apos;nın yaptığı ortada, topla buluşan Zeki Yıldırım&apos;ın şutunda meşin yuvarlağı kaleci Karcemarskas çizgi üzerinden çıkardı. 
45+5. dakikada Antalyaspor Teknik Direktörü Jose Morais, yaptığı itirazlar nedeniyle hakem Alper Ulusoy tarafından tribüne gönderildi. İkinci yarı 
Maçın 49. dakikasında Webo&apos;nun pasıyla ceza sahası içerisinde topla buluşan Ndiaye&apos;nin şutunda meşin yuvarlak kaleci Ozan Evrim Özenç&apos;in müdahalesiyle Delarge&apos;ın önünde kaldı. Delarge&apos;ın yakın mesafeden vuruşunda, kaleci Ozan Evrim Özenç yatarak topu kornere çelmeyi başardı. 
67. dakikada Charles&apos;ın ceza sahası ön çizgisi önünden şutunda, kaleci Karcemarskas meşin yuvarlağı son anda kornere çeldi. 
73. dakikada sağ kanattan Vrsajevic&apos;in ceza sahasına ortasında, Webo&apos;nun kafa vuruşunda top az farkla yandan auta gitti. 
80. dakikada Rennie&apos;nin ceza sahasının dışından şutunda, meşin yuvarlak kaleci Karcemarskas&apos;ta kaldı. 
88. dakikada ani gelişen Osmanlıspor atağında ceza sahası sol çaprazında topla buluşan Ndiaye, topu ceza sahası çizgisi üzerindeki Diabate&apos;ye çıkardı. Diabate&apos;nin gelişine vuruşunda üst direğe çarpan meşin yuvarlak auta çıktı. 
89. dakikada Emre Güral&apos;ın ceza sahası dışından şutunda, meşin yuvarlak kaleci Karcemarskas&apos;ın müdahalesiyle kornere gitti. 
Müsabaka 0-0 sona erdi. 
Muhabir: Sinan Özmüş
</post>
<signature>

</signature>
<external_links>

</external_links>
<country>TR</country>
<main_image>http://aa.com.tr/uploads/Contents/2016/08/21/thumbs_b_c_8f7533cc64a7b754ceda4fb44541f02f.jpg</main_image>
</document>
